title,url,date,imageurl,description,autokwd,company,screenshot,tag,platform
DEATH STRANDING 2: ON THE BEACH,https://store.playstation.com/ko-kr/concept/10001538,2025-06-26,https://image.api.playstation.com/vulcan/ap/rnd/202503/0316/b185e1dc1fd590949ec81e38a0a1269a8285968fa5009c96.png?w=1920,"예약주문하고 다음 콘텐츠를 받으세요:
- 커스텀 홀로그램: 쿼카
- 배틀 스켈레톤: 실버 (Lv.1)(Lv.2)(Lv.3)
- 부스트 스켈레톤: 실버 (Lv.1)(Lv.2)(Lv.3)
- 봇카 스켈레톤: 실버 (Lv.1)(Lv.2)(Lv.3)


에디션은 다음을 포함합니다:
PS5® 버전 DEATH STRANDING 2: ON THE BEACH 제품판

UCA 너머 살아가는 사람들까지 연결하기 위한 감동적인 여정을 시작하세요.

샘은, 동료들과 함께, 인류를 멸종으로부터 구원하기 위한 새로운 여정을 떠납니다.

이들과 함께 이세계적인 적, 장해물, 그리고 불편한 질문이 존재하는 세상을 탐험하세요. 우리는 과연 연결해야 했을까?

한 걸음씩, 전설적인 게임 제작자 코지마 히데오가 다시 한번 세상을 바꿉니다.",DEATH STRANDING 2: ON THE BEACH,Sony Interactive Entertainment Inc.,https://image.api.playstation.com/vulcan/ap/rnd/202503/0316/b185e1dc1fd590949ec81e38a0a1269a8285968fa5009c96.png?w=1920,액션,playstation
Ghost of Yōtei,https://store.playstation.com/ko-kr/concept/10003923,2025-10-02,https://image.api.playstation.com/vulcan/ap/rnd/202504/2116/4c3157e46231c7f549d91c87a391529b0b4c71ecca39bb8a.png?w=1920,"예약주문하고 다음 게임 내 아이템을 획득하세요:
• 아츠 + 요테이 육인방 아바타 세트(7x)
• 게임 내 가면


에디션은 다음을 포함합니다:
• 고스트 오브 요테이

에도 시대의 질서는 잠시 잊으세요.

이전과는 다른 망령이 되어 아름다운 일본 북부의 험준한 지형을 배경으로 새롭고 담대한 이야기를 목격하세요.

이 독립적인 이야기는 비평가들의 찬사를 받은 Ghost of Tsushima의 사건보다 300년이 지난 1600년대를 배경으로, 괴로운 과거를 지닌 고독한 용병 아츠의 여정을 따라갑니다. 복수심에 불타는 그녀는 수년 전 그녀의 가족을 살해한 자들을 찾아 나섭니다.

6인의 무법자를 찾아 에조치를 가로지르는 아츠의 여정은, 그녀를 미지의 땅으로 이끕니다. 아츠는 여정 도중, 여정을 시작했을 때는 생각하지도 못한 위험과 조우하게 됩니다. 그녀가 의외의 동료를 만나고, 단단한 유대를 형성하고, 치유와 구원의 길로 나갈 수 있도록 도와주세요.

- 전투 중 스릴을 느껴보세요. DualSense® 무선 컨트롤러의 햅틱 피드백으로 아츠의 카타나 전투를 손끝으로 생생하게 느껴보세요.
- 궁술과 갈고리의 사용법을 숙달하고, 짜릿한 전투를 경험하고, 다양한 지형을 탐험해 보세요. DualSense 무선 컨트롤러의 적응형 트리거로 이 모든 요소를 더욱 실감할 수 있습니다.
- 빠른 로딩 시간으로 신속하게 일본 북부의 아름다운 풍경 속으로 이동하며 PlayStation®5의 강력한 성능을 느껴보세요.
- 아츠가 눈 덮인 능선, 야생화가 만발한 들판, 울퉁불퉁한 바윗길 등을 여행하는 동안, 놀라운 비주얼로 실현한 풍성하고 생동감 넘치는 환경을 탐험하세요.
- Tempest 3D AudioTech: 3D 공간 오디오로 형성한 특별한 사운드스케이프로 1600년대 일본에 몰입하세요.¹

¹내장 TV 스피커 또는 아날로그/USB 스테레오 헤드폰을 통해 3D 오디오를 지원합니다. 설정이 필요합니다.

한국어 자막은 게임의 원문인 영어를 기반으로 제작되었습니다","Ghost of Yōtei,고스트 오브 요테이",Sony Interactive Entertainment,https://image.api.playstation.com/vulcan/ap/rnd/202504/2116/4c3157e46231c7f549d91c87a391529b0b4c71ecca39bb8a.png?w=1920,액션,playstation
Path of Exile 2 Founder's Pack - Path of Exile 2 Early Access,https://store.playstation.com/ko-kr/concept/10010602,2024-12-06,https://image.api.playstation.com/vulcan/ap/rnd/202505/0523/d77cf9ce78c2fa0b9170a1064e42744c9923a258eb0dde28.jpg?w=1920,"패스 오브 엑자일 2는 2025년 말에 무료 플레이 타이틀로 출시될 예정입니다.
패스 오브 엑자일 2 얼리 액세스 서포터 팩에는 패스 오브 엑자일 2 얼리 액세스 권한과 300 포인트가 포함되어 있습니다.","Path of Exile 2 Founder's Pack - Path of Exile 2 Early Access,패스 오브 엑자일 2 파운더 팩 - 패스 오브 엑자일 2 얼리 액세스",GRINDING GEAR GAMES LIMITED,https://image.api.playstation.com/vulcan/ap/rnd/202505/0523/d77cf9ce78c2fa0b9170a1064e42744c9923a258eb0dde28.jpg?w=1920,액션,playstation
SUPER ROBOT WARS Y,https://store.playstation.com/ko-kr/concept/10007610,2025-08-28,https://image.api.playstation.com/vulcan/ap/rnd/202504/0308/588154abbf2a40fdae9f2915b7a4588902806fc3f9a0abc0.jpg?w=1920,"[예약 특전]
・「사이바스터」, 「뱅 넥스」, 「그란 뱅」을 입수할 수 있는 미션 2종
・특전 미션 「스페셜 스타터 팩」

※내용 및 사양은 예고 없이 일부 변경될 수 있습니다.
※특전은 전부 게임 내 콘텐츠로 반영됩니다.
(일부 특전은 「미션」으로 제공됩니다)
※특전은 추후 별도로 판매될 수 있습니다.
※다운로드 버전 예약 구매 특전은 예약하신 고객에게만 제공됩니다.


※본 상품은 「일반판」입니다. 그 밖에도 「디지털 디럭스 에디션」, 「디지털 얼티밋 에디션」을 별도로 판매 중이므로 중복 구매에 주의하십시오.

눈 앞의 파멸과 몰려오는 재앙―

숙명을 넘어서라, 강철의 수호자!

슈퍼로봇대전은 다양한 애니메이션에 등장한 로봇들이 작품의 장벽을 넘어 한자리에 모여 공통의 적과 싸우는 시뮬레이션 RPG 시리즈입니다.

최신작인 『슈퍼로봇대전 Y』에서는
「SSSS.DYNAZENON」, 「고질라: 싱귤러 포인트」, 「기동전사 건담 수성의 마녀」 시즌 1이 슈퍼로봇대전 시리즈에 첫 등장.
그리고 「극장판 마크로스 Δ 격정의 왈큐레」, 「겟타 로보 아크」가 거치용 시리즈에서는 처음으로 모습을 드러냅니다.
추가로 「용자 라이딘」, 「초전자로보 컴배틀러 V」, 「성전사단바인」 등의 역사 깊은 작품부터
「은하기공대 마제스틱 프린스」, 「코드 기아스 부활의 를르슈」 등 폭넓은 세대의 지지를 받는 작품을 수록하였습니다.

지금까지의 시리즈를 즐겨본 적이 없는 분들도 플레이하실 수 있도록
다양한 참전 작품들이 독자적인 세계관 속에서 크로스오버하는 오리지널 시나리오가 전개됩니다.

거기에 히로인이나 서브 캐릭터처럼 직접 전투에 참가하지 않는 캐릭터도 활약, 성장할 수 있는 「어시스트 링크」 시스템이라는 새로운 요소도 추가하였습니다.

【참전 작품 목록】
용자 라이딘
초전자로보 컴배틀러 V
성전사단바인
성전사단바인 New Story of AURA BATTLER Dunbine
중전기 엘가임
기동전사 Z건담
기동전사 건담 역습의 샤아
M-MSV
기동무투전 G건담
신기동전기 건담 W Endless Waltz
기동전사 건담 SEED DESTINY
기동전사 건담 수성의 마녀 시즌 1
마징카이저 사투! 암흑대장군
겟타 로보 아크
은하기공대 마제스틱 프린스
마크로스 Δ
극장판 마크로스 Δ 격정의 왈큐레
코드 기아스 반역의 를르슈 III -황도-
코드 기아스 부활의 를르슈
고질라: 싱귤러 포인트
SSSS.DYNAZENON

※내용 및 사양은 예고 없이 일부 변경될 수 있습니다.","SUPER ROBOT WARS Y,슈퍼로봇대전 Y",Bandai Namco Entertainment,https://image.api.playstation.com/vulcan/ap/rnd/202504/0308/588154abbf2a40fdae9f2915b7a4588902806fc3f9a0abc0.jpg?w=1920,"롤플레잉 게임, 전략, 시뮬레이션",playstation
SILENT HILL f,https://store.playstation.com/ko-kr/concept/10010242,2025-09-25,https://image.api.playstation.com/vulcan/ap/rnd/202505/0704/0ac946cfb6a43dee36df577f682cac09f8e2364c516a3a2d.png?w=1920,"《예약 구매 특전》
●흰색 교복(※1)
●부적 【모란】(※2)
●아이템 팩(※3)

※1
히나코의 외형을 변경할 수 있는 의상입니다.
게임 내 '사당'의 '갈아입기' 메뉴에서 변경할 수 있습니다.

※2
히나코가 장비할 수 있는 아이템입니다.
게임 내 '사당'의 '특전 받기' 메뉴에서 획득할 수 있습니다.
'특전 받기'는 게임 진행도에 따라 열립니다.

※3
소비 아이템이 3개 포함된 팩입니다. 한 번만 받을 수 있습니다.
게임 내 '사당'의 '특전 받기' 메뉴에서 획득할 수 있습니다.
'특전 받기'는 게임 진행도에 따라 열립니다.
《아이템 팩 내용》
·바싹 마른 유부 x1
·신수 x1
·구급상자 x1

※주의 사항
별도 판매되는 ""SILENT HILL f - Deluxe Upgrade""에는 해당 특전이 포함되지 않으므로 주의해 주세요.


미련. 갈등. 후회. 피할 수 없는 선택. 그리고 자신의 죄.
그것과 마주할 수 없는 자들은 짙은 안개 속 세상을 떠돈다……

무시무시한 심상 풍경이 구현된 세계와 크리처가 특징인
공포와 광기의 사이콜로지컬 호러 'SILENT HILL' 시리즈 최신작.

일본을 무대로 한 새로운 ""사이콜로지컬 호러""가 시작된다.


옛 시절. 한 지방의 산간에 위치한 쓸쓸한 시골 마을 에비스가오카에 사는 고등학생 시미즈 히나코.
그녀의 일상은 흐릿한 잿빛이기는 해도 사춘기다운 평범한 나날이었다.

그러나 그 평범한 일상은 갑작스럽게 무너진다.
익숙했던 마을은 안개에 둘러싸여 오싹하게 변해 간다.
인기척은 사라지고 대신 안개 속에서 기괴한 무언가가 꿈틀거린다.

변모한 마을을 탐색하고 수수께끼를 풀며 몸을 지키기 위해 싸우고 살아남아라.

마주해야만 하는 선택과 마주하기 위해서.
그리고 죽여야만 하는 자를 죽이기 위해서.

그녀가 택한 것은 아름다운 선택인가?
아니면 소름 끼치는 선택인가?

아름답고도 오싹한 선택에 관한 이야기.",SILENT HILL f,KONAMI DIGITAL ENTERTAINMENT,https://image.api.playstation.com/vulcan/ap/rnd/202505/0704/0ac946cfb6a43dee36df577f682cac09f8e2364c516a3a2d.png?w=1920,공포,playstation
Digimon Story Time Stranger,https://store.playstation.com/ko-kr/concept/10011861,2025-10-02,https://image.api.playstation.com/vulcan/ap/rnd/202506/0208/367cf4e4863b7c658ecf0a4217b8779c3d7565b42aba8d09.jpg?w=1920,"【예약 특전】
육성 디지몬과 코스튬, 아이템이 세트로 구성된 예약 특전 팩을 입수할 수 있습니다.

【예약 특전 팩 내용】
・육성 디지몬: 아구몬(흑)＆파피몬(흑)
・코스튬 「어느 학교의 교복」
- 주인공(유우키 단) 의상 「어느 학교의 교복」
- 주인공(유우키 카난) 의상 「어느 학교의 교복」
・모험 아이템 세트
- 소비 아이템 「메디컬 스프레이 DX」 ×３
- 소비 아이템 「멀티 리커버리 DX」 ×３
- 소비 아이템 「풀 리바이브 스프레이」 ×３
- 장비 「어태커 어태치Ⅰ」 ×１
- 장비 「가드너 어태치Ⅰ」 ×１

※조작하는 주인공(유우키 단, 유우키 카난)은 게임 플레이 도중 옵션 버튼으로 언제든지 변경할 수 있습니다.
※변경한 코스튬은 일부 영상에는 반영되지 않습니다.
※내용 및 사양은 예고 없이 변경될 수 있습니다.。
※특전은 추후 유료 또는 무료로 재배포될 수 있습니다.


※본 상품은 「일반판」입니다. 본 상품 외에 「디럭스 에디션」, 「얼티밋 에디션」도 판매 중입니다. 중복 구매에 주의하십시오.

■”시공”과 ”세계”를 넘어, 인간과 디지몬의 유대를 그려가는 이야기
이야기의 무대는 일본 도쿄.
비밀 조직의 에이전트인 주인공은, 미지의 생물 「디지몬」을 만나 수수께끼의 폭발에 말려든다.
그리고 정신을 차려보니 8년 전의 세계에 와있었는데…
본 작품은 「과거와 미래」「인간 세계와 이세계」, 그리고 「인간과 디지몬」이라는 상반된 두 요소가 복잡하게 얽히며 그려지는 유대와 갈등을 다룬 장대한 이야기를 체험할 수 있습니다.

■인간 세계와 오리지널리티가 넘치는 디지털 월드에서 펼쳐지는 모험
인간 세계와, 디지몬이 사는 이세계 「디지털 월드 일리아스」라는 두 세계. 플레이어는 이야기 속에서 이 세계들을 오가며 해당 세계들의 특성을 살린 기믹이나 퀘스트를 체험할 수 있습니다. 디지털 월드는 지금까지의 디지몬 게임에는 없었던 섬세한 표현이 묘사되어 있으며, 다양한 개성의 필드가 여럿 등장합니다.

■450마리 이상의 디지몬을 수집, 육성하고 전략적으로 편성하여 진행하는 턴제 배틀
디지몬은 플레이어와 대등한 동료입니다. 고난에 맞서는 과정에서 당신과 디지몬의 유대가 시험 받게 됩니다.
모험을 통해 디지몬을 동료로 만들고, 진화, 퇴화, 커스터마이즈를 거치며 자신만의 디지몬을 키워 나갑시다. 시리즈에 친숙한 디지몬부터 게임에 처음 등장하는 디지몬까지, 다양한 디지몬과의 만남을 즐겨주세요.","Digimon Story Time Stranger,디지몬 스토리 타임 스트레인저",Bandai Namco Entertainment,https://image.api.playstation.com/vulcan/ap/rnd/202506/0208/367cf4e4863b7c658ecf0a4217b8779c3d7565b42aba8d09.jpg?w=1920,롤플레잉 게임,playstation
METAL GEAR SOLID Δ: SNAKE EATER,https://store.playstation.com/ko-kr/concept/10007293,2025-08-28,https://image.api.playstation.com/vulcan/ap/rnd/202406/0513/40644e8efe1a34b361adcd5d22283444e0ee12fcf9783479.png?w=1920,"【예약 특전】
・UNIFORM : 흰색 턱시도
※ 본 특전은 별도로 입수할 수 있습니다.


원작의 핵심은 그대로, 몰입 체험이 진화를 이룬다.
2004년 발매된 ""METAL GEAR SOLID 3: SNAKE EATER""를 원작으로 한 리메이크 작품.
원작의 스토리와 세계관은 그대로 유지되었으며, 최신 그래픽과 입체적인 사운드 표현으로 정글에서 펼쳐지는 궁극의 서바이벌 스텔스 액션을 즐길 수 있다.

오리지널 매력 그대로 진화
스토리, 캐릭터, 보이스, 게임 플레이, 음악 등 원작이 가진 매력은 그대로, 최신 하드웨어에 맞춘 진화를 이룬 리메이크 작품. 세계 구석구석을 다시 만들어 모든 컷 장면에 새로운 생명이 불어넣어졌다.

철저한 현실 추구
전투 피해 묘사가 진화하면서 옷의 찢김, 멍, 탄흔이 실시간으로 Snake의 몸에 표현된다. 옷은 갈아입어 변경을 할 수 있지만, 몸에 난 상처는 계속 남게 된다. 플레이어 개개인의 게임 플레이에 따라 Snake의 모습이 다양하게 변한다.

압도적인 몰입감과 현장감
당시와 같은 플레이 감각으로 즐길 수 있는 오리지널 조작 방법과 더불어 새로운 게임에 익숙해진 세대를 위한 플레이 스타일도 채용. 심플하고 이해하기 쉬운 조작성으로 플레이에 대한 집중력을 높여 극한 환경에서의 짜릿한 서바이벌 체험을 즐길 수 있으며, 당시와 같은 플레이 감각으로 즐길 수 있는 플레이 스타일도 선택이 가능.


【추가 컨텐츠】
※추가 컨텐츠는 인터넷에 접속해 소프트를 업데이트하면 플레이하실 수 있습니다. 각 콘텐츠의 배포 시기에 대해서는 정해지는 대로 안내해 드리겠습니다.

・SNAKE VS MONKEY
이 모드에서는 Snake 역할을 하며, 각 단계에서 도망치는 탈출한 유인원들을 모두 모으자!

・FOX HUNT
게임 본편과 공통의 세계관으로 전개하는 완전 오리지널 온라인 대전 모드입니다. 스텔스 요소나 서바이벌 요소등을 구사한 """"숨바꼭질""""에 가까운 전술을 즐기실 수 있습니다.

・Secret Theater
적병이 숨겨둔 8mm 필름을 입수함으로써 해금되는 즐거움 영상입니다. 오리지널 영상 외에도 신작 영상도 수록되어 있습니다.

And more…


※본 제품 외에도 「Digital Deluxe Edition」이 따로 있습니다. 중복 구매에 주의하시기 바랍니다.",METAL GEAR SOLID Δ: SNAKE EATER,KONAMI DIGITAL ENTERTAINMENT,https://image.api.playstation.com/vulcan/ap/rnd/202406/0513/40644e8efe1a34b361adcd5d22283444e0ee12fcf9783479.png?w=1920,액션,playstation
Gears of War: Reloaded,https://store.playstation.com/ko-kr/concept/10008829,2025-08-27,https://image.api.playstation.com/vulcan/ap/rnd/202504/2818/0171e27b9115928a9f9276f00f7c65a0ba5a23e70b6f34d2.png?w=1920,"지금 예약 구매하고 독점 멀티 플레이 베타 이용권은 물론 멀티 플레이에서 사용할 수 있는 아담 피닉스와 앤야 스트라우드 캐릭터 스킨까지 받으세요.

*예약 구매 특가: 2025년 8월 26일 오후 10시 이전에 예약 구매가 이루어져야 합니다. 독점 멀티 플레이 베타 이용권은 디지털 에디션 예약 구매 시에만 제공됩니다.


PLAYSTATION에 최적화

PS5®: 헵틱 진동, 컨트롤러 스피커 지원, 적응형 트리거를 지원하는 DualSense® 무선 컨트롤러 통합과 같은 PlayStation® 5 플랫폼에서만 이용 가능한 기능을 경험해 보세요.

PS5® 프로 향상: PlayStation Super Spectral Resolution 지원은 물론 향상된 그림자와 반사 품질을 즐겨 보세요.

놀라운 게임 플레이: 상징적인 원작이 그 어느 때보다 멋진 비주얼과 재미를 갖추고 로드 시간 제로, 4K 애셋, 리마스터링된 텍스처와 조명, 그림자 및 반사, HDR, Dolby Atmos, 변경 가능한 주사율에 최대 120FPS의 멀티 플레이 성능을 더해 돌아왔습니다.*

최고의 릴리스

리마스터링된 원작: 언리얼 엔진으로 구동되는 Gears of War: Reloaded는 블록버스터 대작이었던 Gears of War 원작의 리마스터링 버전으로, 최신 세대의 게이밍 플랫폼에 맞춰 완전 최적화되었습니다.

전부 포함된 구성: Gears of War: Reloaded는 보너스 캠페인 액트, 멀티 플레이 맵, 캐릭터와 꾸미기 등 모든 원작 타이틀 출시 후 콘텐츠를 추가 비용 없이 전부 제공합니다.

섬세한 컨트롤: 입문자인 경우 현대적이고 원활한 컨트롤 레이아웃을, 숙련자인 경우 좋아하는 클래식한 느낌을 살린 레이아웃을 선택하실 수 있습니다.

멀티 플레이 최적화

캠페인 협동: 캠페인 화면 분할이나 온라인 협동을 통해 함께 로커스트의 위협을 분쇄하세요. 타의 추종을 불허하는 선명함과 시각적 충실도를 자랑하는 최대 120fps 성능으로 멀티 플레이 대결 모드에서 분대와 함께 싸우세요.*

크로스 플레이: Gears of War: Reloaded는 모든 플랫폼에서 크로스 플레이를 지원하여 어떤 플랫폼에서 플레이하든 친구들과 분대를 편성할 수 있습니다.*

교차 진행: 플랫폼을 변경하더라도 캠페인이 저장되며 멀티 플레이 진행도도 저장됩니다. 교차 진행을 위해서는 Microsoft 계정 로그인이 필요합니다.*",Gears of War: Reloaded,Microsoft Corporation,https://image.api.playstation.com/vulcan/ap/rnd/202504/2818/0171e27b9115928a9f9276f00f7c65a0ba5a23e70b6f34d2.png?w=1920,슈팅,playstation
WUCHANG: Fallen Feathers,https://store.playstation.com/ko-kr/concept/10005853,2025-07-24,https://image.api.playstation.com/vulcan/ap/rnd/202503/2515/07e4e686e7c5ef400a23d66e3896be80011cd132491a6e70.jpg?w=1920,"명말: 공허의 깃털을 사전 주문하고 백야 팩을 획득하세요.

명말: 공허의 깃털 사전 주문 꾸러미 구성:
- 야행무상 강화 의상 세트*
- 백의무상 강화 의상 세트*
- 건곤구전(도끼)
- 빛나는 적수은 스킬 업그레이드 아이템 (중)

*각 강화 의상 세트에는 5개의 의상 부위가 포함됩니다.
**일부 품목은 추후 별도 판매됩니다.


명말: 공허의 깃털은 파벌 분쟁과 괴생명체를 만들어 내는 수수께끼의 질병으로 고통받는 명나라 말기 어둡고 격동하는 시기의 촉 지방을 배경으로 하는 소울라이크 액션 RPG입니다.

기억을 잃은 노련한 해적 전사 무상이 되어 끔찍한 우화 병에 시달리면서도 수수께끼의 불확실한 과거를 헤쳐 나가야 합니다. 촉 지방 깊은 곳을 탐험하여 무기를 강화하고 쓰러진 적으로부터 얻은 새로운 스킬을 연마하세요. 희귀한 적수은을 사용해 전투 스타일을 진화시키고, 흥미진진한 여정에서 획득한 새로운 기술을 발전시켜 보세요. 강력한 마법 부여로 자신이 다루는 무기를 강화하면 개인 스타일에 적합한 고유한 전투 및 전략 접근법을 체험할 수 있습니다.

기괴한 흉물들과 전투하고, 고대 설화를 이용해 남은 인류를 위협하는 다가오는 어둠에 도전하세요. 진실을 찾는 모험은 여러분을 잊힌 신전, 잡초가 무성한 폐허, 위험이 가득한 길로 이끌 것입니다. 무상의 잃어버린 기억을 하나씩 되찾으면서 내리는 선택을 통해 여러 엔딩 중 하나를 맞이하게 됩니다. 각 엔딩은 여러분이 내린 선택, 찾아낸 비밀, 신뢰하기로 한 아군에 따라 결정됩니다.

혼돈과 죽음에 덮인 땅에서의 잊을 수 없는 모험을 선사하는 풍부한 스토리라인과 역동적인 전투 시스템, 놀라운 비주얼에 몰입해 보세요. 이 땅의 운명은 여러분의 손에 달렸습니다.","WUCHANG: Fallen Feathers,명말: 공허의 깃털","Justdan International Co., Ltd.",https://image.api.playstation.com/vulcan/ap/rnd/202503/2515/07e4e686e7c5ef400a23d66e3896be80011cd132491a6e70.jpg?w=1920,액션,playstation
Daemon X Machina: Titanic Scion,https://store.playstation.com/ko-kr/concept/10011097,2025-09-05,https://image.api.playstation.com/vulcan/ap/rnd/202504/0921/6bfe40b6e1b4abbf3d45ce11fa581f66930829455106d73b.png?w=1920,"지금 바로 예약 주문하면 아래의 디지털 콘텐츠를 받으실 수 있습니다.

・노바 전용 아스널(외장 변경) '바하무트'
・제로 슈트(아우터 슈트)
・특별 장비 지크 그란츠


다양한 장비를 조합하여 만들어낸 아스널을 장착하고, 총성과 포효로 가득한 전장 속에 몸을 던지는 메카닉 액션 게임입니다.
자신만의 스타일로 자유롭게 커스터마이징한 기체를 타고, 지상과 공중을 넘나들며 펼쳐지는 필드를 누비도록 완전한 해방감. 거기에 더해, 다양한 병기를 구사하여 적을 격파하는 상쾌감까지 즐길 수 있습니다.
다른 플레이어와 함께 스토리나 보스 배틀 등 다채로운 협력 플레이를 즐길 수 있는 온라인 모드도 지원합니다.
전작을 플레이했던 유저도, 이번 작품부터 시작하는 유저도 자신의 스타일로 즐길 수 있습니다.

◆이모탈이 지배하는 필드를 자유롭게 누벼라
끊임없이 펼쳐진 필드에는 다양한 오더와 몰려오는 이모탈의 위협이 당신을 기다리고 있다.오더의 달성, 필드의 탐색, 장비 수집 등 무엇을 할 것인지는 당신의 손에 달렸다.
아스널을 장착하고 자유롭게 필드를 누비자.


◆다양한 병기과 입체적인 액션이 만들어내는 상쾌감 넘치는 배틀
블레이드와 같은 근접 장비로 기동성을 살려 공격하거나, 미사일이나 레일건 등의 중화기로 정면 돌파, 때로는 쓰러뜨린 적의 장비를 실시간으로 장착하여 싸우는 등 전투 방식이 다양하다.
다양한 병기를 구사하여 종횡무진으로 적들을 구축하러 가는 아머 슈트만의 상쾌감도 즐길 수 있다.


◆300종류 이상의 장비로 구현하는 나만의 아스널
외부 장갑 [아스널]은 아머의 조합에 따라 기동력이나 방어력 등 기체 성능이 달라진다.
5개의 아머 부위와 최대 6개의 무장, 그리고 특수 효과를 부여하는 어태치먼트를 조합하여 자신만의 배틀 스타일에 맞는 기체를 만들 수 있다.

※본 상품이 포함된 다른 에디션도 있습니다. 상품을 중복으로 구입하지 않도록 주의하세요.
※자세한 내용은 공식 사이트를 확인해 주세요.

【예약 구입 특전】
노바 전용 아스널(외장 변경) '바하무트'
제로 슈트(아우터 슈트)
특별 장비 지크 그란츠

※2025년 9월 4일까지 예약 구입 시 받을 수 있습니다.
※디자인, 구성, 사양은 예고 없이 변경될 수 있습니다. 양해 부탁드립니다.
※ 추후 유료로 배포될 수 있습니다.
※이 특전은 게임을 진행하면 사용할 수 있게 됩니다.

【구입 특전】
・특별 장비 배리어블 브레스
・특전 어태치먼트 세트 1
・특전 아이템 세트

※디자인, 구성, 사양은 예고 없이 변경될 수 있습니다. 양해 부탁드립니다.
※추후 유료 혹은 무료로 배포될 수 있습니다.
※이 특전은 게임을 진행하면 사용할 수 있게 됩니다.","Daemon X Machina: Titanic Scion,DAEMON X MACHINA TITANIC SCION",MARVELOUS,https://image.api.playstation.com/vulcan/ap/rnd/202504/0921/6bfe40b6e1b4abbf3d45ce11fa581f66930829455106d73b.png?w=1920,액션,playstation
Sonic Racing: CrossWorlds,https://store.playstation.com/ko-kr/concept/10005570,2025-09-25,https://image.api.playstation.com/vulcan/ap/rnd/202502/2420/bccdbba86a2531b06bae4608e0a5fb1812e210e5818beb29.jpg?w=1920,"예약 특전으로 레이서 '웨어혹', 머신 'Beast Spike', 스티커 '웨어혹 스티커'가 세트로 구성된 '웨어혹 팩' 증정.


PS4® 다운로드판과 PS5® 다운로드판을 모두 다운로드할 수 있는 타이틀입니다.

무한한 세계가 교차하는 차원을 뛰어넘는 레이스 배틀이 시작된다!
소닉이 활약하는 세계와 수많은 작품이 트래블 링으로 연결되어
탄생한 멀티버스.
그곳에는 새로운 모험과 예측불가능한 레이스, 그리고 뜨거운 경쟁이 기다린다.

▼전 세계 플레이어와의 대전 및 협력!
오프라인은 물론, 온라인으로 전 세계 플레이어와 플랫폼의 벽을 넘어 배틀을 펼치자! '월드 매치'에서는 최대 12명과 대전 가능! 팀을 짜서 특수한 룰로 즐기는 '친구 매치', 전 세계의 플레이어와 클리어 타임을 겨루는 '타임 트라이얼' 등도 탑재. 다양한 모드에서 승리를 거머쥐어라!

▼나만의 머신을 제작하자!
레이스의 운명을 크게 좌우하는 신규 시스템 '가젯' 등장! 가젯을 장착하면 레이스 중에 특수한 능력을 발휘할 수 있으며 플레이 스타일, 공략 루트, 전략이 크게 변화한다. 70종 이상의 가젯을 조합하여 독자적인 전략을 세워 보자. 여기에 머신 또한 앞뒤 파츠부터 컬러와 스티커, 텍스처까지 자유롭게 커스텀 가능!

▼한 바퀴 돌 때마다 변화하는 예측 불능의 레이스 체험!
2nd Lap에서는 트래블 링을 통해 이세계로 뛰어들자! 24개의 메인 코스와 15개의 크로스월드가 기다리고 있다.

▼시리즈 사상 최다 캐릭터 등장!
소닉 시리즈에서 23명의 캐릭터가 레이서로 참전! 좋아하는 캐릭터로 레이스를 즐기자.

▼전략의 핵심이 되는 '아이템'도 다수 등장!
거대화하는 머신, 라이벌을 깔아 뭉개며 달리는 '몬스터 트럭' 등 다양한 아이템이 등장!

※본 상품이 포함된 세트 상품도 존재합니다. 중복 구입에 주의해 주십시오.
※이미 본 타이틀의 PS5® 다운로드판을 가지고 계신 경우에는 추가 요금 없이 PS4® 다운로드판을 다운로드하실 수 있습니다. 본 제품을 따로 구매하실 필요는 없습니다. 이미 본 타이틀의 PS4®판을 가지고 계신 경우에는 추가 요금 없이 PS5® 다운로드판을 다운로드하실 수 있습니다.","Sonic Racing: CrossWorlds,소닉 레이싱 크로스월드",SEGA CORPORATION,https://image.api.playstation.com/vulcan/ap/rnd/202502/2420/bccdbba86a2531b06bae4608e0a5fb1812e210e5818beb29.jpg?w=1920,드라이빙/레이싱,playstation
EA SPORTS College Football 26 Deluxe Edition,https://store.playstation.com/ko-kr/concept/10012463,2025-07-08,https://image.api.playstation.com/vulcan/ap/rnd/202505/2015/b3c3be36ebdf7c938a1cbd7b397c9928aa15a0ec32e409d5.png?w=1920,"6월 19일까지 EA SPORTS™ College Football 26 Deluxe Edition을 예약 구매*하고 College Ultimate Team™ Top Prospect 팩(선수 아이템 1개 선택)과 추가 콘텐츠를 받으세요:

- 3일 얼리 액세스
- 4,600 College Ultimate Team 포인트
- 얼리 액세스 솔로 챌린지
- College Ultimate Team All Hands 팩 (아이템 2개 중 1개 선택)
- Dynasty Coach 포인트
- Road to Glory 스킬 포인트


EA SPORTS™ College Football 26에서 영광의 순간을 함께하며 대학 미식 축구의 세계를 경험하세요. 고교 선수부터 Heisman 선수, 코치 등 어떤 길을 선택하든 나만의 전설을 만들 수 있습니다.

진정한 대학 미식 축구 게임플레이
136개의 FBS 학교에서 300명 이상의 실제 코치, 2,700개의 새로운 플레이, 업그레이드된 능력을 갖춘 10,000명의 대학 선수로 나만의 색깔을 표현하세요. 새로운 공격 및 수비 메커니즘으로 플레이 스타일을 연마하여 자신의 팀이 최강임을 증명하세요.

300명 이상의 실제 코치
Dan Lanning과 함께 경기를 준비하거나 Kirby Smart를 상대로 경쟁하세요. James Franklin과 함께 하거나 그를 상대로 경쟁하며 선수들을 스카우트하세요. 독특한 플레이 스타일을 가진 현직 코치들과 대결하세요. 현실의 코치들처럼 자신만의 독창적인 플레이북으로 전략을 세우며 더욱 사실적인 코칭 경험을 즐기세요.

다이너스티
엘리트 스태프를 모으고, 현대적인 리크루팅의 세계를 탐색하고, 능력을 업그레이드하고, 모든 역량을 필드에 쏟아부으세요. 코치님, 당신의 다이너스티를 역사에 새길 기회입니다!

영광으로 가는 길
고등학교의 유망주에서 Heisman 트로피를 들어올리는 전설급 선수까지 대학생 운동선수의 삶을 경험해 보세요. 하이라이트 영상을 만들어 꿈꾸는 대학에서 영입 제안을 받으세요. 클래스 랭킹을 올려 다른 신입생보다 먼저 장학금을 확보하세요. 경기장 안팎에서 커리어를 좌우할 중요한 결정을 내리고, 코치의 신뢰를 얻어 NFL 드래프트에 진출할 수 있는 길을 개척하세요.

날마다 토요일
Happy Valley의 강렬한 화이트 아웃 경기부터 Tuscaloosa의 새로운 크림슨 라이트 쇼까지 대학 미식 축구의 짜릿한 볼거리와 사운드를 경험하세요. 새로운 상황, 경기장 특유의 음악, 응원가, 해설로 게임 데이의 짜릿함이 그 어느 때보다 생생하게 살아납니다.",EA SPORTS College Football 26 Deluxe Edition,Electronic Arts Inc.,https://image.api.playstation.com/vulcan/ap/rnd/202505/2015/b3c3be36ebdf7c938a1cbd7b397c9928aa15a0ec32e409d5.png?w=1920,스포츠,playstation
Mafia: The Old Country,https://store.playstation.com/ko-kr/concept/10007134,2025-08-08,https://image.api.playstation.com/vulcan/ap/rnd/202504/2416/a625fb3c2a502faa490d2ab220fdbdd41f33a77dc41d328c.jpg?w=1920,"마피아: 올드 컨트리 스탠다드 에디션 또는 디럭스 에디션을 예약 구매하여 특징적인 코스메틱과 유용한 부적, 그리고 디지털 보너스 자료를 제공하는 솔다토 팩을 받으세요.*

*마피아: 올드 컨트리 스탠다드 에디션과 디럭스 에디션의 예약 구매 혜택은 출시 시까지 이용 가능합니다. 보너스 콘텐츠를 사용하려면 인터넷 연결이 필요합니다. 디지털 예약 구매의 경우 게임 출시 시 게임 속에서 아이템이 자동으로 제공됩니다. 실물 게임 예약 구매의 경우 게임 속에서 사용할 수 있는 박스에 동봉된 코드를 통해 아이템이 제공됩니다. 약관이 적용됩니다.


1900년대 시칠리아의 잔혹한 지하 세계를 배경으로 살아가는 근성으로 똘똘 뭉친 마피아 이야기, 마피아: 올드 컨트리에서 조직범죄의 탄생 비화를 알아보세요. 위험하고 무자비한 시대를 배경으로 펼쳐지는 3인칭 몰입형 액션 어드벤처에서 엔조 파바라로서 살아남기 위해 싸우고 가족에게 나의 가치를 증명하세요.

엔조는 더 나은 삶을 얻기 위해서라면 무엇이든 할 준비가 되어 있습니다. 강제 노역을 해야 했던 잔혹한 어린 시절을 거쳐 이제 그는 토리시 범죄 조직의 '명예를 아는 사람'이 되는 데 모든 것을 걸었습니다.

마피아에 대한 그의 맹세와 여기에 동반되는 모든 힘과 유혹, 역경은 단 한 가지 명명백백한 진실을 가리킵니다.

가족은 서로를 위해 희생한다.

이 스릴 넘치는 이야기는 비평가들의 극찬을 받은 마피아 시리즈 특유의 아름다운 비주얼과 영화같은 스토리텔링, 실감 나는 현실주의를 통해 구현됩니다. 엔조의 이야기는 스틸레토 나이프를 다루는 기술이 치명적인 자산으로 여겨지고, 총신을 잘라낸 루파라식 샷건이 주 총기로 활약하며, 피가 낭자한 복수가 수십 년간 이어지는, 마피아 조직원이 보호비를 걷기 위해 직접 걸어다니거나, 말이나 초창기의 자동차를 타고 다녔던 시절을 배경으로 펼쳐집니다.","Mafia: The Old Country,마피아: 올드 컨트리",Take-Two,https://image.api.playstation.com/vulcan/ap/rnd/202504/2416/a625fb3c2a502faa490d2ab220fdbdd41f33a77dc41d328c.jpg?w=1920,"액션, 어드벤처",playstation
Dying Light: The Beast,https://store.playstation.com/ko-kr/concept/10011468,2025-08-22,https://image.api.playstation.com/vulcan/ap/rnd/202412/1302/1ebd2068e5f31308682c1fc6c953d49e5f05871b5980ccf1.png?w=1920,"지금 스탠다드 에디션을 사전 예약하고 특전 아이템을 받아보세요:
– 궁극의 생존자 복장
– 하란 전투 나이프(+ 업그레이드 가능한 설계도)
– 추종자 석궁(+ 업그레이드 가능한 설계도)
– 제이드를 추모하는 권총(+ 업그레이드 가능한 설계도)
– 캐스터 우즈 순찰대


중요: Dying Light 2 Stay Human의 얼티밋 에디션을 구매한 분에게는 추가 금액 없이 Dying Light: The Beast를 제공합니다.

당신은 카일 크레인입니다. 바론에게 붙잡힌 뒤 수년간 고통스러운 실험을 견뎠던 당신은 탈출했습니다. 하지만 상처는 남아 있습니다. 인간과 좀비의 DNA를 모두 보유한 당신은 인류의 경계에 남아 내면의 야수를 다스리고 이에 수반되는 갈등을 해결하기 위해 고군분투합니다. 하지만 당신에게 이런 짓을 한 자에게 복수하기 위해 이겨 내야 합니다. 오픈 월드와 액션 생존 호러를 독특하게 조합한 Dying Light: The Beast는 아름다우면서도 위험한 캐스터 우즈의 계곡이 배경으로, 이제는 관광객보다 좀비들이 들끓는 곳입니다. 당신을 붙잡아 두고 있던 자를 쓰러뜨리려면 아슬아슬한 동맹을 유지하고 주어진 전투와 이동 방법을 총동원해야 할 것입니다. 하지만 조심하세요. 이곳에선 매 순간이 생존을 위한 싸움입니다. 특히 해가 지고 밤이 되면 진정한 공포가 고개를 들며 긴장감이 높아집니다!

야수의 본능, 인간의 의지
생존자와 야수의 DNA를 동시에 지닌 특별한 영웅, 카일 크레인이 되어 보세요! 두 가지 플레이 스타일을 오가며 인간과 야수 사이에서의 치열한 내적 갈등을 경험하고, 마침내 막을 수 없는 궁극의 힘을 온전히 받아들이세요.

원초적 잔혹함
다잉 라이트(Dying Light) 속 전투를 통해 원초적 야만성을 극한까지 끌어올리세요. 적을 잔혹하게 해치우며 끊임없이 진화하는 분노로부터 자라나는 야수의 힘을 통제하고, 영웅으로 살아남기 위해 분투하세요.

정복의 낮, 저항의 밤
다잉 라이트(Dying Light) 시리즈의 시그니처 시스템, 낮과 밤이라는 완전히 다른 환경은 하나의 잊을 수 없는 세계를 만들어냅니다. 낮에는 자원을 모으며 끊임없이 흘러가는 시간을 의식하고, 공포의 밤이 다가오면 세 가지 선택지 중 하나를 선택해야 합니다 - 도망치거나, 숨거나...목숨을 걸고 싸우세요.

끝없이 오르고, 끝없이 질주하라
최고 수준 1인칭 파쿠르의 짜릿함을 온몸으로 느끼며 지붕 위를 뛰어넘고, 어떠한 장애물도 거침없이 오르세요. 누구나 할 수 있지만 완벽히 마스터한 생존자들 만이 진정한 자유를 맛볼 수 있습니다. 또, 오프로드 차량을 몰고 좀비 무리를 뚫고 나아가며 오픈월드 속 한순간의 해방감을 만끽하세요.

매혹적인 좀비 아포칼립스
놀랄 만큼 정교한 차세대 비주얼은 좀비 아포칼립스를 생동감 있게 구현하며 당신에게 아포칼립스 속 생존 스토리를 들려줍니다. 스위스 알프스를 연상시키는 캐스터 우즈의 웅장한 계곡에서 다양한 생태계 - 관광 도시, 산업 지역, 국립공원, 농장, 습지 등을 탐험하며 아름다움과 몰락이 공존하는 세계를 경험하세요.

함께 하는 모험
최대 4인과 협동해 다가오는 위험에 맞서고 전투와 발견, 예측할 수 없는 스토리의 전개까지 다 함께 마주하세요. 진행 상황을 공유하며 끝없이 몰려오는 적들과 싸우고, 자원을 수집하고, 죽음의 문턱에서 서로를 구해내며 생존의 희망을 키우세요.",Dying Light: The Beast,"Digital Touch Co., Ltd.",https://image.api.playstation.com/vulcan/ap/rnd/202412/1302/1ebd2068e5f31308682c1fc6c953d49e5f05871b5980ccf1.png?w=1920,액션,playstation
Demon Slayer -Kimetsu no Yaiba- The Hinokami Chronicles 2,https://store.playstation.com/ko-kr/concept/10008540,2025-08-01,https://image.api.playstation.com/vulcan/ap/rnd/202504/1707/5f6b6eb996cb6bfcf3e5530584116ce498a06b0938815df4.jpg?w=1920,"【예약 특전】
플레이어블 캐릭터 조기 해방권 '토키토 무이치로', '칸로지 미츠리'

※'예약 특전'은 발매 전날까지 예약하면 획득할 수 있습니다.


PS4® 다운로드판과 PS5® 다운로드판 모두 다운로드 가능한 타이틀입니다.
※본 제품은 '일반판'입니다. 본 제품 외에 '디럭스 에디션'도 있으므로
제품 내용 및 특전을 확인 후 구매하십시오.

◆내용 설명
""인연""의 칼날로 악귀를 멸하라!
카마도 탄지로의 전투가 가정용 게임으로 다시 막을 올린다―――

【솔로 플레이 모드 -히노카미 혈풍담-: 애니메이션 '귀멸의 칼날' 세 편의 이야기를 체험!】
카마도 탄지로가 걸어온 이야기를 게임으로 체험하자.
TV 애니메이션 '귀멸의 칼날' 에서 '환락의 거리편', '도공 마을편', '합동 강화 훈련편' 의 에피소드를 수록!
탄지로와 동료들의 앞을 가로막는 상현 혈귀들에 맞서 함께 싸우자!

【버서스 모드 -대전-: 주, 집결】
귀살대 최고 계급인 검사 '주' 9명을 포함해 40명 이상의 캐릭터가 참전!
전작에 이어 '합체 오의'와 '장비'라는 신규 요소도 추가!
온라인 대전과 오프라인 대전을 통해 새로운 경지에 도달하자!

◆세트 구성
-귀멸의 칼날 히노카미 혈풍담2　게임 본편
-다운로드판 특전: 플레이어블 캐릭터 조기 해방권 '귀멸 학원·렌고쿠 쿄쥬로', '귀멸 학원·우즈이 텐겐'

※플레이어블 캐릭터 조기 해방권은 버서스 모드에서 기재된 캐릭터를 처음부터 플레이할 수 있는 특전입니다.
※게임 내 의상은 버서스 모드에서 사용할 수 있습니다.
※버서스 모드에서 온라인 플레이를 즐기기 위해서는 PlayStation®Plus(유료)에 가입할 필요가 있습니다.
※온라인 기능을 이용하기 위해서는 최신 패치가 적용되어 있어야 합니다.
※내용 및 사양은 예고 없이 일부 변경될 수 있습니다.
※다운로드판 특전은 영구 부여되는 특전입니다.
※특전은 추후 별도로 배포될 수도 있습니다.
※PS5판 첫 기동 시에 PS4판의 저장 데이터가 존재할 경우, PS4판의 저장 데이터를 PS5판으로 이어받을 수 있습니다.
※이미 본 타이틀의 PS4판을 소지하고 계신 경우에는 추가 비용을 지불할 필요 없이 PS5 다운로드판을 다운로드하실 수 있습니다. 본 제품을 구매하실 필요는 없습니다.","Demon Slayer -Kimetsu no Yaiba- The Hinokami Chronicles 2,귀멸의 칼날 히노카미 혈풍담2",SEGA CORPORATION,https://image.api.playstation.com/vulcan/ap/rnd/202504/1707/5f6b6eb996cb6bfcf3e5530584116ce498a06b0938815df4.jpg?w=1920,액션,playstation
Jurassic World Evolution 3,https://store.playstation.com/ko-kr/concept/10012067,2025-10-21,https://image.api.playstation.com/vulcan/ap/rnd/202505/0909/a53c0259b596e2104aa9d4e178434fe4251e212eb2b09d80.jpg?w=1920,"PlayStation Store에서 Jurassic World Evolution 또는 Jurassic World Evolution 2 타이틀을 구매하신 경우, 10% 할인된 Deluxe 에디션 예약주문 가격을 확인하실 수 있습니다

출시 때 불모지 세트를 해제하려면 바로 지금 예약 구매를 진행하세요.           

캐노피, 이동식 집, 화석, 컴퓨터, 화석 탐지기, 소품 ATP 등 오리지널 쥬라기 공원의 상징적인 발굴지에서 영감을 받은 풍경 아이템 포함. 

불모지 풍경 설계도 5개. 

유지보수 팀 전용 불모지 ATV 스킨.


수상 경력에 빛나는 시리즈의 신작 쥬라기 월드 에볼루션 3에서는 여러 건물을 관리하고 나만의 쥬라기 공원을 운영하게 됩니다.

선사시대의 종을 합성하고, 번식시키고, 육성하여 생명이 스스로 살 길을 찾도록 도와주세요. 각 종을 관리하여 번영하도록 하고, 공룡들이 가족을 이루어 유전자를 다음 세대로 전달할 수 있게 도와주세요.

공룡들이 번성할 수 있는 놀라운 안식처를 만들어주고, 방문객들을 놀라게 할 흥미로운 새로운 명소를 건설하며, 재난이 닥쳤을 때에도 상황을 잘 관리하세요.

공룡 세대 육성

경외심을 불러일으키는 선사시대 생물 80종 가운데 75종을 관리 및 번식시켜 여러 세대를 온전히 거치며 가족을 육성할 수 있습니다. 장난기 많은 아성체를 입이 떡 벌어질 만한 성체로 길러내세요.종마다 뚜렷한 암컷, 수컷, 아성체 종류가 있습니다.

특별한 사회적 요구를 관리하고 새로운 행동을 관찰해보세요. 반수생 공룡들이 깊은 물 속으로 탐험을 떠나고, 익룡들이 땅 위를 걷는 모습을 지켜볼 수 있습니다.

진화한 창의성

혁신적인 지형 편집에서 모듈식 풍경 사용자 지정까지, 맨땅에서부터 공원의 모든 요소를 만들고 조정할 수 있습니다.

가파른 절벽과 풍경을 활용해 자연스러운 우리가 있는 현장을 만들고, 열기구 투어 같은 멋진 신규 관람 명소를 도입하고, 공룡과의 만남을 통해 관람객들이 선사시대 동물을 보고 만질 수 있는 근거리 관람 명소를 추가하는 등 다양한 콘텐츠를 선보이세요!  

Frontier 창작마당을 사용해 크로스 플랫폼으로 창작물을 제작, 업로드 및 공유할 수 있습니다. 커뮤니티 최고의 창작물을 살펴보고 내 게임에 배치하거나, 나만의 공원, 건물, 우리를 만들어 다른 플레이어가 사용할 수 있도록 공유하세요.

전 세계를 넘나드는 장대한 캠페인

이안 말콤 박사 와 같은 쥬라기 공원 프랜차이즈의 익숙한 인물들과 함께 전 세계를 배경으로 펼쳐지는 비선형적 캠페인에 뛰어드세요. 몬태나 불모지와 같은 상징적인 장소는 물론, 일본과 같은 새로운 장소에서도 스릴 넘치는 새로운 도전이 기다립니다. 경쟁적인 인간의 이익과 오늘날의 세계에 공룡을 통합한다는 섬세한 작업 간 균형을 맞추며 결정을 내리다 보면 매 순간 공원 관리 실력이 시험대에 오르기 마련입니다.

조심하세요. 모두가 공룡이 번영하는 걸 바라는 것은 아닙니다.

혼돈 관리

우수하고 간편한 공원 관리 도구를 활용해 현장을 최대한 효율적으로 운영하고.

탈출한 공룡에 신속히 대응할 수 있도록 새로운 보안 카메라를 설치하고, 유지보수 ATV 팀을 배치해 현장에서 중요한 수리를 수행하며 위협을 통제하세요.","Jurassic World Evolution 3,쥬라기 월드 에볼루션 3",FRONTIER DEVELOPMENTS PLC,https://image.api.playstation.com/vulcan/ap/rnd/202505/0909/a53c0259b596e2104aa9d4e178434fe4251e212eb2b09d80.jpg?w=1920,"전략, 시뮬레이션",playstation
EDENS ZERO,https://store.playstation.com/ko-kr/concept/10012148,2025-07-15,https://image.api.playstation.com/vulcan/ap/rnd/202410/1111/da1af623900ac890db8d5561ffb63a7d826ed76f455af91e.png?w=1920,"【예약 특전】
게임 'EDENS ZERO' 예약 구매자 특전입니다.

●피노 의상 '헌터 폼'
게임 중 채취/채굴을 통해 더 많은 아이템 발견이 가능한 피노의 의상 '헌터 폼'을 얻을 수 있는 퀘스트가 추가됩니다.
●액세서리 '엘시 해적기'
달고 다니면 엘시 해적단이 된 기분이 들어요! 등 액세서리 '엘시 해적기'를 얻을 수 있는 퀘스트가 추가됩니다.
※게임 진행을 통해 '탐색 모드'로 방문할 수 있는 길드 '유성의 등불'의 '길드 퀘스트'에 'DLC 아이템을 얻을 수 있는 퀘스트'가 추가됩니다.


“RAVE”, “FAIRY TAIL”의 원작자 마시마 히로 작가의 주인공 시키와 동료들이 우주를 누비면서 모험을 펼치는 모험을 그린 왕도 스페이스 판타지/만화 애니메이션 “EDENS ZERO”를 원작으로 만들어진 3D 액션 롤플레잉 게임.
마시마 히로 작가 및 코단샤의 게임 감수!

■재현성 높은 애니메이션풍 3D 그래픽으로 원작을 생생하게 체험!
“EDENS ZERO”의 매력적인 캐릭터들과 작품 속 세계를 재현도가 뛰어난 애니메이션풍 3D 그래픽으로 표현했다.
인기 성우들의 목소리가 수록된 풍부한 컷신과 다양한 종류의 여러 행성 필드를 플레이어가 직접 모험할 수 있다.
즐거움과 감동이 넘치는 원작 스토리를 생생하게 체험하자!

■8명의 인기 캐릭터를 내 손으로 조작!
시키, 레베카, 와이즈, 호무라를 비롯해서 에테르 기어로 불리는 특수한 능력을 구사하는 8명의 캐릭터를 조작해 강력한 적 캐릭터들과의 격렬한 싸움에서 승리를 거두자!
플레이어블 캐릭터들은 게임을 진행하면서 점차 동료가 된다.
근접 격투형, 원거리 사격형, 무기 공격형, 마법 공격형 등 액션 특성이 각각 다르니 상황에 맞게 캐릭터를 교체하거나 자신 있는 타입의 캐릭터를 찾아서 게임을 즐기자!

■풍성한 게임 오리지널 콘텐츠로 알차게 즐길 수 있는 게임 플레이 요소들!
원작을 생생하게 체험하는 것만이 아니라, 이 게임에서만 경험할 수 있는 오리지널 스토리와 퀘스트를 다수 수록했다!
시키와 동료들이 소속된 모험자 길드의 본거지인 행성 블루가든을 재현한 드넓은 오픈 필드를 무대로 약 200개 이상의 퀘스트가 존재하며, 원작 팬들은 물론 깊은 게임 플레이 요소를 원하는 게이머들도 대만족할 볼륨으로 구성되어 있다.
심지어 그 인기작과 콜라보까지…!?

■다양한 캐릭터 커스터마이즈 요소!
700개 이상의 장비 아이템으로 능력치뿐만 아니라 외관까지 변화한다. 좋아하는 캐릭터를 나만의 취향대로 커스터마이즈하자!
외관만 변경하는 기능이 있어 마음에 드는 외관을 유지한 채 원하는 성능으로 게임 플레이가 가능하다.
이와 같은 장비 아이템은 게임을 진행하면서 수집할 수 있다.
또한 능력치나 외관뿐만 아니라 각 캐릭터의 에테르 기어 스킬을 해방하여 액션 자체도 더 멋지게 강화할 수 있다!

■그 밖에도 거점인 우주전함 EDENS ZERO의 기능 확장이나 크루 스카우트 등 다양한 즐길 거리가 가득!
게임의 거점인 우주전함 EDENS ZERO에는 아이템을 매매하거나 장비를 강화하고 버프 아이템인 요리를 만드는 등 다양한 기능을 갖춘 시설이 존재한다.
게임 속에서 만나는 적을 포함한 많은 캐릭터들은 조건을 만족하면 크루로 스카우트할 수 있고, 크루가 많아질수록 거점이 갖춘 기능도 점차 다양해진다.
또한 거점에서는 원작 내용에는 없는 캐릭터들 간의 유쾌한 대화도 다양하게 많이 감상할 수 있다!",EDENS ZERO,KONAMI DIGITAL ENTERTAINMENT,https://image.api.playstation.com/vulcan/ap/rnd/202410/1111/da1af623900ac890db8d5561ffb63a7d826ed76f455af91e.png?w=1920,"롤플레잉 게임, 액션",playstation
FINAL FANTASY TACTICS - The Ivalice Chronicles [],https://store.playstation.com/ko-kr/concept/10008527,2025-09-30,https://image.api.playstation.com/vulcan/ap/rnd/202505/0808/eded07ee4188e86b221e3367f245f18d522ef7094a36d4c3.jpg?w=1920,"본 제품을 예약 구매 시, 아래와 같은 게임 내 아이템을 획득할 수 있습니다.
・White equipment for Ramza
・Mythril knife (weapon)
・Spiked boots (accessory) - 장비 시 Jump 상승
・10 high potions (consumable items)
・10 bottles of ether (consumable items)
・PlayStation™Networks용 아바타

※본 제품을 예약 구매한 경우에 획득할 수 있습니다. 발매 이후 구매할 경우에는 포함되지 않습니다.
※게임 내 아이템을 획득하려면 인터넷 접속 환경이 필요합니다.
※게임 내 아이템은 게임 시작 후 메인 메뉴가 해방된 뒤, 시스템 메뉴에서 수령할 수 있습니다.
※「White equipment for Ramza」는 메인 메뉴의 「Units」에 Ramza의 스테이터스가 표시되는 상태에서 변경할 수 있습니다.
※일부 게임 내 아이템은 게임 진행 중에도 얻을 수 있습니다.
※게임 내 아이템은 향후 판매 또는 배포될 수 있습니다.
※아바타는 발매일부터 다운로드할 수 있습니다.


■스토리
태양과 성스러운 빛의 수호를 받는, 두 마리의 사자가 통치하는 국가 Ivalice.
이웃 국가인 Ordallia와의 전쟁 “The Fifty Years' War”에서 패전한 후 1년이 지나고, 선대 왕이 병사하면서 겨우 2살에 불과한 어린 왕자가 즉위한다.
그 후견인 자리와 실권을 둘러싸고 “The Fifty Years' War”에서 무훈을 세웠던 두 명의 장군, Duke Druksmald Goltanna와 Duke Bestrald Larg 사이에서 팽팽한 긴장감이 고조된다.
흑사자를 문장으로 삼는 Duke Druksmald Goltanna와 백사자를 문장으로 삼는 Duke Bestrald Larg.
두 장군의 치열한 격돌은 훗날 “The War of the Lions”이라 불리게 된다.
Ivalice를 대표하는 무가인 Beoulve 가문의 삼남으로 태어난 Ramza, 그리고 평민 출신이면서도 Ramza의 소꿉친구로서 함께 성장한 Delita.
두 사람이 걷는 운명의 길 역시 시대의 거대한 소용돌이에 휘말리게 된다.

■배틀 시스템
위치 선정과 전술 예측이 승리로 이어지는 긴장감 넘치는 전략 시뮬레이션.
높이차가 존재하는 3D 맵의 특징과 각 유닛의 행동 순서를 전략적으로 활용하며, 전투를 승리로 이끌어라.

■빌드와 육성
여러 잡과 어빌리티를 활용한 다채로운 전술을 펼칠 수 있다.
각 캐릭터를 성장시켜, 다양한 잡으로 변경하는 것도 가능하다. 각 잡은 저마다 특징적인 어빌리티를 습득할 수 있으며, 습득한 어빌리티는 다른 잡에서도 설정할 수 있다. 잡과 수백 종류의 어빌리티를 조합해, 자신만의 전술을 탄생시키자.
백마도사, 흑마도사, 용기사 등 「FINAL FANTASY」 시리즈의 대표적인 잡을 포함해, 20종류가 넘는 개성적인 잡이 등장. 이와 더불어 초코보 등과 같은 몬스터도 동료로 만들어 파티에 편성할 수 있다.

■두 가지 버전 - Enhanced Version 및 Classic Version
뛰어난 몰입감과 쾌적한 플레이를 위한 「Enhanced Version」, 과거의 추억을 그대로 불러일으키는 「Classic Version」 중에서 선택할 수 있다.
「Enhanced Version」에서는 더욱 아름다워진 그래픽과 더불어, 풀 보이스 대응을 통해 Ivalice의 세계에 더욱 깊이 몰입할 수 있게 되었다.
또한, 일부 시스템 및 배틀에서 플레이가 더욱 쾌적해졌으며, 처음 플레이하더라도 어렵지 않게 진행할 수 있는 난이도 「Squire」가 추가되었다.
한편, 1997년에 발매된 오리지널 버전을 충실하게 재현한 「Classic Version」도 추가되었다.",FINAL FANTASY TACTICS - The Ivalice Chronicles [],SQUARE ENIX,https://image.api.playstation.com/vulcan/ap/rnd/202505/0808/eded07ee4188e86b221e3367f245f18d522ef7094a36d4c3.jpg?w=1920,전략,playstation
REMATCH - ELITE EDITION,https://store.playstation.com/ko-kr/concept/10011349,2025-06-16,https://image.api.playstation.com/vulcan/ap/rnd/202503/1816/0544cd1eee552ee2446d10e24c9e6c7d6403e02d404601fc.jpg?w=1920,"지금 Rematch Pro 또는 Elite Edition을 사전 예약하고, 끝없이 펼쳐지는 액션의 중심에 서세요.

사전 예약 한정 보너스:
- 72시간 얼리 액세스: Pro 및 Elite Edition을 구매하고, 누구보다 먼저 필드에 입장하세요.
- ""개척자"" 모자 : 시작부터 함께해 주신 여러분의 응원에 감사드리며, 커뮤니티를 향한 경의를 담은 상징 아이템입니다. 모든 에디션에 포함됩니다


Rematch Elite Edition으로 게임을 지배하세요. 탁월함과 한정판의 만남.

- 캡틴 패스 업그레이드 티켓 x2 – 보상도, 스타일도 두 배로.
- Glitcher 트레이너 – 미래 감성의 발걸음. 오류조차도 예술이 될 수 있습니다.
- Blazon 증강현실 케이지 – 생생한 Blazon 연출로 골마다 환호가 터지는 새로운 경기 경험을 선사합니다.
- Blazon 캡모자 – 단순한 모자를 넘어서, 신념과 정체성의 선언입니다.
- Blazon 플레이어 배경 & 칭호 – 나만의 개성을 담은 에픽 디자인으로 정체성을 표현해 보세요.
- Blazon 버클러 탱크탑 – 클래식한 반항미에 Blazon의 품격을 더했습니다. 매 경기마다 자신의 길을 개척하는 이들을 위한 아이템입니다.
- Blazon 패턴 (상의 & 하의) – 당신의 룩에 에픽한 무늬를 입히세요. 스타일로 이야기를 전하고 싶은 이들을 위한 완벽한 선택.
- Blazon 주얼 세트 – 접힌 가죽으로 정교하게 제작된 세트. 필드 안팎에서 빛나는 존재감을 드러냅니다.",REMATCH - ELITE EDITION,SLOCLAP S.A.S,https://image.api.playstation.com/vulcan/ap/rnd/202503/1816/0544cd1eee552ee2446d10e24c9e6c7d6403e02d404601fc.jpg?w=1920,"스포츠, 액션",playstation
Anno 117: Pax Romana,https://store.playstation.com/ko-kr/concept/10011009,2025-11-13,https://image.api.playstation.com/vulcan/ap/rnd/202505/1923/27d64744197bba98e3bc08fa392a657f272a83056309e6cc.jpg?w=1920,"지금 예약 구매하고 3종의 전용 장식인 마을 포고꾼 동상, 상징적인 제국의 늑대상, 인상적인 전투의 표준, 그리고 늑대 플레이어 휘장을 획득하세요.


도시 건설 장르를 대표하는 프랜차이즈가 가장 야심찬 콘텐츠와 함께 아노 117: 팍스 로마나로 돌아옵니다. 총독으로서 도시를 건설하고 통치하는 방식에 따라 여러분의 서사와 시민들의 운명, 그리고 지역의 미래가 결정됩니다. 다른 총독들과 힘을 합치거나, 경쟁자들에게 도전하여 자신의 군사적 역량을 증명하는 건 전적으로 여러분의 선택에 달렸습니다. 평화의 대가를 선택하는 건 여러분의 손에 달렸습니다.

최고의 도시 건설 게임을 즐겨보세요
뛰어난 디테일과 유연성, 압도적인 규모로 자신만의 도시를 건설하세요. 아이들이 거리에서 강아지를 쫓아다니는 장면이나 경기장에서 수천 명의 관중이 환호하는 장면을 감상하세요. 아름다운 라티움의 중심지부터 문명화된 로마인들이 발도 붙이기 싫어하는 켈트족의 습지대인 알비온에 이르는 모든 곳에 도시를 건설하세요.

로마의 총독이 되세요
로마 제국의 힘이 절정에 달하던 시절을 배경으로 여러분이 꿈꾸던 도시를 설계하세요. 시민의 요구와 황제의 끝없는 욕심 사이의 적절한 균형점을 찾으세요. 제국 너머의 세력들과 동맹을 맺거나, 전략적인 지상전 및 해상전으로 여러분의 힘을 과시하세요. 심지어는 황제의 명령을 거스를 수도 있습니다. 물론 그에 따르는 대가가 있을 뿐이죠.

도시의 운명을 결정하세요
총독으로서 내리는 모든 결정은 결과에 영향을 미칩니다. 현지 켈트족 문화를 존중하는 것과 로마식 전통을 강요하는 것 중 무엇을 선택하실 건가요? 외교와 무역으로 도시를 성장시키거나 군사력을 동원해 상대를 정복하세요. 여러분이 내리는 결정은 시민과 도시의 미래에만 영향을 주는 것이 아니라, 여러분의 운명에도 영향을 줍니다.

온라인 멀티플레이 및 기능을 이용하려면 인터넷 연결, 유비소프트 계정, PlayStation™Network 계정, PlayStation®Plus 구독(별도 판매)이 필요합니다.","Anno 117: Pax Romana,아노 117: 팍스 로마나",UBISOFT,https://image.api.playstation.com/vulcan/ap/rnd/202505/1923/27d64744197bba98e3bc08fa392a657f272a83056309e6cc.jpg?w=1920,전략,playstation
Killing Floor 3,https://store.playstation.com/ko-kr/concept/10005321,2025-07-24,https://image.api.playstation.com/vulcan/ap/rnd/202502/1914/7c48bd17e5e8a5c083ef4e0dc1dcb6b904500cfe6d1c0e3d.png?w=1920,"Killing Floor 3 모든 에디션 사전 주문 특전:

- 심장 정지 무기 스킨
- 리퍼의 공포 무기 장신구
- 스페셜 액션 포스 플레이어 카드


때는 바야흐로 2091년. 나이트폴에 합류하여 메가코프 호르진이 만들어낸 괴물 군단 제드에 맞서세요. 미래가 당신의 손에 달렸습니다. 그때까지 살아남을 수 있다면 말이죠.

Killing Floor 3는 전설적인 액션/호러 시리즈의 새로운 작품입니다. 이 격렬한 FPS에서 나이트폴 스페셜리스트 중 하나가 되어 최대 5명의 팀원과 함께 제드에 맞서고, 돈을 벌고, 스킬을 해제하고, 최강의 무기를 만드세요.

끝내주는 협동 모드
최대 6명까지 참여 가능한 협동 모드에서 최강의 제드 퇴치 스쿼드를 모으세요. 싱글 플레이어 모드에서 홀로 용감하게 현장에 출동할 수도 있습니다.

계속 밀려오는 제드
이번 제드는 역대급으로 강합니다. 모든 적들이 새롭게 디자인되어 더 뛰어난 AI로 돌아왔습니다. 더 빠르고 치명적이며 전략적인 적과 싸우세요.

생존을 위한 기술
화염방사기, 샷건, 카타나 등 다양한 무기가 준비되어 있습니다. 수백 개의 모드, 도구, 스킬을 조합하여 나만의 특별한 무기를 제작하세요.

위험한 장소
다양하고 위험한 격전지로 출동하여 질병이 퍼지지 않게 막으세요. 다행히 이 환경에서는 포탑, 팬을 비롯한 여러 치명적인 무기도 활용할 수 있습니다.

더 강해진 고어
돌아온 MEAT 시스템으로 더욱 현실적인 고어를 체험하세요. 더 많아진 절단 포인트와 넘치는 피 덕분에 공격이 보다 현실적이고 끔찍해집니다.",Killing Floor 3,Tripwire Interactive,https://image.api.playstation.com/vulcan/ap/rnd/202502/1914/7c48bd17e5e8a5c083ef4e0dc1dcb6b904500cfe6d1c0e3d.png?w=1920,"슈팅, 공포",playstation
Lost Soul Aside,https://store.playstation.com/ko-kr/concept/10012778,2025-08-29,https://image.api.playstation.com/vulcan/ap/rnd/202412/0610/4922a59218050f843d9fe3d996e8ee92564cde7d64520a6e.jpg?w=1920,"예약주문하고 다음을 획득하세요:
• 케이저 공개 당시 의상: 오리진
• 게임 내 아이템 하이 포션 10개
• 게임 내 코인 ""신성금'' 500개


에디션 포함 항목:
• Lost Soul Aside™

영웅의 여정
루이자가 사라졌다. 사라졌다고?! 어떻게 이런 일이...
우리에게는 꿈이, 미래가 있었는데. 모든 게 더 나아질 거라 믿었어. 그런데... 이렇게 끝난다고?
아니, 계속 싸워야 해. 남은 우리가 포기할 순 없어.
뜻밖의 동료도 생겼고... 난 점점 강해지고 있어.
그녀를 구할 수 있을까? 그녀의 영혼을 되찾을 수 있을까?

Lost Soul Aside™에서는, 우주 저편에서 온 정체를 알 수 없는 차원의 침략자들로부터 여동생과 인류 전체를 구하기 위한 장대한 여정이 시작됩니다.

숨 막힐 정도로 스타일리시한 액션 어드벤처 RPG에서 화려한 무기 콤보를 달성하며, 강력한 적들과 거대한 보스를 상대하세요.

전부가 걸린 싸움
조작은 간단하지만, 숙련하기는 어렵습니다. 무기를 교체하고 공격 패턴을 혼합하며, 화려한 시각 효과를 적용한 짜릿한 전투를 통해 내가 원하는 방식으로 싸우세요.

캐릭터 진화:
경험치를 획득하면 캐릭터 스킬 트리에서 능력을 해제하고 선택할 수 있습니다.
다양한 조합을 시도하여 나만의 플레이스타일을 찾아 정의하고, 다가오는 시련에 대비하세요.

무기 스킬:
각 무기의 고유한 특성을 적용한 공격 콤보를 펼쳐보세요. 빠르게 무기를 전환하며 공격의 범위와 타격을 조절하고, 효과를 조합해 최대의 피해를 주세요.

무기 커스터마이징:
특수한 무기 조각을 장착하여 무기를 강화하고 커스터마이징하세요. 무기의 외형을 바꾸거나, 전투 또는 치유 능력을 강화하고, 전투 스타일을 업그레이드할 수 있습니다.

아레나의 힘:
용을 닮은 존재인 아레나가 부여하는 강력한 스킬을 활용하세요. 아레나의 다양한 능력을 해제하여 공격력을 강화하고, 치유 효과를 높이며, 보호막을 생성할 수 있습니다.

순간 추격:
무기를 활용한 콤보 도중 정확한 타이밍에 버튼을 눌러 강력하고 극적인 공격을 펼치고, 강렬한 힘으로 적에게 압도적인 피해를 주세요.

융합 강화/융합 해방:
공격 콤보와 능력으로 융합 게이지를 충전하고, 아레나의 발톱을 소환하여 적을 제압하세요. 이 스킬은 업그레이드할 수 있으며, 케이저가 모험을 진행함에 따라 새로운 전투 기술이 해제됩니다.

생존 기술:
회피 속도를 강화하고, 정교한 반격 타이밍 기술을 연마해 전투에서 더 오래 생존하세요.",Lost Soul Aside,Sony Interactive Entertainment,https://image.api.playstation.com/vulcan/ap/rnd/202412/0610/4922a59218050f843d9fe3d996e8ee92564cde7d64520a6e.jpg?w=1920,"롤플레잉 게임, 액션",playstation
EA SPORTS Madden NFL 26 Deluxe Edition + Limited Time Bonus,https://store.playstation.com/ko-kr/concept/10012604,2025-08-12,https://image.api.playstation.com/vulcan/ap/rnd/202505/2813/d23d291f8775b996d96a619b6acb86cc85c645293d83989a.png?w=1920,"7월 24일까지 EA SPORTS™ Madden NFL 26 Deluxe Edition을 예약 구매*하고 시즌 1 엘리트 선수 아이템과 다음 추가 콘텐츠를 받으세요:

3일 얼리 액세스
4,600 MUT 포인트
얼리 액세스 솔로 챌린지
MUT Cover Athlete 엘리트 선수 아이템
Franchise Coach 능력 포인트
슈퍼 스타 레전더리 XP 부스트
플레이어 카드 한정 아이템


EA SPORTS™ Madden NFL 26은 AI 기반의 새로운 머신 러닝 시스템을 활용하여 약 10년에 걸친 실제 NFL 데이터에서 획득한 수천 개의 플레이를 더욱 폭발적인 게임플레이로 변환합니다. 이를 통해 새로운 선수별 특성, 현실적인 플레이 스타일, NFL 쿼터백과 코치의 경기 내 경향과 전략에 맞춘 적응형 카운터 등을 제공합니다.

Minnesota의 Skol chant부터 Baltimore의 라이트 쇼까지, 게임에 영향을 미치는 날씨, 팀의 전통, Scott Hanson이 참여하는 다이내믹한 하프타임 쇼 등 NFL 전반에 걸친 새로운 프레젠테이션을 경험해 보세요.

실제 NFL 데이터를 기반으로 가장 현실적인 Madden을 구현합니다.

시그니처 쿼터백
스타 NFL 쿼터백들은 슈퍼스타다운 더욱 현실적인 움직임, 외모, 감각을 보여 줍니다.

코치 DNA
실제 NFL 코칭 트렌드를 반영한 적응형 카운터입니다.

로스터 관리
현대화된 뎁스 차트, 새로운 포지션 역할, Wear & Tear 시스템이 로스터 관리와 게임 플랜에 새로운 전략과 실험성을 더해 줍니다.

미식 축구 날씨
극한의 날씨로 인해 미리 준비해 둔 미식 축구 게임 플랜에 지장이 생길 수 있습니다. 폭설이나 짙은 안개로 시야가 제한되거나, 선수의 움직임, 체력, 볼 컨트롤 등에 직접적인 영향을 미치는 비 등 새로운 요소에 적응하세요.

이 게임은 게임 내에서 사용되는 가상 화폐를 게임 내 구매 및 이용할 수 있으며, 이를 통해 확률형 아이템을 포함한 게임 내 가상 아이템을 구매할 수 있습니다.","EA SPORTS Madden NFL 26 Deluxe Edition + Limited Time Bonus,EA SPORTS Madden NFL 26 Deluxe Edition + 기간 한정 보너스",Electronic Arts Inc.,https://image.api.playstation.com/vulcan/ap/rnd/202505/2813/d23d291f8775b996d96a619b6acb86cc85c645293d83989a.png?w=1920,스포츠,playstation
SHINOBI: Art of Vengeance,https://store.playstation.com/ko-kr/concept/10008251,2025-08-29,https://image.api.playstation.com/vulcan/ap/rnd/202501/2223/be86073696a0afeadcf76d931244e75a156ed45adc8d45ed.jpg?w=1920,"【예약 특전】
・조 무사시 추가 의상 '오리지널 아케이드 의상' (게임 내 아이템)
・추가 부적 '축복' (게임 내 아이템)
※2025년 8월 29일 12:59(KST)까지 예약 구매 한 경우 본 특전이 동봉됩니다.


본 제품을 소지한 고객님께서는 해당 게임의 디지털 PS4® 버전과 디지털 PS5® 버전 모두를 보유하실 수 있습니다.

ーーーーーーーーーー

■게임 설명
히트작 「베어너클 4」의 개발 스튜디오가 선사하는 새로운 닌자 액션 게임. 복수심에 불타는 한 시노비의 서사가 핸드 드로잉 터치의 아트 스타일로 섬세하고 선명하게 그려진다.

■줄거리
시노비의 정점에 이른 닌자 '조 무사시'는 전소된 마을과 돌로 변한 동료들을 눈앞에서 목격하고 복수의 여정에 나선다. 거대한 악에 맞서 동료들의 원수를 갚기 위해서…

■시노비의 기술을 갈고닦아라
검과 쿠나이, 인술, 인법 그리고 조 무사시의 능력을 확장시키는 부적을 자유롭게 사용하여 적을 쓰러뜨려라. 상황에 따라 다양한 기술을 선택하고 자신만의 배틀 스타일로 콤보를 펼치자. 매끄럽고 약동감 있는 애니메이션과 속도감 넘치는 액션이 융합하여 유일무이한 통쾌함을 맛볼 수 있다.

■핸드 드로잉 터치로 그려지는 아름다운 세계
군사 기지부터 작열하는 사막까지, 길을 떠난 조 무사시 앞에 펼쳐지는 각양각색의 스테이지. 수작업으로 밀도 있게 표현된 세계가 그의 여로를 물들인다.
또한, 도중에는 다양한 인술을 구사하여 눈앞의 난관을 극복하고 숨겨진 신규 루트를 발견하는 등, 만족스러운 플랫폼 액션도 즐길 수 있다.

※본 상품은 게임 본편 단품이며, 게임 본편과 추가 콘텐츠가 포함된 세트 상품은 별도로 판매되고 있습니다. 중복 구매에 유의하시기 바랍니다.
※내용 및 사양은 예고 없이 변경될 수 있습니다.

ーーーーーーーーーー

이미 본 타이틀의 PS4®판을 소지하고 계신 경우에는 추가 비용을 지불하거나 본 제품을 구매할 필요 없이 PS5® 다운로드판을 다운로드하실 수 있습니다.","SHINOBI: Art of Vengeance,SHINOBI 복수의 참격",SEGA CORPORATION,https://image.api.playstation.com/vulcan/ap/rnd/202501/2223/be86073696a0afeadcf76d931244e75a156ed45adc8d45ed.jpg?w=1920,액션,playstation
Towa and the Guardians of the Sacred Tree,https://store.playstation.com/ko-kr/concept/10012506,2025-09-18,https://image.api.playstation.com/vulcan/ap/rnd/202505/2107/d8abb26bf2eb3f88f0ce9034d5320ec06b1b57e5487070c2.png?w=1920,"【예약 특전】
◆신관 의상 세트
토와와 8명의 신관을 위한 추가 의상 세트를 수록.
게임 내의 캐릭터를 아래의 의상으로 갈아입힐 수 있습니다.

＜수록 내용＞
・토와 추가 의상: 「대장장이 의상」
・렛카 추가 의상: 「토와 님 친위대장」
・시긴 추가 의상: 「진카이 의상」
・아카즈 추가 의상: 「연구복」
・오리가미 추가 의상: 「무스히 의상」
・니시키 추가 의상: 「노릇노릇 니시키」
・무츠미 추가 의상: 「벚꽃 장식」
・코로우 추가 의상: 「마을의 영웅」
・밤푸쿠 추가 의상: 「검정 시바견」

※내용 및 사양은 예고 없이 변경될 수 있습니다.
※특전 의상은 게임 내 기능인 「저택」에서 변경할 수 있습니다. 「저택」은 튜토리얼이 끝나면 개방됩니다.
※특전은 추후 별도로 판매될 수 있습니다.
※자세한 내용은 공식 홈페이지를 확인하여 주십시오.


※본 상품은 「일반판」입니다. 그 밖에도 「디지털 디럭스 에디션」을 별도로 판매 중이므로 중복 구매에 주의하십시오.

【게임 내용】

『기도는 영원히 시간은 아득히』

이야기의 무대는 모든 악의 근원인 마가츠의 힘 때문에 “마나”가 고갈되어 버린 신주 마을. 신의 아이 토와와 신관들은 마을의 평화를 되찾기 위해 마가츠를 토벌하고자 던전으로 향한다. 때로는 만남과 함께, 때로는 이별과 함께. 토와와 신관들과 마을 사람들이 자아내는 액션 어드벤처 게임.

◆던전
8명의 신관 중 2명을 선택, 쿼터뷰 방식의 액션으로 방에 있는 적을 소탕하자. 방을 정리하면 무작위로 “은총”이 발생하여 능력이 강화, 마가츠가 있는 최심부로 향하자.

◆신주 마을
던전에서 입수한 소재를 신주 마을에 가지고 오자. 소재는 다양한 기초 능력 향상에 사용할 수 있다. 또한 던전에서 사용할 칼을 만드는 「대장간」에서 더욱 강한 칼을 만들어 도전하자.

◆시대 진행
던전을 클리어하면 신주 마을의 “시간”이 흐르고 이야기가 진행된다.
시간의 흐름에 따라 변화하는 문명과 다양한 인간 묘사가 그려지는 독특한 분위기의 이야기를 즐길 수 있다.

※본 제품은 최대 2명까지 멀티 플레이를 즐길 수 있습니다. 멀티 플레이는 플레이어 한 사람 당 컨트롤러 1개가 필요합니다.","Towa and the Guardians of the Sacred Tree,토와와 신목에 선택받은 아이들",Bandai Namco Entertainment,https://image.api.playstation.com/vulcan/ap/rnd/202505/2107/d8abb26bf2eb3f88f0ce9034d5320ec06b1b57e5487070c2.png?w=1920,"어드벤처, 액션, 롤플레잉 게임",playstation
EVERYBODY'S GOLF HOT SHOTS,https://store.playstation.com/ko-kr/concept/10012639,2025-09-04,https://image.api.playstation.com/vulcan/ap/rnd/202505/0908/a3c4df2d88f8a7a568b17e5033430e061f93f0a552244044.jpg?w=1920,"[예약 특전]
・플레이어블 캐릭터 「팩맨」 조기 해방권

※내용 및 사양은 예고 없이 변경될 수 있습니다.
※특전은 게임 내의 「골프의 첫걸음」을 클리어하면 얻을 수 있습니다.
※다운로드 버전 예약 구매 특전은 예약 구매를 하신 분에게만 지급됩니다.


그 시절 국민 골프 게임이 다시 등장!

1997년부터 발매되어 누구나 간단하고 상쾌한 골프를 즐길 수 있는 게임으로 사랑받았던 「모두의 골프」.

『모두의 골프 월드』는 과거의 시리즈와 마찬가지로 골프의 즐거움, 상쾌감, 깊이 있는 재미 등을 체험할 수 있으며
미려한 그래픽으로 만들어진 개성 넘치는 캐릭터와 세계 각지를 무대로 한 코스,
그리고 모두와 함께 신나게 즐길 수 있는 새로운 모드 등, 시대를 넘어서 파워업한 결정판!

●「모두의 골프」의 게임 시스템은 그대로!
기존과 동일한 조작 방법으로 간단하고 직관적.
조준하고 타이밍을 맞춰 버튼을 3번 누르는 것만으로도 기분 좋은 샷을 날릴 수 있다.

●혼자서 진득하게, 다 함께 왁자지껄!
정해진 조건 내에서 라운드를 돌거나 VS 캐릭터와 대결하면서 자신의 랭크를 올리는 「챌린지 모드」나,
심플하게 자신의 스코어를 갱신하는 「1인용 라운드」 등, 혼자서 진득하게 플레이를 진행하며 골프 실력을 키울 수 있다.
또한, 컨트롤러 하나로 최대 4인까지 함께 놀 수 있는 오프라인 멀티플레이 모드나,
인터넷을 통해 다른 플레이어와 놀 수 있는 온라인 멀티플레이도 가능하다.
추가로 친구, 가족들과 함께 일반 골프하고는 조금 색다른 골프 체험을 즐길 수 있는 버라이어티 모드도 탑재.

혼자서도, 친구하고도, 「모두의 골프 월드」를 통해 상쾌한 골프 플레이를 즐겨보자!","EVERYBODY'S GOLF HOT SHOTS,모두의 골프 월드",Bandai Namco Entertainment,https://image.api.playstation.com/vulcan/ap/rnd/202505/0908/a3c4df2d88f8a7a568b17e5033430e061f93f0a552244044.jpg?w=1920,스포츠,playstation
INAZUMA ELEVEN: Victory Road,https://store.playstation.com/ko-kr/concept/231308,2025-08-22,https://image.api.playstation.com/vulcan/ap/rnd/202504/0306/300fd136f86999648a13dc80654a029239ba9d81c6bb8a1e.png?w=1920,"▶ 사전 주문 보너스
""고급 부스터 꾸러미""를 통해 캐릭터 훈련을 한층 빠르게 시작하세요!

■ 꾸러미 콘텐츠:
- 승리의 팔찌(획득 경험치 상승 장비)
- 훈련 콩 전체 세트(캐릭터 훈련에 사용되는 소모품)
- 어둠의 황제 유니폼

* 해당 보너스는 2025년 8월 21일 23:59(KST) 전까지 게임을 구매한 플레이어만 받을 수 있습니다.


본 제품을 소지한 고객님께서는 해당 게임의 디지털 PS4® 버전과 디지털 PS5® 버전 모두를 보유하실 수 있습니다.

타오르는 구름과 함께 이나즈마의 번개가 하늘을 가릅니다!

초차원적 축구 RPG 시리즈 ""이나즈마 일레븐""의 최신 타이틀이 마침내 출시되었습니다!
새로운 주인공이 포함된 신규 스토리를 감상하고, 5200명이 넘는 캐릭터를 수집 및 훈련하고, 치열한 경쟁 모드를 즐겨 보세요. 풍부한 콘텐츠가 기다립니다!

■ 스토리 모드
해당 신규 스토리는 이나즈마 일레븐 첫 작품으로부터 25년이 지난 시기를 배경으로 합니다.
주인공인 데스틴 빌로우스는 축구와 관련 없는 세상을 찾아 남운 중등부에 입학합니다. 한편 전국 최상위 팀으로 유명한 명문 라이몬 중등부에서는 하퍼 에반스라는 ""축구 괴물""이 새로이 떠오릅니다.
이 두 명의 길이 엇갈리면서 이야기가 펼쳐지기 시작합니다...

■ 연대기 모드
시리즈 전작의 5200명이 넘는 캐릭터를 아우르는 로스터!
미래에서 온 소년, 빅토리오와 과거 이나즈마 일레븐의 경기를 다시 체험하세요.
다양한 팀과 겨루고, 캐릭터를 수집 및 훈련하고, 궁극의 드림팀을 구축하세요!

■ 차세대 축구 시스템
""수동 모드""를 직접 조작하여 원하는 방식으로 게임을 플레이하거나, ""커맨더 모드""를 통해 팀에게 전략적인 지시를 내릴 수 있습니다!
커맨더 모드를 통해 플레이어에게 다양한 전략적 지시를 내릴 수 있어 누구든 경기를 간편하게 즐길 수 있게 됩니다!
자신에게 맞는 스타일을 찾아 경기에 뛰어들고 놀라운 특수 동작으로 승리를 쟁취하세요!

■ 우정 스테이션
이나즈마 일레븐 시리즈의 추억이 담긴 오브젝트를 자유롭게 배치하여 자신만의 ""우정 마을""을 건설해 보세요!
아바타를 커스터마이징하고, 친구들을 초대하여 사교 활동을 즐기거나 경기를 진행할 수 있습니다!
커스텀 제작 아바타는 경기에서도 사용할 수 있습니다!

■ MAPPA를 통해 활기를 찾은 궁극의 애니메이션 경험
애니메이션 스튜디오 MAPPA와 협력하여 인게임 애니메이션 컷신이 제작되었습니다!
시리즈 역사상 가장 긴 애니메이션 상영 시간을 자랑하며 새로운 경지에 도전하는 강렬한 스토리가 있습니다.",INAZUMA ELEVEN: Victory Road,LEVEL5 Inc.,https://image.api.playstation.com/vulcan/ap/rnd/202504/0306/300fd136f86999648a13dc80654a029239ba9d81c6bb8a1e.png?w=1920,"스포츠, 롤플레잉 게임",playstation
DRAGON QUEST I & II HD-2D Remake,https://store.playstation.com/ko-kr/concept/10010701,2025-10-30,https://image.api.playstation.com/vulcan/ap/rnd/202505/0901/2d184fa561852960be467e73f00d93f524bc924156735058.png?w=1920,"다운로드 버전 예약 구매 특전으로 게임 내 아이템인 「행복한 여행 세트」를 무료로 증정합니다.
캐릭터를 강화하는 데 도움이 되는 장비와 소비 아이템으로 구성되었습니다.

■「행복한 여행 세트」 내용
・행복의 신발 × 1
・힘의 씨앗 × 3
・방어의 씨앗 × 3
・민첩의 씨앗 × 3
・생명의 나무 열매 × 3
・신비한 나무 열매 × 3

※이 특전에 포함되는 아이템은 게임 진행 중에도 얻을 수 있습니다.
※이 특전은 『드래곤 퀘스트 I』 및 『드래곤 퀘스트 II』 양쪽 모두에서 받으실 수 있습니다.
※『드래곤 퀘스트 I』에서는 게임 속 라다톰 여관에 있는 보물 상자를 열면 위 특전을 획득할 수 있습니다.
※『드래곤 퀘스트 II』에서는 게임 속 로레시아 여관에 있는 보물 상자를 열면 위 특전을 획득할 수 있습니다.


『드래곤 퀘스트 III HD-2D Remake』 이후의 세계를 그리는 『드래곤 퀘스트 I』과 『드래곤 퀘스트 II』가 1개의 타이틀로 등장.
도트 아트와 3D CG가 융합된 ""HD-2D"" 세계에서 다시금 모험의 막이 오른다!

■『드래곤 퀘스트 I』 스토리
전설의 용사가 대마왕을 쓰러뜨려 평화를 되찾은 아레프갈드는
어둠의 패자인 용왕에 의해 다시 마물들로 뒤덮이게 된다.
고통받는 사람들을 구하기 위해, 용사 로토의 피를 이은 당신이 용왕 토벌에 나서게 되는데…!

■『드래곤 퀘스트 II』 스토리
과거에 아레프갈드를 구원한 용사 로토의 자손들에 의해
세 개의 나라가 새롭게 세워진 세계.
그러나 이들의 평온은 무시무시한 마물 군대에 의해 갑자기 깨지게 된다.
퍼져 가는 어둠의 힘에 맞서기 위해
로토의 피를 이은 젊은 왕자와 공주가 진정한 평화를 되찾기 위해 길을 떠난다.
----------
『드래곤 퀘스트 III HD-2D Remake』의 저장 데이터가 있는 경우, 특전으로 『드래곤 퀘스트 I & II HD-2D Remake』에서 사용할 수 있는 게임 내 아이템을 받으실 수 있습니다.

■「전설의 이미지 변신 세트」 내용
『드래곤 퀘스트 I』: 개 인형 탈 × 1
『드래곤 퀘스트 II』: 고양이 인형 탈 × 1

※이 특전 아이템은 게임 진행 중에도 얻을 수 있습니다.
※『드래곤 퀘스트 I』의 특전 아이템은 게임 속 라다톰 여관에 있는 보물 상자를 열면 획득할 수 있습니다.
※『드래곤 퀘스트 II』의 특전 아이템은 게임 속 로레시아 여관에 있는 보물 상자를 열면 획득할 수 있습니다.
※『드래곤 퀘스트 I & II HD-2D Remake』를 플레이하는 게임기 또는 PC 본체에, 동일한 계정으로 작성한 『드래곤 퀘스트 III HD-2D Remake』의 저장 데이터가 존재해야 합니다.
※『드래곤 퀘스트 I & II HD-2D Remake』를 먼저 플레이한 다음 『드래곤 퀘스트 III HD-2D Remake』를 플레이하는 경우에도 이 특전이 적용됩니다.
※이 특전은 2024년도에 발매된 『드래곤 퀘스트 III HD-2D Remake』의 저장 데이터로만 받으실 수 있습니다. 2019년 이전에 발매된 『DRAGON QUEST III 전설의 시작』 혹은 『드래곤 퀘스트 III 그리고 전설로…』의 저장 데이터로는 특전을 받으실 수 없습니다.
※특전의 내용 및 사양은 예고 없이 변경될 수 있습니다.","DRAGON QUEST I & II HD-2D Remake,드래곤 퀘스트 I & II HD-2D Remake","SQUARE ENIX CO., LTD.",https://image.api.playstation.com/vulcan/ap/rnd/202505/0901/2d184fa561852960be467e73f00d93f524bc924156735058.png?w=1920,롤플레잉 게임,playstation
Lost in Random: The Eternal Die,https://store.playstation.com/ko-kr/concept/10011792,2025-06-18,https://image.api.playstation.com/vulcan/ap/rnd/202504/0715/de88fe64a36c34fae37701b6db1be59f07eeca9867a1ae36.png?w=1920,"확률의 게임, 실력의 시험
Lost in Random: The Eternal Die는 역동적인 실시간 액션과 전술적인 전투, 위험 보상이 주어지는 주사위 방식을 혼합하여 초 단위로 빠르게 전개되는 짜릿한 전투를 선보입니다.

한때는 랜덤의 위대한 통치자였지만 지금은 복수와 구원을 찾는 알렉산드라 여왕이 되어 독창적인 독립적 스토리를 풀어 나가세요.

네 가지 유형의 독특한 무기를 휘두르고, 강력한 카드 기반 능력을 발휘하고, 속성 유물을 활용하고, 믿음직한 주사위 동료 포춘을 전략적으로 던져 전투의 판도를 바꾸세요. 또는 던진 주사위 숫자에 따라 놀라운 보상을 받거나... 참혹한 결과로 이어질 수 있는 고액을 건 위험천만한 게임에 참여하세요.

죽음은 끝이 아닙니다. 안식처로 돌아와 새로운 무기를 잠금 해제하고, 강력한 업그레이드를 구매하고, 협력자들의 퀘스트를 수행하며 다음 런을 준비하세요.

생생한 다크 판타지
위험, 비밀, 예측 불가한 도전으로 가득한 역동적인 네 가지 환경을 탐험하세요. 고딕 양식, 강렬한 풍경, 매혹적인 분위기의 사운드트랙이 어우러진 잊을 수 없는 세계에 푹 빠져보세요.

다양한 결말을 맞이하고, 별난 캐릭터들의 대사를 모두 음성으로 들을 수 있는 The Eternal Die는 잊을 수 없는 새로운 장이 펼쳐지는 랜덤의 세계로 여러분을 다시 초대합니다.

주요 특징
- 실시간 액션과 전술적인 선택이 어우러진 초 단위로 빠르게 전개되는 전투
- 전투의 흐름이 예상치 못하게 변하는 독특한 주사위 던지기 방식
- 각기 다른 플레이스타일의 네 가지 완전 업그레이드 가능한 무기
- 100개 이상의 속성 유물과 15개의 강력한 카드 기반 능력으로 빌드 커스터마이징
- 비밀, 적, 큰 판돈이 걸린 도전으로 가득한 네 가지 무작위 생성 환경
- 30가지 이상의 적 유형, 실력과 전략을 요하는 4명의 무자비한 월드 보스
- 무작위 조우, 진화하는 유물 시너지 효과, 조정 가능한 난이도 설정으로 원하는 방식으로 플레이 가능
- 잊을 수 없는 아름다운 풍경과 매혹적인 사운드트랙을 감상할 수 있는 생생한 버트네스크 스타일의 다크 판타지 세계","Lost in Random: The Eternal Die,Lost in Random: The Eternal Die 로스트 인 랜덤 - 더 이터널 다이",THUNDERFUL PUBLISHING,https://image.api.playstation.com/vulcan/ap/rnd/202504/0715/de88fe64a36c34fae37701b6db1be59f07eeca9867a1ae36.png?w=1920,액션,playstation
Shadow Labyrinth,https://store.playstation.com/ko-kr/concept/10009867,2025-07-17,https://image.api.playstation.com/vulcan/ap/rnd/202412/1203/c4e88eff6ebbea0bbbde70a28c24b09d3b331ea9aa5d3dd4.png?w=1920,"【예약 구매 특전】
오리지널 PAC-MAN 사운드 변경 DLC

게임에서 사용하는 미니 퍽 모드의 사운드를 오리지널 PAC-MAN의 사운드로 변경할 수 있습니다.

※옵션 화면의 사운드 설정에서 변경할 수 있습니다.
※내용 및 사양은 예고 없이 변경될 수 있습니다.
※특전은 추후 별도로 판매될 수 있습니다.


※본 상품은 「일반판」입니다. 그 밖에도 「디지털 디럭스 에디션」을 별도로 판매 중이므로 중복 구매에 주의하십시오.

팩맨의 유전자가 섞인 탐색형 2D 액션 게임 『Shadow Labyrinth (쉐도우 라비린스)』.

옛 전쟁의 유물이 남아있는 황폐화된 별에서, 수수께끼의 노란 구체 -PUCK- 에게 8번째 적합자로 소환된 주인공.

가혹한 세계에서 살아남기 위해 적을 먹어 치우며 그 운명을 개척하자.

【탐색】
끝을 알 수 없는 동굴, 울창하게 번식한 밀림, 끝없이 펼쳐진 황야.
심연에 감추어진 기묘한 땅과, 앞을 가로막는 수많은 강적에게 도전하며 어둠의 끝으로 향하자.

【액션】
적을 먹어 치우고 새로운 힘을 손에 넣어라.
강화와 커스터마이즈로 독자적인 전술을 찾아내 미궁을 공략하자.

【스토리】
수수께끼의 노란 구체 -PUCK- 의 인도를 받아, 머나먼 곳에 위치한 거대한 탑을 향하게 된다…
PUCK의 진짜 목적이 무엇인지, 무엇과 싸우고 있는지. 이 세계의 비밀을 풀어라.",Shadow Labyrinth,Bandai Namco Entertainment,https://image.api.playstation.com/vulcan/ap/rnd/202412/1203/c4e88eff6ebbea0bbbde70a28c24b09d3b331ea9aa5d3dd4.png?w=1920,액션,playstation
Maestro,https://store.playstation.com/ko-kr/concept/10014333,2025-06-20,https://image.api.playstation.com/vulcan/ap/rnd/202505/1216/8aa85489f68f65ede885adee1a33eb94c61c371d7d6876d5.png?w=1920,"지금 사전 주문하고 스타워즈 에피소드 1 테마 DLC를 무료로 받으세요!

포함:
존 윌리엄스의 스타워즈 에피소드 1 운명의 결투
그리고 라이트바톤!

문화, 문화, 문화를 배워야 해요!


마에스트로가 되어라!

이 놀라운 VR 경험에서, 당신은 역사적인 파리 오페라 하우스의 웅장한 무대에서 전체 오케스트라를 지휘합니다. 모든 공연은 스타일과 사운드가 어우러진 대단한 볼거리입니다. 멋진 시대 의상을 입고 웅장한 장식으로 무대를 꾸며보세요!



PlayStation VR2의 실제 같은 핸드 트래킹으로 템포를 설정하고, 신호를 보내고, 실제 지휘자처럼 웅장한 크레셴도를 만들어보세요. 여러 난이도와 점점 복잡해지는 악보에 도전하여 당신의 실력을 시험하며 모든 곡이 손안에서 살아 움직이는 느낌을 받을 수 있습니다.



사랑받는 명곡들의 전설적인 레퍼토리를 마스터하세요. 베토벤과 모차르트부터 스트라빈스키와 엘링턴까지, 그리고 더 많은 서사적인 테마를 콘서트에 추가하세요: 스타워즈의 상징적인 “Duel of the Fates”를 지휘하고, 해리포터의 매혹적인 “Hedwig’s Theme”를 이끌며, 왕좌의 게임 군대를 불러일으키고, 판타지아의 위엄을 발휘하거나, 반지의 제왕의 “The Bridge of Khazad-dûm”의 긴장감을 느껴보세요.



마에스트로는 궁극의 하이컬처 판타지—영화 같은 드라마와 우아한 예술성이 VR에서 생생하게 살아납니다.

행운을 빕니다, 마에스트로","Maestro,마에스트로",Double Jack SAS,https://image.api.playstation.com/vulcan/ap/rnd/202505/1216/8aa85489f68f65ede885adee1a33eb94c61c371d7d6876d5.png?w=1920,음악/리듬,playstation
Chronicles of the Wolf,https://store.playstation.com/ko-kr/concept/10013371,2025-06-19,https://image.api.playstation.com/vulcan/ap/rnd/202503/2516/157688fa94ee6b8f7ce7f9eca7b8c576b1e64b9cb84c3402.jpg?w=1920,"괴수는 실존하며, 여러분을 기다리고 있습니다.

Chronicles of the Wolf에서는 장미십자회의 마지막 회원, 마테오 롬바르도로 플레이하며 악명 높은 제보당의 괴수를 사냥하게 됩니다. 빠르게 진행되는 전투, 도전 정신을 자극하는 탐험, 깊이 있는 스토리텔링이 어우러진 이 어둡고 스릴 넘치는 플랫포머 어드벤처 게임은 해당 장르의 팬이라면 반드시 플레이해 봐야 하는 작품입니다.

저마다 위험과 비밀로 넘치는 거대한 성, 위험천만한 숲, 신비로운 유적을 탐험하세요. 이 유기적으로 연결되어 있는 방대한 세계를 헤쳐 나가기 위해서는 주민들과 대화하고, 강력한 무기를 모으고, 정교한 퍼즐을 풀고, 게임의 판도를 뒤바꾸는 능력을 잠금 해제해야 합니다. 그리고 그 과정에서 마주치는 무자비한 보스는 여러분의 실력을 한계까지 몰아붙일 것입니다.

평단의 찬사를 받은 고딕 액션 시리즈의 상징이자 Kira Buckland가 성우를 담당한 피투성이 적, 블러드리스가 특별 출연합니다. 게임계에서 가장 호평받는 다크 판타지 어드벤처 작품에 참여한 전설적인 성우, Robert Belgrade의 내레이션에 빠져들어 보세요. 빠르게 진행되는 전투와 깊이 있는 스토리텔링 및 탐험이 한데 어우러진 Chronicles of the Wolf는 Migami 몬스터 세계관의 유산을 이어받아 흡인력 있는 메트로배니아 경험을 선사합니다.

Chronicles of the Wolf의 아름다운 일러스트로 구현된 컷신과 Jeffrey Montoya가 작곡한 강렬한 사운드트랙은 한 편의 영화처럼 몰입감 넘치는 경험을 자아냅니다. 비디오 게임 역사상 가장 상징적인 어드벤처 시리즈 중 하나에 참여한 것으로 유명한 Oscar Araujo의 놀라운 게스트 트랙은 이 어둡고 기나긴 여정에 딱 알맞은 느낌을 조성하며 게임의 분위기에 깊이를 한층 더합니다. 여기에 역사에서 얻은 영감과 긴장감 넘치는 게임플레이까지 더해진 이 작품은 단순한 게임을 넘어, 손에서 뗄 수 없는 수작이 되어줄 것입니다.",Chronicles of the Wolf,PQUBE,https://image.api.playstation.com/vulcan/ap/rnd/202503/2516/157688fa94ee6b8f7ce7f9eca7b8c576b1e64b9cb84c3402.jpg?w=1920,어드벤처,playstation
Only Tung Tung Sahur UP,https://store.playstation.com/ko-kr/concept/10015544,2025-06-10,https://image.api.playstation.com/vulcan/ap/rnd/202505/2312/7af2a06ebc2cba1e0175f1fa2475275c6be67f0ecaf38cf1.jpeg?w=1920,"오직 퉁퉁 사후르만
너무 할랄해서 아픈 게임.

당신은 아방 드럼입니다.
시간: 새벽 4시 1분.
임무 아잔이 오기 전에 모두를 깨우지 않으면 영원한 삼발의 수치로 멸망합니다.

게임플레이는?
오래된 TV 안테나, 길고양이, 떠다니는 나시 레막 포장마차, 그리고 항상 아이들에게 재미로 소리를 지르는 아저씨로 만든 700미터 수직 열병의 꿈에 오르세요.
물리학? 아니요.
중력에 대한 존중? 절대 아닙니다.
검문소? 저게 뭐야, 하람?

넘어졌어? 캄풍 레벨로 돌아갑니다.
올라갈래? 하늘이 점점 더 이상해져요.
정상에 도달했나요? 북이 신화 속 사후르의 징으로 변하고 전설적인 이웃으로 올라갑니다.
실패하셨나요? 막식에게 슬리퍼로 뺨을 맞고 수치심에 부활합니다.

스토리는 없습니다.
자비도 없습니다.
오직 퉁퉁퉁과 고통만 있을 뿐입니다.

모든 점프는 기도입니다.
모든 추락은 두아입니다.
모든 분노는 영적 정화입니다.

최적화되지 않았습니다.
균형이 맞지 않습니다.

분노와 드럼 스틱, 그리고 잠을 자지 않는 것으로 구동됩니다.

이건 게임이 아닙니다.
오직 퉁퉁사후르 업뿐입니다.",Only Tung Tung Sahur UP,CGI LAB SRL,https://image.api.playstation.com/vulcan/ap/rnd/202505/2312/7af2a06ebc2cba1e0175f1fa2475275c6be67f0ecaf38cf1.jpeg?w=1920,"시뮬레이터, 어드벤처, 액션",playstation
Against the Storm,https://store.playstation.com/ko-kr/concept/10011016,2025-06-26,https://image.api.playstation.com/vulcan/ap/rnd/202501/1410/6821193874f1605495af2b3de79fea8077ba0c0d6fdadfa2.png?w=1920,"플레이어는 총독이 됩니다. 그을린 여왕의 임명을 받아 그을음 도시를 위해 황야를 개척하고 잃었던 재물을 찾아내야 하는 지도자입니다. 그을음 도시는 옛 세상을 파괴한 파멸폭풍에 대항하는 문명의 마지막 요새입니다. 단 하나의 도시에만 집중하는 일반적 생존 도시 건설 게임과 달리 Against the Storm에서는 광대하고 번창한 정착지를 긴밀하게 연결한 조직망으로 형성하고 각각 고유한 전문성과 필요가 있는 여러 환상의 종족으로 채워가야 합니다.

하지만 황야에는 여러 가지 위험이 도사리고 있으며, 끝나지 않는 폭풍이 몰아쳐 주민들을 굴복시킵니다. 정착지가 무너지면 원정은 끝이 나지만, 그대로 게임이 끝나는 것은 아닙니다. Against the Storm은 로그라이트 도시 건설 게임이므로, 황야로 새로운 여정을 떠날 때마다 과거 원정의 자원, 업그레이드, 경험을 이어서 활용할 수 있습니다.

다양한 마을 주민 관리
여우, 비버, 도마뱀, 인간과 하피는 생존을 위해 함께 고군분투하고 있습니다. 각 종족의 강점을 활용해 주거와 음식 선호도에서 호화품과 여가 취향까지 다양한 필요를 충족시켜야 합니다. 우비를 생산하고, 에일을 빚으며, 파이를 구워 숲의 적의로 억압받는 주민의 사기를 진작시킬 수도 있고 한 종족의 요구 사항을 충족하는 데 집중해 그을린 여왕을 위해 더 빨리 움직일 수도 있습니다.

도시 건설과 로그라이트의 만남
도시 건설의 핵심적 특성과 로그라이트의 반복 플레이가 결합한 게임플레이를 경험해 보세요. 메타식으로 발전하는 중요 자원을 모아 그을음 도시를 업그레이드하는 동시에 거대한 세계 지도 곳곳에 여러 도시를 건설하고 관리하세요. 정착지에 피할 수 없는 위협을 가하는 반복되는 파멸폭풍과 끊임없는 발전을 기대하는 까다로운 그을린 여왕의 요구가 플레이어를 압박합니다. 다른 도시를 세우는 것에 관심을 돌리기 전에 평판을 관리해 기존 도시에서 성공하고, 항상 새로운 성장 기회를 노리고, 다양한 생물군계에서 고유한 도전에 직면하고, 궁극적으로 그을음 도시를 제외한 모든 것이 파괴될 것에 대비하세요. 각 사이클을 최대한 활용해 그을음 도시를 최선의 운명으로 이끌 뿐 아니라 총독으로서도 성공할 방법을 찾아야 합니다.

언제나 새로운 메커니즘
수백 가지 게임플레이 변경 요소와 각각의 개별 특성이 있는 6가지 생물군계가 있기에, 아무리 지략이 뛰어난 총독이라도 도시마다 다른 도전을 극복해야 합니다. 달라지는 기후에 맞게 전략을 조정하고, 다양한 건물 설계도와 특전을 조합하여 정착지를 번성하게 하거나 파괴하세요. 추가 목표를 달성하고 잠재적인 은혜를 받기 위해 위험한 숲 깊은 곳을 탐험할 수도 있고. 능력 안에서 도시를 운영하기 위해 조심스러운 접근 방법을 사용할 수도 있습니다. 내년에 상인이 어떤 상품을 가지고 올지 모르며 숲에는 보물과 자원이 있지만 고대의 위협도 도사리고 있습니다.

끝없는 도시 건설
새로운 도시의 기초를 만들어가는 일은 도시 건설 게임에서 가장 흥미로운 부분으로 꼽을 수 있습니다. Against the Storm에서는 새로운 정착지를 계속해서 만드는 동시에 점점 확장되는 세계에서 이전에 건설한 도시를 관리하고 교역하며 이런 재미를 계속해서 느낄 수 있습니다.","Against the Storm,Against the Storm 어게인스트 더 스톰",Hooded Horse Inc.,https://image.api.playstation.com/vulcan/ap/rnd/202501/1410/6821193874f1605495af2b3de79fea8077ba0c0d6fdadfa2.png?w=1920,"전략, 시뮬레이션",playstation
DRAGON BALL GEKISHIN SQUADRA,https://store.playstation.com/ko-kr/concept/10007638,1985-09-13,https://image.api.playstation.com/vulcan/ap/rnd/202505/2709/d8d15ff5fd47b3a844017c16a371f7d58c00a705b12e3248.jpg?w=1920,"[드래곤 볼 최초 팀 대전 게임 개막!]

◆4vs4로 펼쳐지는 팀 대항 배틀
직접 전장을 누비며 동료와 함께 공략하는 등 자유로운 플레이!
시합 중 진화하는 히어로들을 조작하여 적 플레이어, 보스 캐릭터들도 전부 날려 버려라.

◆3개의 롤 중 하나를 선택하여 플레이
강력한 공격에 특화된 대미지 딜러, 벽이 되어 아군을 지키는 탱커, 엄호나 방해 능력이 다채로운 테크니컬.
역할에 따른 특징적인 히어로가 다수 등장.

◆커스터마이징
히어로들의 외형은 물론, 애니메이션 연출 등도 원하는 대로 커스터마이징 가능.
등장 장면이나 최후의 공격 기술 등 다양한 옵션이 존재.",DRAGON BALL GEKISHIN SQUADRA,Bandai Namco Entertainment Inc.,https://image.api.playstation.com/vulcan/ap/rnd/202505/2709/d8d15ff5fd47b3a844017c16a371f7d58c00a705b12e3248.jpg?w=1920,액션,playstation
Exo-Calibre,https://store.playstation.com/ko-kr/concept/10014570,2025-06-25,https://image.api.playstation.com/vulcan/ap/rnd/202505/1605/88dfa15f35a024f0563f1506c28b65aef8f64e2a3e3139b0.png?w=1920,"최첨단 엑소-메크로 무장하고 전 세계의 평화, 정의, 희망을 위해 싸우는 엘리트 파일럿, 엑스-칼리버 나이트를 만나보세요! 엑소-테크 그룹은 인류를 위한 고급 무기와 방어 시설 개발에 헌신해 왔지만, AI 드론이 오작동을 일으키면서 인간을 공격하기 시작했습니다. 이제 당신이 엑스-칼리버 나이트를 조종하여 수단과 방법을 가리지 않고 질서를 회복해야 합니다!

3명의 여성 파일럿 중 한 명을 선택하여 비행하세요. 모든 파일럿은 각기 다른 고유의 사격 타입과 근접 무기를 보유하고 있습니다. 로봇 적 무리를 상대로 수직 스크롤링 슛뎀업 전투를 펼치세요. 화면을 가득 채우는 보스를 물리치고, 최고 점수를 획득하세요. 높은 체력을 유지하고 라이프를 잃지 않으면 보너스를 받을 수 있습니다. 4가지 플레이 모드의 리더보드에서 높은 플레이어 순위에 도전하세요!

• 3명의 여성 파일럿 팀 중에서 한 명을 고르고, 진행하면서 더 많은 캐릭터를 잠금 해제하세요!
• 수직 스크롤링 총알 지옥 스테이지에서 전투를 펼치세요.
• 다양한 사격 타입과 근접 무기를 사용해서 적 무리와 거대한 보스를 물리치세요!
• 2D 픽셀 아트 비주얼과 알록달록하고 귀여운 디자인을 즐기세요!
• 컷신과 대사를 통해 펼쳐지는 유쾌한 이야기를 감상하세요.
• 스토리, 아케이드, 보스 러시, 타임 러시 모드의 리더보드에서 높은 순위를 차지하세요!",Exo-Calibre,eastasiasoft,https://image.api.playstation.com/vulcan/ap/rnd/202505/1605/88dfa15f35a024f0563f1506c28b65aef8f64e2a3e3139b0.png?w=1920,"슈팅, 아케이드, 액션",playstation
Firmament,https://store.playstation.com/ko-kr/concept/10000929,1985-09-13,https://image.api.playstation.com/vulcan/ap/rnd/202506/0622/a54d2f49b4226699f5ca5ef3ed822ce84c8624aa37cb3ef8.png?w=1920,"FIRMAMENT 소개

《Firmament》는 전설적인 게임 스튜디오가 제작한 퍼즐 어드벤처 게임입니다. 이 스튜디오는 베스트셀러 게임인 《Myst》와 《Riven》의 개발사로 유명하죠. 심오한 스토리텔링과 세계관을 바탕으로, 버려진 듯한 이 세계를 탐험하며 세 가지 독특한 영역의 미스터리를 풀어가세요… 그리고 그 너머까지!

세계를 탐험하라

독특한 스팀펑크 스타일이 특징인 《Firmament》는 Cyan Worlds 특유의 깊이 있는 세계관 구축으로 당신을 초대합니다. 게임은 시각적으로 환상적인 경험을 제공하며, 구석구석 놀라운 풍경이 기다립니다. 동시에 이 세계는 놀랄 만큼 사실적으로 느껴지며, 더 큰 목적을 위해 지어진 것처럼 보입니다… 그 목적은 플레이하며 직접 밝혀나가야 합니다.

퍼즐을 해결하라

여정 중 당신은 ""어접트(Adjunct)""라는 장치를 소지하게 됩니다. 이 장치는 Firmament 세계 곳곳의 다양한 장치와 상호작용할 수 있는 도구입니다. 퍼즐을 해결하기 위해 이 장치를 사용하면서, 이 세계에 숨겨진 비밀에 점점 가까워지게 됩니다.

이야기를 발견하라

Firmament에서 당신은 완전히 혼자가 아닙니다. 어접트 외에도 미스터리한 환영이 동행하며, 그녀 역시 자신의 이야기를 들려줍니다. 탐험 도중 세 개의 영역을 만나게 되며, 각각의 영역은 고유한 비밀과 목적을 감추고 있습니다. 이 영역들의 진짜 목적은 무엇이며, 당신과 함께하는 영혼을 믿을 수 있을까요?

미스터리를 밝혀라

Firmament의 영역은 정말 버려졌을까요? 세계 곳곳에 흩어져 있는 거대한 정체불명의 기계들은 무엇일까요? 그것들의 목적은? 그리고 당신은 이 엄청난 미스터리 속에서 어떤 역할을 하게 될까요? 탐험하고, 발견하고, 퍼즐을 해결하며, 직접 《Firmament》의 수수께끼를 풀어보세요!",Firmament,"Cyan, Inc.",https://image.api.playstation.com/vulcan/ap/rnd/202506/0622/a54d2f49b4226699f5ca5ef3ed822ce84c8624aa37cb3ef8.png?w=1920,어드벤처,playstation
Missile Command Delta,https://store.playstation.com/ko-kr/concept/10012612,2025-07-08,https://image.api.playstation.com/vulcan/ap/rnd/202503/1117/d390b00d798c93ba183c0dbf04de7a0624ff8b4f1ae43a5e.jpg?w=1920,"미사일이 날아오고 있습니다. 위험이 높습니다. 오직 당신만이 파괴를 막을 수 있습니다. Mighty Yell과 13AM Games의 팀은 Atari의 가장 상징적인 타이틀 중 하나를 가져와 플레이어가 전략적으로 방어 풀을 관리하여 날아오는 미사일 라운드에서 살아남아야 하는 고압적인 전술 턴제 게임을 만들었습니다.

미사일 커맨드 델타는 완전히 새로운 방식으로 게임 플레이에 접근하지만, 아케이드 원작의 긴장감과 서스펜스는 그대로 유지합니다. 한 번의 잘못된 선택이 심각한 결과를 초래할 수 있으므로 모든 움직임에 대해 전략적으로 생각해야 합니다. 이 턴제 전략 게임은 미스터리 팬, 완결주의자, 퍼즐을 탐험하고 해결하는 것을 좋아하는 플레이어에게 훌륭한 내러티브 스릴러로 포장되어 있습니다.

미사일이 날아오는 사이사이 지하 벙커를 조사하여 잠긴 방에 들어가 비밀을 밝히고 무기고를 강화하세요. 시간 내에 수수께끼를 풀 수 있을까요?

특징

턴 기반 전략
완전히 독특한 전략 경험. 벙커 깊숙한 곳을 탐험하면 새로운 미사일과 적 유형이 발견됩니다.

방어 계획 세우기
매 턴이 중요하며, 한 번의 잘못된 선택이 재앙을 불러올 수 있습니다. 다음 움직임을 계획하고 여러 적 미사일을 제거하는 연쇄 폭발을 계획하여 자원을 절약하세요.

하이 스테이크 미스터리
이 턴제 전략 게임은 고난도 내러티브 퍼즐로 구성되어 있습니다. 모든 문서를 읽고, 모든 단계를 주의 깊게 살펴보고, 모든 퍼즐을 [편집됨] 맞추세요.

냉전을 경험하세요
먼지 쌓인 명령 콘솔과 슈퍼컴퓨터로 이루어진 폐소공포증적인 복고풍 미래 미학이 냉전 시대 편집증에 빠져들게 합니다.",Missile Command Delta,ATARI,https://image.api.playstation.com/vulcan/ap/rnd/202503/1117/d390b00d798c93ba183c0dbf04de7a0624ff8b4f1ae43a5e.jpg?w=1920,"어드벤처, 퍼즐, 전략",playstation
Neon Noodles,https://store.playstation.com/ko-kr/concept/10011855,2025-07-16,https://image.api.playstation.com/vulcan/ap/rnd/202505/3008/e8ff6f38673ff59e61328144738e3f43fa118b075476ec6b.png?w=1920,"어둡고 반이상향적인 사이버펑크 미래에서 음식은 부와 신분을 나타내는 최고의 상징이 되었습니다. 귀족 계층은 Neon Noodles라는 혁명적인 발명품을 사용해서 자신들의 요리에 대한 욕구를 채우고 있습니다. 다른 모든 이들은 남은 찌꺼기를 주워 먹습니다. 기억도 없고 이름도 없는 당신은 이 기계에 들어가는 한 부품일 뿐입니다. 하지만 수수께끼의 메시지를 받고 잊혀진 과거가 떠오르면서, 당신은 Neon Noodles를 점령하고 당신의 유산을 되찾으려는 대담하고 은밀한 모험을 시작하게 됩니다.

Neon Noodles는 자유로운 요리 테마 기계 제작 퍼즐 게임입니다. 당신은 로봇 셰프를 프로그래밍해서 400가지의 재료를 활용해서 전 세계 250가지 레시피를 요리해야 합니다. 흥미로운 고객들의 과제에 도전하고 복잡하면서도 아름다운 자동화 기계를 설계하여 Neon Noodles 뒤에 감춰진 진실을 밝혀내세요. 과연 당신은 대기업의 탐욕의 손아귀에서 인류의 미래를 구해낼 수 있을까요?

특징:

• 직관적인 녹화 및 다시 플레이 시스템을 사용하여 요리 기계를 설계하세요!
• 400가지 재료를 사용하는 로봇 셰프를 프로그래밍하세요.
• 전 세계 요리에서 영감을 받은 250가지 레시피를 요리하세요!
• 인상적인 고객들의 흥미진진한 과제에 도전하세요.
• 음식이 값진 자원이자 신분의 상징이 되는 반이상향의 이야기를 즐기세요!",Neon Noodles,eastasiasoft,https://image.api.playstation.com/vulcan/ap/rnd/202505/3008/e8ff6f38673ff59e61328144738e3f43fa118b075476ec6b.png?w=1920,"퍼즐, 가족, 두뇌개발",playstation
Tiny Pixels Vol. 2 - Stormy Knights,https://store.playstation.com/ko-kr/concept/10015320,2025-07-09,https://image.api.playstation.com/vulcan/ap/rnd/202505/1605/d414a382215537bd5ea9f2035b888d44d681536af9d20bf1.png?w=1920,"Stormy Knights에서 지나치게 열성적인 기사가 되어 대륙 곳곳을 누비면서 무시무시한 납치범들로부터 공주님들을 구출하세요! 횡스크롤 픽셀 아트 스타일의 성에서 전략적 실시간 전투를 즐기세요. 각 성은 중세 유럽과 신비로운 페르시아부터 봉건제의 일본까지, 다양한 스타일로 오리지널 레트로 사운드트랙과 함께 펼쳐집니다!

베고, 피하고, 방어하고, 고블린과 리자드맨과 같은 부하 괴물을 물리쳐서 성의 보스와 대결하세요. 보스에게 승리를 거두면 그 성에 잡혀 있던 아리따운 공주님의 마음을 얻을 수 있습니다.

값진 황금 메달을 모아 3개의 스킬 트리에서 업그레이드를 구매하고 다가오는 도전에서 전세를 자신에게 유리하게 만드세요. 과연 불가능해 보이는 이 임무를 수행하면서 얼마나 오래 버티고 살아남을 수 있을까요?

• 검과 방패를 사용해서 베고, 피하고, 적의 공격을 막아내세요!
• 실시간으로 나타나는 적의 전술을 관찰하면서 전략적으로 적을 처리하세요.
• 각각의 성에서 무시무시한 적 보스와 대결을 펼치세요!
• 황금 메달을 모아 3개의 스킬 트리에서 업그레이드를 구매하세요.
• 피가 끓게 만드는 레트로 사운드트랙과 유려한 픽셀 아트를 즐기세요.",Tiny Pixels Vol. 2 - Stormy Knights,eastasiasoft,https://image.api.playstation.com/vulcan/ap/rnd/202505/1605/d414a382215537bd5ea9f2035b888d44d681536af9d20bf1.png?w=1920,"격투, 격투, 액션",playstation
Velocity Riders,https://store.playstation.com/ko-kr/concept/10014899,2025-06-20,https://image.api.playstation.com/vulcan/ap/rnd/202506/0220/6b13e8f8cc7fb81ac71bbabdee673ef394ec4aa498d2a826.png?w=1920,"아드레날린이 솟구치는 3D 바이크 레이싱 모험을 준비하세요! 초현실적인 그래픽과 매끄러운 조작으로 아름다운 환경을 누비세요. 교통 체증을 헤치고 나가든, 램프를 질주하든, 모든 레이스가 현실처럼 느껴집니다.

특징:

- 사실적인 3D 그래픽과 역동적인 환경
- 플레이어가 선택할 수 있는 다양한 바이크
- 난이도가 점점 높아지는 똑똑한 AI 상대
- 도시, 사막, 숲 등 다양한 트랙

열렬하게 경쟁하고, 자유롭게 달리세요. 도로는 당신의 것입니다!",Velocity Riders,YASH FUTURE TECH SOLUTIONS PVT LTD,https://image.api.playstation.com/vulcan/ap/rnd/202506/0220/6b13e8f8cc7fb81ac71bbabdee673ef394ec4aa498d2a826.png?w=1920,"시뮬레이션, 드라이빙/레이싱",playstation
Without a Voice,https://store.playstation.com/ko-kr/concept/10014634,2025-06-18,https://image.api.playstation.com/vulcan/ap/rnd/202505/1508/3412d5631de21bdc7dd5f86983a0ef687ede4c9103be507f.png?w=1920,"어둡고 무자비한 숲의 깊은 곳에서 추방당한 공주가 홀로 살아가고 있었습니다. 풍요 속에서 자란 그녀에게 숲은 너무나도 가혹한 곳이었고, 하루하루 살아남는 것만으로도 벅찼습니다. 그러던 어느 날, 신비롭고 아름다운 한 소녀가 나타나면서 이미 위태롭게 유지되던 그녀의 세계는 완전히 뒤흔들리게 됩니다. 공주는 이 낯선 이에게 한눈에 사로잡혀, 자신이 마치 동화 속 주인공이 된 듯한 착각에 빠지지만, 그 소녀는 점점 더 환상과는 거리가 먼 존재임이 밝혀집니다.

Without a Voice는 섬세한 캐릭터 초상화, 15,000자 이상의 대사, 풍성한 배경, 12개의 잠금 해제 가능한 이벤트 일러스트를 통해 전개되어 진지한 생각을 불러일으키는 비주얼 노벨 어드벤처입니다. 주요 선택지를 통해 이야기가 어떻게 전개될지 결정하고, 두 주인공 사이의 사랑과 미스터리로 가득한 이 이야기 속에서 8가지 엔딩을 발견해 보세요.

• 아름다운 비주얼로 구현된 판타지 세계를 탐험하세요!
• 중요한 선택을 통해 이야기를 진행하세요.
• 15,000자가 넘는 대사를 경험하세요!
• 인물의 관계가 어떻게 흘러갈지 직접 결정하세요.
• 게임을 진행하면서 특별한 이벤트 장면을 잠금 해제하세요!",Without a Voice,eastasiasoft,https://image.api.playstation.com/vulcan/ap/rnd/202505/1508/3412d5631de21bdc7dd5f86983a0ef687ede4c9103be507f.png?w=1920,"어드벤처, 유니크",playstation
Zombies Overloaded,https://store.playstation.com/ko-kr/concept/10014904,2025-06-27,https://image.api.playstation.com/vulcan/ap/rnd/202505/0712/370ba4c37d7ba022999bc6e3717faf451335d80cc7c69739.jpg?w=1920,"좀비가 도처에 있다! 아케이드 스타일의 슈팅 게임으로, 끝없이 몰려오는 좀비들이 좁은 방에서 당신에게 달려들고, 달리고, 기어옵니다! 당신의 유일한 희망은? 광란의 무기들과, 하늘의 운(그리고 약간의 실력!)으로 그들을 막는 것입니다.

벨트를 조이고 혼돈을 받아들여라! 탈출할 수 없는 방에 갇힌 채, 끝없이 몰려오는 좀비들을 처리하며, 랜덤으로 등장하는 무기들로 그들을 처치합니다. 매 5파도마다 보스가 등장해 당신의 하루를 망칠 것입니다. 생존을 위해서는 빠른 반사신경, 똑똑한 전략, 그리고 약간의 미친 감각이 필요합니다!

각 ""Overloaded"" 단계마다 독특한 보스 배틀을 준비하라! 각 보스 배틀은 고유한 도전 과제를 제공합니다 — 망치를 휘두르는 거대한 괴물에서부터, 좀비 S.W.A.T. 팀의 악몽까지. 확률? 완전히 불리합니다. 그리고 당신이 유리하다고 생각할 때마다, 이 보스들은 점점 더 강력하고 사악하며, 매번 돌아올 때마다 더 치명적이 됩니다!

전 세계와 경쟁하고, 당신이 최고의 좀비 처치자임을 증명하십시오!",Zombies Overloaded,Brainium Games LLC,https://image.api.playstation.com/vulcan/ap/rnd/202505/0712/370ba4c37d7ba022999bc6e3717faf451335d80cc7c69739.jpg?w=1920,액션,playstation
Maximum Football,https://store.playstation.com/ko-kr/concept/10003464,1985-09-13,https://image.api.playstation.com/vulcan/ap/rnd/202505/2714/61f686a950f8164a461a3eccfc682646fa14f4580620730e.jpg?w=1920,"Maximum Football은 생생한 게임플레이와 완전한 컨트롤을 제공하여, 나만의 방식으로 풋볼 세계를 만들도록 지원합니다. 팀의 커스터마이징부터 전술 지시까지 모든 결정이 여러분의 몫입니다.
College Dynasty 모드에서 팀을 모집, 육성 및 지도하면서 궁극의 도전에 뛰어들어 전국을 지배하세요. 로컬 및 온라인 멀티플레이에서 라이벌을 상대하거나, Coach 모드에서 전략과 직감을 시험하세요. 모든 결정이 승리의 길을 만듭니다.
Unreal Engine 5를 통한 매끄러운 물리 기반 게임플레이로, Maximum Football은 경기 당일의 에너지를 생생하게 전달합니다. 더 많은 자유와 섬세한 컨트롤, 다양한 플레이 방식을 원하는 플레이어들을 위해 제작된 풋볼 게임입니다.
정기적인 콘텐츠 업데이트 및 새로운 기능은 물론, 커뮤니티 피드백에 따른 규칙 설정과 게임 모드를 통해 경기는 계속해서 새로워집니다. 풋볼 팬들이 경쟁을 펼치는 곳, Maximum Football에서는 팀을 만들 수도, 경쟁할 수도 있고 둘 다 즐길 수도 있습니다.

나만의 풋볼
로고, 저지, 헬멧, 선수 속성, 플레이북을 커스터마이징하고 커뮤니티에서 창작물을 공유해 보세요.

College Dynasty 모드
여러 시즌에 걸친 심도 있는 지도 경험을 통해 능력 있는 선수를 모집하고 육성하며 챔피언십을 목표로 경쟁하세요.

생생한 풋볼 게임플레이
Unreal Engine 5를 통한 물리 기반 태클과 현실감 넘치는 애니메이션으로 매 순간의 긴장감을 느끼세요.

로컬 및 온라인 멀티플레이어
친구와 로컬로 플레이하거나 온라인에서 정면 대결로 경쟁하세요.

Coach 모드
전략가로서 모든 것을 컨트롤하세요. 플레이를 설계하고, 포메이션을 설정하고, 사이드라인에서 팀을 이끄세요.

커뮤니티 중심의 혁신
이 게임은 여러분과 함께 만듭니다. 플레이어 피드백에 따라 업데이트와 기능 추가가 자주 이루어지니 기대해 주세요. Maximum Football Discord에서 함께하며 여러분이 염원하던 풋볼 게임을 만들도록 도와주세요.

이 게임에는 선택적 게임 내 가상 재화(Max Stacks) 구매가 포함되어 있습니다. 해당 재화로 무작위 가상 보상을 포함한 게임 내 아이템을 교환할 수 있습니다.",Maximum Football,Maximum Entertainment,https://image.api.playstation.com/vulcan/ap/rnd/202505/2714/61f686a950f8164a461a3eccfc682646fa14f4580620730e.jpg?w=1920,스포츠,playstation
A-RED Walking Robot,https://store.playstation.com/ko-kr/concept/10012585,2025-07-17,https://image.api.playstation.com/vulcan/ap/rnd/202409/1715/46415a5ed2afdb451bbc2b84b7008cd5c3cb086e8fdd7a0b.jpg?w=1920,"A-RED 워킹 로봇은 플레이어가 A-RED라는 귀엽고 빈티지 스타일의 빨간 로봇을 조종하는 물리 기반 퍼즐 플랫폼 게임입니다. 높이 7cm에 불과한 A-RED는 위험, 적, 퍼즐로 가득한 복잡한 환경을 탐험합니다. 게임이 진행됨에 따라 A-RED의 능력은 손을 사용한 기본적인 물체 조작부터 레이저 건, 제트팩, 전기 기반 능력과 같은 고급 기술까지 다양하게 발전합니다. 주요 도전은 추락을 피하는 것이며, 추락 시 즉사하며 마지막 체크포인트로 재설정됩니다. 이 게임은 물리 기반 게임 플레이, 복잡한 퍼즐 및 진화하는 도전을 통해 플레이어를 끌어들이도록 설계되었습니다.",A-RED Walking Robot,Dojo System S.L.,https://image.api.playstation.com/vulcan/ap/rnd/202409/1715/46415a5ed2afdb451bbc2b84b7008cd5c3cb086e8fdd7a0b.jpg?w=1920,어드벤처,playstation
Bad Cat,https://store.playstation.com/ko-kr/concept/10015398,1985-09-13,https://image.api.playstation.com/vulcan/ap/rnd/202505/1016/36b9e3335502cf5ad981336d6a31a0ce5656e5571a2e5a41.jpg?w=1920,"Cat Simulator 3D에 오신 것을 환영합니다! 할머니와 함께하는 고양이의 삶! 고양이와 할머니가 한 집에서 함께 사는 이 게임은 고양이 대 할머니의 짜릿한 복수극입니다. 이 동물 시뮬레이터 게임에서 가장 장난꾸러기 고양이가 되어 보세요.

이 유쾌한 장난꾸러기 게임에서, 할머니의 집을 엉망진창으로 만들며 엉뚱한 짓을 벌이세요. 지옥에서 온 작고 못된 새끼 고양이가 되어 보세요. 할머니와 강아지에게 온갖 장난을 쳐야 합니다.

혼란을 일으키고, 소시지를 훔치고, TV를 부수고, VR 게임을 하고, 보스 고양이처럼 마음껏 놀아보세요. 수족관에서 물고기를 모아 잡아 보세요! 할머니의 주의를 돌리기 위해 TV를 켤 수도 있습니다. 목표는 할머니와 강아지를 화나게 만드는 것입니다. 이 3D 반려동물 시뮬레이터 게임에서 모든 장난을 완벽하게 해내고 장난꾸러기들을 충분히 혼란스럽게 만들어 승리를 거둘 수 있을까요?

평범한 반려동물로 시작하지만, 장난꾸러기 고양이라는 타이틀을 얻게 되고, 그 순간부터 재미가 시작됩니다. 이 게임에서는 할머니를 항상 긴장하게 만들겠다는 깜찍한 장난꾸러기 역할을 맡게 됩니다.

다양한 임무를 완수하여 집안 곳곳을 최대한 어지럽히는 것이 목표입니다. 찬장에 숨거나, 테이블 위로 뛰어오르거나, 꽃병을 바닥에 떨어뜨리거나, 강아지를 밀쳐내는 등, 항상 다른 장난을 쳐볼 수 있습니다. 이곳에서는 나쁜 짓은 언제나 보상으로 주어집니다. 처벌은 없고, 순수한 고양이의 무질서함만 있을 뿐입니다.

심지어 장난기 넘치는 당신의 기분에 맞춰 다양한 고양이 스타일과 색깔을 잠금 해제할 수도 있습니다. 복슬복슬한 오렌지색 얼룩 고양이든, 매끈한 샴 고양이든, 당신은 언제나 주인공입니다.

게임의 특징:

• 파괴 가능한 아이템이 있는 할머니 집을 탐험하세요.
• 물고기 모으기, 강아지 밀기, 그리고 다양한 장난기 넘치는 활동 등 특별한 퀘스트를 즐겨보세요.
• 집안을 난장판으로 만드는 장난꾸러기 고양이를 조종하세요.
• 재미있는 도전과 과제를 해결하세요.
• 대도시를 탐험하세요.
• 휠을 돌려 게임을 더욱 재미있게 만들어 줄 보너스를 받으세요!
• 1인칭 컨트롤러로 즐기는 3D 고양이 시뮬레이터
• 할머니와 강아지의 역동적인 반응",Bad Cat,APPWILL COMPANY LTD,https://image.api.playstation.com/vulcan/ap/rnd/202505/1016/36b9e3335502cf5ad981336d6a31a0ce5656e5571a2e5a41.jpg?w=1920,시뮬레이터,playstation
Bombardiro Crocodilo Simulator,https://store.playstation.com/ko-kr/concept/10015590,2025-06-18,https://image.api.playstation.com/vulcan/ap/rnd/202505/2714/5b8dee189f05eeb3d5d251ce9e9bb03769956edd6a3fdcde.png?w=1920,"역대급으로 웃긴 폭격 게임에서 하늘을 날아보세요.
타이밍 좋게 폭탄을 떨어뜨리고, 밈을 맞히고, 하늘을 지배하세요.",Bombardiro Crocodilo Simulator,Oiven Games,https://image.api.playstation.com/vulcan/ap/rnd/202505/2714/5b8dee189f05eeb3d5d251ce9e9bb03769956edd6a3fdcde.png?w=1920,액션,playstation
Cappuccino Assassino Shooter,https://store.playstation.com/ko-kr/concept/10015782,2025-06-26,https://image.api.playstation.com/vulcan/ap/rnd/202506/1211/8b25911ad2172a9a931c69464ed72f86ba34f6e2d693f509.png?w=1920,"카푸치노 어쌔시노는 인터넷 밈으로 가득 찬 초고속 슈팅 게임입니다. 쏘고, 점수를 올리고, 당신의 반사 신경을 시험해 보세요. 단순하고, 황당하며, 중독성 강한 아케이드 경험. 준비됐나요? 조준... 밈 발사!",Cappuccino Assassino Shooter,Oiven Games,https://image.api.playstation.com/vulcan/ap/rnd/202506/1211/8b25911ad2172a9a931c69464ed72f86ba34f6e2d693f509.png?w=1920,액션,playstation
Choice of Life: Wild Islands,https://store.playstation.com/ko-kr/concept/10014822,1985-09-13,https://image.api.playstation.com/vulcan/ap/rnd/202504/2913/802f289da9f0d0d345b147d2003fcc5570396c185f31b757.jpg?w=1920,"당신은 첫 항해 중에 폭풍을 만난 평범한 선원입니다. 배는 암초에 부딪혀 침몰하고, 승무원 전원이 목숨을 잃으며, 당신 혼자만이 무인도 해변에 표류합니다. 생존하려는 것 외에 다른 선택지가 있을까요? 삶과 죽음 사이에서 선택할 수 있을까요? 카드 기반 비주얼 노벨 게임 ""Choice of Life: Wild Islands""에서 그 답을 찾아보세요!

정글을 정복하고, 가장 절망적인 상황에서도 자신의 운명을 개척할 수 있음을 증명하세요!

당신이 어떤 사람이 될지는 당신이 결정합니다 – 성실한 노동자가 될 것인가, 자연이 제공하는 모든 것을 즐기는 쾌락주의자가 될 것인가. 황량한 숲 한가운데에 문명을 세우고 싶은가요? 아니면 죽음을 마주하며 삶을 만끽하고 싶은가요?
섬을 탐험하는 방법도 당신의 선택에 달려 있습니다. 자원을 아껴 쓰거나 무분별하게 소비하세요. 숲의 야수들과 피비린내 나는 전투를 벌이거나, 그들을 길들여 조화를 이루며 살아가세요.
결정은 당신에게 달려 있습니다! 이 섬을 떠날 것인가, 아니면 새로운 집으로 삼을 것인가요?

하지만 조심하세요 – 당신의 모든 선택은 목숨을 잃을 위험을 초래할 수 있으며, 목숨 이상의 대가를 치를 수도 있습니다...

주요 특징:
★ 비선형 스토리 – 모든 선택은 예측할 수 없는 결과를 가져올 수 있습니다
★ 생동감 넘치는 2D 일러스트 – 섬에서의 삶을 다채롭고 독특하게 만듭니다
★ 수천 가지 이벤트와 럼주 한 병! 혹은 백 가지 죽음의 방식…",Choice of Life: Wild Islands,APPWILL COMPANY LTD,https://image.api.playstation.com/vulcan/ap/rnd/202504/2913/802f289da9f0d0d345b147d2003fcc5570396c185f31b757.jpg?w=1920,"액션, 어드벤처, 캐주얼",playstation
Collie Call: Farm of Tomorrow,https://store.playstation.com/ko-kr/concept/10015313,2025-06-18,https://image.api.playstation.com/vulcan/ap/rnd/202505/2315/3fc603841922b3bfbc7808a3c0c5e339ce67adffd5b74f81.png?w=1920,"Collie Call: Farm of Tomorrow에서 당신은 다시 목초지에서 가장 똑똑한 강아지가 됩니다 — 하지만 이번에는 농장이 완전히 SF 스타일로 변했어요! 텔레포터, 컨베이어 벨트, 기름 웅덩이, 교묘한 구멍 등 온갖 장치들을 이용해 뽀송뽀송한 친구들을 안전하게 인도하려면 온전한 두뇌와 꼬리를 흔드는 결단력이 필요합니다.

각 스테이지는 새로운 트릭과 더 어려운 도전으로 가득합니다. 미끄러운 겨울 들판, 유령 마차, 꽃피는 봄 연구소까지, 30개의 수작업 퍼즐을 통과하며 독특한 기술과 영리한 퍼즐을 경험하세요.

주요 특징:

미래형 농장 장비가 포함된 그리드 기반 퍼즐

언제든지 실행 취소 및 재시작 가능 — 부담 없이 긍정적으로 플레이

3가지 테마 월드: 겨울, 핼러윈, 봄

양 텔레포터, 회전 벨트, 문, 기름 웅덩이 등 다양한 메커니즘!

퍼즐 풀기를 좋아하고, 앞을 내다보며, 열정 넘치는 보더콜리를 돕고 싶다면 이 게임이 당신에게 딱입니다. 내일의 양 떼를 이끌 준비 되셨나요?",Collie Call: Farm of Tomorrow,Afil Games,https://image.api.playstation.com/vulcan/ap/rnd/202505/2315/3fc603841922b3bfbc7808a3c0c5e339ce67adffd5b74f81.png?w=1920,"퍼즐, 캐주얼",playstation
Discounty,https://store.playstation.com/ko-kr/concept/10009623,2025-08-21,https://image.api.playstation.com/vulcan/ap/rnd/202506/0714/a28429404ebb65364a05a23186b05482add3193d304e3c5d.jpg?w=1920,"나만의 할인 슈퍼마켓을 경영해 보세요! 많은 비밀을 숨기고 있는 이모의 사업을 확장해 나가며 작은 마을에서 벌어지는 우여곡절에 휘말리고, 가게의 배치를 정돈 및 계획하고, 벌이가 짭짤한 거래 계약을 맺으세요. 냉동 감자튀김을 많이 팔면 이 망가진 지역 사회를 치유할 수 있을 겁니다. 어... 그렇겠죠?

별난 항구 마을 블롬케스트로 어서 오세요. 여러분의 이모가 이곳에 하나밖에 없는 슈퍼마켓의 운영을 여러분에게 맡겼습니다. 가게를 디자인 및 정돈하고, 재고량을 관리하고, 계산대에서 일하고, 거래 계약을 체결하세요. 지역 사회의 인간 관계를 파악하며 매력적인 현지 주민들과 친해지고, 사업을 성장시켜야 합니다. 가능한 모든 수단을 동원해 사업을 확장하되, 이 끈끈한 지역 사회에서 너무 빠른 성장은 반발을 살 수 있다는 점을 잊지 마세요. 끝없는 수익을 추구하실 건가요? 아니면 블롬케스트의 모두를 위할 방법을 찾으실 건가요?

블롬케스트로의 뜨뜻미지근한 환영
쇠락한 항구 마을인 블롬케스트. 여러분은 이곳의 '디스카운티'라는 가게를 맡아 달라는 이모의 초대를 받았습니다. 하지만 여러분의 성공을 바라지 않는 이들도 있으니 조심하세요.

친구(또는 평생의 원수)를 만드세요
영업 시간이 끝나면 블롬케스트를 둘러보며 마을 주민들과 친해질 수 있습니다. 주민들을 디스카운티의 단골 고객으로 만들고, 마을의 비밀을 파헤치세요.

나만의 가게를 디자인하고 꾸미세요
선반과 상품을 다시 배치해 눈길을 끌고 효율적인 가게를 만드세요. 물건을 쉽게 둘러볼 수 있는 통로를 디자인하고, 소비자의 구매욕을 자극하는 장식을 추가하세요!

주민들과 거래 계약을 체결하세요
블롬케스트 주민들은 외지인을 달갑지 않게 생각합니다. 제조업자의 신뢰를 얻고, 거래 계약을 체결하고, 지역 특산물을 판매해 디스카운티의 수익을 끌어올리세요!

점장의 의무를 잘 수행하세요
선반에 상품을 채우고, 바닥을 청소하고, 창고를 정돈하세요. 고객이 불만을 가지지 않도록 제때 계산을 해줘야 합니다! 기다리는 것을 좋아하는 사람은 아무도 없으니까요...

슈퍼마켓을 제국으로 확장하세요!
급증하는 수익을 재투자해 성장하세요! 더 많은 재고를 쌓아 둘 수 있도록 가게를 확장하고, 온 마을에 홍보하세요!

점장을 맞춤 설정하세요
나만의 스타일을 드러내는 외형, 의상, 이름을 고르세요. 현명하신 이모님은 여러분이 어떤 모습을 하고 있든 알아볼 것입니다.",Discounty,PQUBE,https://image.api.playstation.com/vulcan/ap/rnd/202506/0714/a28429404ebb65364a05a23186b05482add3193d304e3c5d.jpg?w=1920,"시뮬레이션, 롤플레잉 게임",playstation
Escaping Wonderland,https://store.playstation.com/ko-kr/concept/10014006,1985-09-13,https://image.api.playstation.com/vulcan/ap/rnd/202502/0310/6d8cefe21ce84579d45e1b4df4fb7eae935df4fa93f68e7c.jpg?w=1920,"엉뚱한 상상과 불가사의, 수수께끼가 넘쳐나는 에스케이핑 원더랜드의 온통 뒤죽박죽인 토끼굴 속에서 신나게 놀아보세요! 항상 호기심이 많은 몰리와 함께 모두가 사랑하는 이상한 나라의 앨리스의 세계 속으로 새로운 모험을 떠나세요.

복잡한 퍼즐을 풀고 위아래와 좌우가 뒤집히고 보이는 것이 다가 아닌 마법처럼 황홀한 풍경 속에 푹 빠져 보세요. (보이는 것이 다인 곳도 있지만 어쩌면 그것도 환상일지 몰라요)


두뇌를 자극하는 문제, 마법, 유쾌한 넌센스가 폭발하는 게임 플레이를 몇 시간이고 즐기세요. 과연 몰리는 탈출할 수 있을까요? 아니면 때론 탈출하는 최고의 방법은 안으로 더 깊이 파고드는 것이라는 기이한 진실을 눈치챌 수 있을까요? 엉뚱한 소용돌이 속으로 들어가 몰리가 무엇으로부터 도망치려고 하는지 알아내고 몰리가 기억을 되찾을 수 있게 도와주세요. 그럴 용기가 있다면 말이죠!


**특징:**
- 🦋 이상한 나라의 앨리스에 나오는 환상적인 캐릭터들과 어울리세요
- 🌳 멋진 디오라마 스타일의 환경 속에 푹 빠져 보세요
- 🙀 복잡한 퍼즐로 가득한 엉뚱한 게임 플레이를 수 시간 동안 즐기세요

“처음부터 시작하거라” 왕이 아주 심각하게 말했습니다. “그리고 끝에 도달할 때까지 가라. 그리고 멈춰라.”

아니면 우리의 모험가님, 어쩌면 끝은 시작에 불과하다는 사실을 깨닫게 될지도 몰라요! 에스케이핑 원더랜드는 **다운 더 래빗 홀** 이야기의 새로운 챕터이며, 전작을 개발했던 개발팀인 Cortopia Studios가 선사하는 새로운 이야기입니다",Escaping Wonderland,Beyond Frames Entertainment AB (publ),https://image.api.playstation.com/vulcan/ap/rnd/202502/0310/6d8cefe21ce84579d45e1b4df4fb7eae935df4fa93f68e7c.jpg?w=1920,"어드벤처, 퍼즐",playstation
FBC: Firebreak,https://store.playstation.com/ko-kr/concept/10012303,2025-06-17,https://image.api.playstation.com/vulcan/ap/rnd/202503/2012/e5c8681b8807b2d9820c432694c2dba7f170be466424b68e.jpg?w=1920,"FBC: Firebreak는 외계 세력의 공격을 받고 있는 의문의 연방 기관을 배경으로 한 협동 1인칭 슈팅 게임입니다. 수년에 걸친 기관 본부에 대한 포위 공격이 극에 달한 가운데, 기관의 가장 다재다능한 부대인 Firebreak만이 건물의 가장 기이한 위기를 뚫고 질서를 회복하고 위기에서 탈출할 수 있는 장비와 배짱을 갖추고 있습니다.

초자연적 판데모니엄
가장 어둡고 기묘한 시간 동안 예측할 수 없고 초월적인 연방 통제국(FBC)의 본부 속으로 뛰어들어 보세요. FBC의 용감한 응급 구조대원 중 한 명인 당신과 당신의 팀은 현실을 뒤흔드는 이상 현상부터 다른 세계의 괴물까지, 그 어떤 것과도 맞서 싸워야 하는 임무를 맡게 됩니다. 혼돈을 억제할 수 있을까요, 아니면 결국 통제력을 잃게 될까요?

혼돈 속의 협동
친구 또는 낯선 사람들과 힘을 합쳐 각 임무를 완수해 보세요. 이 3인 협동 FPS에서의 생존은 예상치 못한 다양한 장소에서 격렬한 초자연적 위기를 극복하기 위해 출동하는 빠른 판단력과 원활한 팀워크에 달려 있습니다. 나만의 특별한 도구와 기술을 활용하거나 주변에서 구할 수 있는 모든 것을 즉흥적으로 활용하여 팀원들을 지원함으로써 생존 확률을 높이세요.

총알 너머
출동하기 전에 무기를 선택하고 특수 도구, 수류탄, 지원 아이템, 초자연적 강화 아이템으로 Firebreak의 비상 키트를 꾸민 다음, 전략에 맞게 수정하고 플레이 방식을 변경하세요. 다양한 장비를 실험하여 플레이 스타일을 완성하고 팀과 시너지를 발휘하여 난이도에 상관없이 모든 임무에서 성공할 수 있는 우위를 점하세요.

연방 통제국
이 독립형 멀티플레이어 경험에서 낯설고 예상치 못한 컨트롤의 세계로 돌아가거나 처음으로 모험을 떠나보세요. 장비와 배짱만 갖춘 자원봉사 응급 구조대 팀원으로서 완전히 새로운 관점에서 FBC의 상징적인 본부인 '오래된 집'을 발견하고, 위기에서 본부를 구해내세요.",FBC: Firebreak,REMEDY ENTERTAINMENT LTD.,https://image.api.playstation.com/vulcan/ap/rnd/202503/2012/e5c8681b8807b2d9820c432694c2dba7f170be466424b68e.jpg?w=1920,액션,playstation
Firefighting Simulator: Ignite,https://store.playstation.com/ko-kr/concept/10008409,1985-09-13,https://image.api.playstation.com/vulcan/ap/rnd/202503/0614/6923e4242db0d2962503800c0bbff7a80c5b92ecf41eb618.png?w=1920,"힘을 합쳐 화재를 진압하라. Firefighting Simulator: Ignite에서 다양한 미국 중서부 도시의 소방관으로 거듭나 대원들과 함께 힘을 합쳐 자신의 한계를 시험하는 예측 불가능한 위험과 화재에 맞서 싸우며 생명을 구조하세요. 직관적인 협동 멀티플레이어 모드에서 3명의 친구 또는 NPC 대원과 함께 놀라운 그래픽으로 구현된 화재 진압 현장을 경험하세요. Unreal Engine 5 기반의 최첨단 물리 및 그래픽 시스템이 실시간으로 구현하는 맹렬한 불길과 열기, 연기에 맞서며 전에 없는 방식으로 소방 활동에 푹 빠져보세요.

경력을 쌓아가며 고립된 시민, 전기 화재, 가연성 액체, 기름으로 인한 화재, 백드래프트, 섬락, 폭발 등 다양한 상황에 도전하세요. 소방용 호스, 전기톱, 할리건 장비, 도끼, 소화기 등 실제와 같이 구현된 소방 도구로 무장하고 충실한 고증을 바탕으로 구현된 소방차와 사다리차를 활용하세요. 적절한 소방 전략을 정확하게 수행해 격렬한 화마를 제압하세요. 임무마다 환기를 통한 화재 확산 방지, 과열된 물체 냉각, 장애물 제거, 공기 흐름 감소, 올바른 소화 약제 선택 등 실전과 같은 화재 진압 전략이 필요합니다. 그리고 닫힌 문을 뚫고 들어오는 엄청난 양의 연기처럼 대형 참사를 유발할 수 있는 현장의 위험 요소도 항상 주의하세요.

하지만 너무 걱정할 필요는 없습니다. 평상시 소방서에서 올바른 화재 진압 방법과 장비 사용법을 배울 수 있으니까요. 임무가 없을 때는 휴식을 취하며 충실하게 재현된 Rosenbauer 소방차를 둘러보고 다음 임무를 선택하세요.

그러면 긴급 신고가 접수됐을 때 가장 빠른 경로로 현장에 도착해 화재를 진압하고 대원들과 함께 사람들을 구할 수 있습니다.

일상생활 속 영웅: 미국 소방관으로 거듭나세요
불타는 열정: 싱글플레이어 또는 멀티플레이어 모드에서 맹렬한 화재에 맞서 싸우세요
팀워크: 4인 협동 모드
힘을 합쳐 화재를 진압: 싱글플레이어 모드에서는 NPC 대원들과 힘을 합치세요
충실한 고증: HAIX®, Fire-Dex, STIHL, Leatherhead Tools 등 미국을 대표하는 소방 장비를 사용해 보세요
신속 대응: TP3® Pumper, Viper®, Roadrunner 68 등 라이선스를 받아 현실과 똑같이 구현된 Rosenbauer America 소방차를 운전하세요
소방관 커리어: 6가지 캐릭터와 다양한 소방관복 세트 중에서 선택하세요
소방서: 화재 진압 실력을 키우고 다음 긴급 임무를 선택하세요.
시뮬레이션: Unreal Engine 5 물리 엔진을 기반으로 불길, 열기, 물, 연기가 실제와 같이 구현되었습니다
PC 모딩: 모드를 만들어 Mod.io를 통해 공유하고 플레이하세요
콘솔 모딩: Mod.io 허브에서 새로운 콘텐츠를 다운로드하고 플레이하세요",Firefighting Simulator: Ignite,ASTRAGON ENTERTAINMENT GMBH,https://image.api.playstation.com/vulcan/ap/rnd/202503/0614/6923e4242db0d2962503800c0bbff7a80c5b92ecf41eb618.png?w=1920,시뮬레이션,playstation
Giant Machines 2017,https://store.playstation.com/ko-kr/concept/10014452,2025-08-08,https://image.api.playstation.com/vulcan/ap/rnd/202506/0414/928b4d7b7c2b74f9dd9cc27f7a3c5d1b61abaf28aeb1b618.jpg?w=1920,"거대 기계 2017에서는 지구상에서 가장 큰 7가지 산업용 기계를 제어할 수 있습니다. 쉭쉭거리는 유압 시스템, 굴삭기 버킷, 디젤 냄새가 나는 기계의 세계로 여러분을 안내합니다.

최신 시뮬레이터와 달리 14개의 주요 미션은 모두 하나의 스토리로 구성되어 있습니다. 목표는 우주 왕복선을 국제 우주 정거장으로 보내는 것입니다. 여러분의 임무는 다음과 같습니다:
- 산을 부수기,
- 수많은 지구를 옮기기,
- 금속 구조물 절단
- 방사능 광석 채굴,
- 그리고 운송(암석, 광석, 기계... 심지어 우주 왕복선까지!!)

유니티의 기계에는 다음과 같은 특징이 있습니다:
- 정확하게 재현된 조종석과 모델,
- 액추에이터와 크레인의 완전 아날로그 제어,
- 완전한 물리 시뮬레이션(군더더기 없이!).

캠페인은 6개의 다른 지역에서 진행됩니다: 그린란드, 캐나다, 와이오밍, 미주리, 플로리다. 기계에 대한 상세한 묘사 덕분에 기계의 크기를 (인간, 자동차 및 지도에 배치 된 건물과 비교하여) 감상 할 수 있습니다. 1인칭 시점으로 기계를 탐험할 수도 있으며, 조종석에서 바라보는 넓은 시야는 정말 무거운 기계의 세계에 몰입할 수 있게 해줍니다.

또 다른 게임 플레이 모드는 타임 어택입니다. 스토리 모드(캠페인)를 완료하면 잠금 해제되며, 엄선된 미션으로 구성되어 있습니다. 정해진 시간 내에 미션을 완료하면 동메달, 은메달, 금메달을 획득할 수 있으며, 최고점수에 진입할 수 있습니다.

자이언트 머신 2017에서 사용할 수 있는 기계:
- 배거 - 거인 중의 거인 - 산비탈을 무너뜨릴 수 있는 기계입니다.
- 크롤러 - 표준 운송 플랫폼... 우주 왕복선에 사용되는 기계
- 데몰리션 - 철거 기계 - 강철 파이프와 거대한 비계를 절단하는 데 사용됩니다.
- 불도저 - 몇 톤의 흙/눈이나 작은 물체를 옮길 때 없어서는 안될 필수품입니다.
- 덤프 - 일주일 분량의 광산 생산물을 이동해야 할 때 유용합니다.
- 굴착기 - 이름에서 알 수 있듯이 수평 및 수직으로 바위를 파냅니다.
- 자동차 크레인 - 몇 톤의 컨테이너를 옮기는 것이 결코 쉬운 일이 아닙니다!",Giant Machines 2017,ULTIMATE GAMES,https://image.api.playstation.com/vulcan/ap/rnd/202506/0414/928b4d7b7c2b74f9dd9cc27f7a3c5d1b61abaf28aeb1b618.jpg?w=1920,"시뮬레이션, 캐주얼",playstation
GRADIUS ORIGINS,https://store.playstation.com/ko-kr/concept/10009638,2025-08-07,https://image.api.playstation.com/vulcan/ap/rnd/202503/0407/8907ec338327e8dbb781ed9eb5835b6d2750021bbb1d1580.png?w=1920,"가정용 게임기로 처음 이식되는 환상의 '그라디우스 III AM 쇼 버전'을 포함하여, 총 7개 타이틀의 18개 버전 아케이드 타이틀 수록
어디서든 할 수 있는 저장과 되돌리기, 무적 모드 등 알찬 지원 기능과 함께, 부활 지점 및 플레이 회차, 파워 업 상태 등을 설정해 연습할 수 있는 트레이닝 모드, 각종 BGM과 귀중한 자료 이미지가 수록된 라이브러리 기능도 구현

1. 샐러맨더 III

2. 그라디우스
일본 ROM판 / 일본 버블 시스템판 / 북미판 (NEMESIS) / 유럽판 (NEMESIS) / 북미 시제품판 (NEMESIS)

3. 샐러맨더
일본판 / 북미판 (라이프 포스)

4. 라이프 포스
일본판

5. 그라디우스 II -GOFER의 야망-
일본 전기판 / 일본 중기판 / 일본 후기판 / 북미판 (VULCAN VENTURE)

6. 그라디우스 III -전설에서 신화로-
일본 OLD판 / 일본 NEW판 / 아시아판 / 일본 AM 쇼판

7. 샐러맨더2
일본판

■ 알찬 지원 기능, 편의 기능, 신규 모드

빠른 저장 / 빠른 불러오기
게임 플레이 중 언제든지 저장/불러오기 가능

되돌리기
언제 어디서든 되돌리기로 다시 시작할 수 있는 편의 기능

이지 모드
플레이어 전투기의 피격 판정 범위가 작아 한결 편하게 진행할 수 있는 플레이 모드입니다.

무적 모드
적의 공격을 맞아도 플레이어 전투기를 잃지 않으며, 잃은 횟수만 기록되는 플레이 모드입니다.

트레이닝 모드
부활 지점 및 플레이 회차, 파워 업 상태 등을 설정해 게임을 연습할 수 있는 플레이 모드입니다.
※특정 게임 버전에서만 플레이할 수 있습니다.

온라인 랭킹
게임 오버 후, 획득한 스코어를 리더 보드에 등록
상위 랭킹에 들면 스코어 등록과 함께 리플레이 업로드

사운드 갤러리
각 타이틀의 오리지널 사운드트랙 및 기존 발매 CD에 수록된 어레인지 악곡 등 감상 가능

비주얼 갤러리
당시의 사용 설명서, 개발 자료 등 열람 가능

그라디우스 도감
각 오리진 타이틀의 적 캐릭터와 스코어 확인 가능


그 외 각 게임 설정 화면에서 다양한 설정(기판의 DIP 스위치, 화면 필터, 당시의 버그 재현 등) 변경 가능",GRADIUS ORIGINS,KONAMI DIGITAL ENTERTAINMENT,https://image.api.playstation.com/vulcan/ap/rnd/202503/0407/8907ec338327e8dbb781ed9eb5835b6d2750021bbb1d1580.png?w=1920,슈팅,playstation
Hirogami,https://store.playstation.com/ko-kr/concept/10014615,2025-09-04,https://image.api.playstation.com/vulcan/ap/rnd/202505/0907/186123e3cb0462f81463709ac8a6b4e7fdb45c760b08c187.jpg?w=1920,"부채를 휘두르는 '접기'의 대가 '히로'가 되어 아름다운 종이접기 세계를 탐험하세요. 신비로운 여정을 시작하여 수수께끼 같은 디지털 침략자로부터 연약한 터전을 구하세요. 동물 모양으로 변신해가며 풍경을 가로지르고, 퍼즐을 풀고, 적을 물리치고, 왕국을 구하세요.

히로가미는 일본의 고대 종이접기 예술 '오리가미'에서 영감을 받은 3D 액션 플랫포머 게임입니다. 플레이어가 만나는 모든 것은 종이로 된 물리적이고 연약한 자연 세계를 전달하기 위해 제작되었으며, 그 안에는 음모의 실타래가 얽힌 이야기가 펼쳐집니다.

변신하여 강력한 능력을 사용하자

새로운 형태를 발견해가며 세계를 횡단하고 퍼즐을 풀며 적을 물리치세요. 강인한 아르마딜로가 되어 장애물과 적을 뚫고 구르고, 강력한 원숭이가 되어 나무 꼭대기를 가로질러 해충을 물리치고, 강력한 개구리가 되어 도달할 수 없었던 높이까지 뛰어보세요.

연약한 종이접기 세계를 보호하라

강력한 디지털 생명체, 블라이트가 세상을 침범하여 오랜 세월 동안 유지되어 온 섬세한 자연의 균형을 더럽히고 있습니다. 당신은 시시키 마을의 신비한 공연자이자 접기 기술의 대가인 '히로'가 되어 이 세상의 정신이 뒤틀린 주민들을 정화하고 대지의 균형을 되찾아야 합니다.

숨겨진 미스터리를 발견하라

구석구석을 탐험하며 세상의 모든 비밀을 발견하세요. 종이를 펼쳐서 위태위태한 상승기류를 타거나 아슬아슬한 함정 아래로 미끄러져 보세요. 혹은 종이 비행기가 되어 위험한 틈새를 가로질러 보세요.

적을 쓰러뜨려라

이 종이접기 세계는 연약한 곳입니다. 세계를 지키기 위해서는 지혜가 필요합니다. 히로의 종이 부채를 휘둘러 블라이트를 날려버리거나, 종이의 힘을 이용해 적들을 두드리고, 때리고, 쓰러뜨리세요.

일본 전통풍 사운드트랙을 즐겨보자

Hirogami의 다양한 테마, 캐릭터, 배경을 연상시키도록 특별히 제작된 일본 전통 악기와 스타일로 작곡된 차분한 사운드스케이프를 즐겨보세요.",Hirogami,KAKEHASHI GAMES,https://image.api.playstation.com/vulcan/ap/rnd/202505/0907/186123e3cb0462f81463709ac8a6b4e7fdb45c760b08c187.jpg?w=1920,액션,playstation
How 2 Escape: Lost Submarine,https://store.playstation.com/ko-kr/concept/10014662,2025-06-25,https://image.api.playstation.com/vulcan/ap/rnd/202503/1121/c126e0387756f505fd52ed7861b03e5d61e5838a1d1285ba.jpg?w=1920,"How 2 Escape: Lost Submarine - 한국어 번역독특한 협력 플레이 경험을 제공한 How 2 Escape가 더욱 향상된 게임플레이와 새로운 도전적인 퍼즐로 돌아왔습니다!

최신 시리즈 ""How 2 Escape: Lost Submarine""에서 당신과 파트너는 실종된 잠수함을 찾아 세계 대전을 막아야 합니다.

세계를 구하라
아군 군사 기지가 적군에게 점령되었고, 정부는 이를 되찾기 위해 어뢰를 발사하라는 명령을 내렸습니다. 하지만 이는 수많은 아군 희생을 초래할 수도 있는 위험한 결정이었습니다.

추후 내부 논의와 적군과의 협상 끝에 정부는 공격 취소를 결정했지만, 문제가 발생했습니다.
어뢰를 실은 잠수함 ""The Triumphant""은 통신 범위를 벗어나 있어 취소 명령이 제대로 전달되었는지 확인할 방법이 없습니다.

전쟁을 막기 위해, 정부는 최고의 전문가 두 명, 장교 ""오리""와 ""르로이""에게 ""The Triumphant""을 찾아내라는 임무를 맡깁니다. 그러나 이들이 마주한 현실은 예상과 달랐습니다. 최근 결정으로 인해 잠수함 내부에서는 도덕적 갈등이 점점 커지고 있었던 것입니다.

협력하여 승리하라!
2명의 플레이어, 2가지 역할!

파트너와 함께 소통하며 퍼즐을 풀고 전쟁을 막아야 합니다!
각 플레이어는 논리력, 협동력, 관찰력, 그리고 무엇보다도 의사소통 능력이 필요합니다.

플레이어 1: 잠수함 내부를 직접 조사하고 환경과 상호작용하며 단서를 찾아야 합니다.
플레이어 2: 스마트폰용 무료 동반 앱을 활용해 추가 정보를 수집하고 퍼즐을 해결하는 데 도움을 줍니다.

*무료 ""How 2 Escape: Lost Submarine Companion App""을 스마트폰에서 다운로드하세요!

특징:
- 친구와 함께 협력하는 퍼즐 게임
- 크로스플랫폼 플레이 지원 (각기 다른 기기에서도 가능)
- 게임 한 개만 구매하면 두 명이 플레이 가능
- 점점 더 어려워지는 도전적인 퍼즐
- 직관적인 간단한 조작",How 2 Escape: Lost Submarine,Just for Games SAS,https://image.api.playstation.com/vulcan/ap/rnd/202503/1121/c126e0387756f505fd52ed7861b03e5d61e5838a1d1285ba.jpg?w=1920,퍼즐,playstation
Klaus Lee - Thunderballs,https://store.playstation.com/ko-kr/concept/10008292,1985-09-13,https://image.api.playstation.com/vulcan/ap/rnd/202505/1511/41d64bdfa4d797619582a2de1d2666fcaf77d4dcb3c4eac2.jpg?w=1920,"레트로 클래식
클라우스 리를 기억하나요? 기억이 안 나나요? 기억할 겁니다! 그는 베벌리힐스에서 경찰이 될 뻔했지만 하와이에서 사립탐정이 되려고 지원했다가 합격 여부를 기다리던 중 갑자기 싫증이 났습니다. 캘리포니아로 돌아온 그는 무명 스턴트맨으로 일하면서 문제 해결사 팀을 운영했는데, 훨씬 더 유능한 팀에 밀려 고객들의 악평에 시달렸죠. 한 번은 뉴욕의 한 스타트업에서 면접을 간신히 통과했는데, 제드데모어라는 사람이 퇴마사로 취직했습니다.
클라우스가 매버릭에게 제트기 조종과 멋진 비치발리볼을 가르쳤다는 사실을 알고 계셨나요? 이건 그가 열심히 살며 경험한 것의 일부일 뿐입니다. 클라우스는 정말 바쁜 사람이었어요!

특징
- 클래식 플랫폼 액션
- 가혹한 레벨 디자이너가 만든 100개 이상의 레벨
- 편리한 레벨 에디터로 직접 레벨 제작
- 크로스 플랫폼을 통해 직접 만든 레벨을 공유
- 사용자들이 만든 무한한 수의 레벨",Klaus Lee - Thunderballs,ASSEMBLE ENTERTAINMENT GMBH,https://image.api.playstation.com/vulcan/ap/rnd/202505/1511/41d64bdfa4d797619582a2de1d2666fcaf77d4dcb3c4eac2.jpg?w=1920,아케이드,playstation
KreatureKind,https://store.playstation.com/ko-kr/concept/10014360,1985-09-13,https://image.api.playstation.com/vulcan/ap/rnd/202506/0313/836174f512e039b4cfc1b4e327ddad6a29117ac70494aa24.png?w=1920,"KreatureKind는 쉽게 입문할 수 있고 건전한 카드 배틀/덱 빌딩 게임으로 괴물과 논쟁하여 마법을 구해야 합니다!

일곱 가지 플레이어블 캐릭터를 활용해 팀을 결성하세요. (슬프고 감성적인 소년이 좋다면 루카를, 허를 찌르고 싶다면 라일리를 선택하세요)

캐릭터들은 저마다 장단점이 뚜렷하므로 토론에서 승리하려면 균형을 잘 잡아야 합니다!

배우기는 쉽게, 고수가 되기는 어렵게
이런 종류의 게임이 처음이라면 어느 정도 배워야 하는 과정을 거쳐야 합니다. (괜찮아요, 퀸도 게임이라면 젬병이니까요)
핀리처럼 시중의 모든 카드 배틀 게임을 다 해 보셨나요? 어느 쪽이든 이 괴물들이라면 좋은 상대가 될 거예요!

카드를 사용해 괴물과 토론하세요
괴물들이 당신과 뜻을 함께하도록 설득하지 못한다면 마법이 영영 사라질 거예요.
물론 압박을 주려는 뜻은 아니랍니다! ^^

발견하고, 해제하고, 업그레이드하라
이 게임에는 서로 다른 목적을 가진 일곱 명의 플레이어블 캐릭터와 함께 이들의 토론 실력을 올려주는 다양한 솜인형, 그리고 전략을 완성하는 데 필요한 각종 카드가 있습니다.

여정을 떠나세요
절차적으로 생성되는 맵을 탐험하며 각 마법 세력에게 당신의 대의를 설파하세요.
성공하지 못한다면 다시 하면 돼요. 하지만 현재의 맵에서만 가능하죠! 우리가 이렇게나 친절하답니다!",KreatureKind,Aurora Punks Development Services AB,https://image.api.playstation.com/vulcan/ap/rnd/202506/0313/836174f512e039b4cfc1b4e327ddad6a29117ac70494aa24.png?w=1920,전략,playstation
Minos Dungeon,https://store.playstation.com/ko-kr/concept/10015315,2025-06-19,https://image.api.playstation.com/vulcan/ap/rnd/202505/2721/e45e480d938f75bad46cf23ba26edd5513857621b9d3da87.png?w=1920,"기발한 퍼즐, 미끄러운 블록, 그리고 친절한 미노타우로스를 만날 준비가 되셨나요? Minos Dungeon은 논리, 전략, 그리고 창의력을 결합한 픽셀 아트 퍼즐 게임으로, 재미있게 문제를 해결하고 싶은 사람들에게 완벽한 게임입니다.

여러분은 페르디난도를 조종하게 되는데, 그는 미로에서 싸우는 것을 싫어하는 친근한 미노타우로스입니다. 그의 목표는 단지 보물을 찾는 것! 이를 위해서는 미스터리한 방 안에서 돌 블록을 밀어내고, 교묘한 구멍을 막고, 점점 더 복잡한 도전을 해결해야 합니다. 그러나 단순히 밀기만 하는 게임이 아니에요. 블록은 장애물에 부딪힐 때까지 계속 미끄러지며, 각 레벨에는 여러분의 사고 능력을 시험할 수 있는 놀라운 요소들이 기다리고 있습니다.

세 가지 독특한 바이옴을 탐험하면서 점점 더 기발한 메커니즘을 발견하게 됩니다: 부서지는 블록, 블록의 방향을 바꾸는 화살표, 텔레포트 함정, 그리고 모든 것을 즉시 멈추게 만드는 바닥 등. 각 새로운 세계는 이러한 요소들을 창의적으로 결합하여 전략, 논리, 그리고 많은 인내를 요구합니다.

Minos Dungeon은 레트로한 매력, 기발한 퍼즐, 그리고 올바른 블록을 올바른 자리에 놓았을 때의 승리감을 담은 여행입니다. 이 미로에 들어가 미노타우로스보다 더 똑똑하다는 것을 증명해 보세요!

특징:

스마트하고 재미있는 도전 — 창의적인 메커니즘을 이용해 퍼즐을 풀고, 여러분의 시간을 존중하며 생각의 틀을 벗어나도록 도전하는 난이도.

세 가지 바이옴, 수십 개의 레벨 — 마그마의 뜨거운 열기, 고대의 유적, 그리고 눈 덮인 도전들을 탐험하세요. 각각은 독특한 비주얼과 새로운 메커니즘을 제공합니다.

개성 넘치는 게임 — 픽셀 아트와 매력적인 분위기를 통해 Minos Dungeon은 고전과 현대를 결합하여 퍼즐을 사랑하는 사람들을 위한 특별한 경험을 선사합니다.

페르디난도는 준비가 되어 있습니다. 여러분은 준비되었나요?",Minos Dungeon,Afil Games,https://image.api.playstation.com/vulcan/ap/rnd/202505/2721/e45e480d938f75bad46cf23ba26edd5513857621b9d3da87.png?w=1920,"캐주얼, 퍼즐",playstation
Nova Hearts,https://store.playstation.com/ko-kr/concept/10014154,1985-09-13,https://image.api.playstation.com/vulcan/ap/rnd/202503/2503/a8dd5856fd35ec48b896a163bf86763981f59a6bd0edf0fd.png?w=1920,"신비한 힘의 힘이 여러분과 주변의 매력적인 사람들을 슈퍼히어로와 악당으로 변신시켜 줍니다! 친구와 적에게 문자를 보내고, 데이트하고, 싸우세요. 우리의 여주인공 루스는 여름을 맞아 대도시에서 고향으로 돌아와 과거를 탈출하려고 하지만 버밀리언 마을은 눈에 보이는 것 이상의 모습을 하고 있습니다. 걱정하지 마세요! 모든 시름을 잊게 해줄 환상적인 여름 휴가와 신나는 파티만큼 좋은 것도 없으니까요. ...신비한 우주의 힘이 갑자기 루스에게 마법의 힘을 부여하고 병적인 변신 시퀀스를 시작하기 전까지는요! 새로운 힘을 얻은 루스와 그녀의 친구 윌과 CJ는 최고의 마법 소녀 크루로서 이상한 위협에 맞서 싸우고 고향의 미스터리를 밝혀내기 위해 떠나요! (그리고 그 과정에서 사랑을 찾을 수도 있겠죠!) 여러분이 결정을 내리는 흥미진진한 비주얼 노벨 스토리를 만나보세요. 루스의 여정을 시작하면서 다양한 반응 중에서 선택하여 직접 또는 문자를 통해 다양한 캐릭터와 관계를 구축하세요! 슈퍼히어로의 삶을 살아보세요! 흥미진진한 전략적인 턴제 전투를 통해 팀원들과 함께 몬스터와 악당으로부터 버밀리언을 지켜내세요. 우주의 힘을 강화하고 동료 영웅들과 함께 강력한 콤보를 만들어 하루를 구하세요!",Nova Hearts,Shoreline Games LLC,https://image.api.playstation.com/vulcan/ap/rnd/202503/2503/a8dd5856fd35ec48b896a163bf86763981f59a6bd0edf0fd.png?w=1920,롤플레잉 게임,playstation
Pirate Trails: Tentacles and Treasures,https://store.playstation.com/ko-kr/concept/10014952,2025-06-20,https://image.api.playstation.com/vulcan/ap/rnd/202505/2817/379ff7ce3d4d4f44e005298c0ff6847955b0b349359ee3bc.png?w=1920,"아이 아이, 선장님! 일곱 바다는 아직도 수많은 비밀을 감추고 있어요 — 그리고 그 비밀을 밝혀낼 사람은 바로 당신입니다! Pirate Trails 2: Tentacles & Treasures에서 가장 사랑받는 해적 퍼즐 게임이 돌아왔어요. 새로운 지도, 새로운 위험... 그리고 더 많은 촉수와 함께요!

육각형 타일 위에서 완벽한 경로를 설계하여 배를 인도하세요. 하지만 조심하세요! 크라켄이 지켜보고 있으며, 그의 촉수는 가장 귀한 보물로 가는 길을 막고 있습니다. 화약통만이 배를 초밥으로부터 구할 수 있어요!

화약을 모으고, 영리한 루트를 만들고, 황금 보물을 수집하여 배를 최종 항구까지 인도하세요 — 문어밥이 되지 않도록!

세 가지 독특한 생물 군계에서 손으로 만든 30개의 스테이지를 탐험하세요:

토르투가 – 모험의 시작 (촉수는 아직 순함).

포트 로얄 – 경로는 복잡해지고, 촉수는 격해진다.

나소 – 최후의 도전. 모든 화약통이 중요하며, 사소한 실수가 승리 또는 침몰을 가를 수 있다!

배를 직접 조종하는 것이 아니라 — 운명을 조종하는 것입니다. 퍼즐 타일을 회전하고, 교환하고, 신중하게 배치하세요. 모든 준비가 완료되면 버튼을 누르고, 전략에 따라 배가 항해하는 모습을 지켜보세요.",Pirate Trails: Tentacles and Treasures,Afil Games,https://image.api.playstation.com/vulcan/ap/rnd/202505/2817/379ff7ce3d4d4f44e005298c0ff6847955b0b349359ee3bc.png?w=1920,"캐주얼, 퍼즐",playstation
Prison Architect 2,https://store.playstation.com/ko-kr/concept/10007831,1985-09-13,https://image.api.playstation.com/vulcan/ap/rnd/202311/0713/7ca5e6561f7270b69183c0ee0e1d5e76f4dbf4ee35cf6572.jpg?w=1920,"건축가 여러분, 환영합니다

Prison Architect 2에서 나만의 교도소를 세우고 발전시켜 보세요. 클래식 감옥 건설 게임이 3D로 나왔습니다. 통제는 여러분의 몫이죠!

주요 특징:

세계 최강의 교도소 게임 - 이제 3D로!
클래식 Prison Architect 플레이 스타일로 자원을 사용해 나만의 감옥을 건설, 관리, 통제하세요. 이제 3차원으로 생동감 넘치는 플레이가 가능하답니다! 감옥 구석구석을 설계하고 일과부터 급식 정책에 이르기까지 모든 것을 관리하고 감옥의 안전과 자급자족을 도모하세요.

궁극의 교도소 건설
여러 층에 걸쳐 감옥의 모든 인프라를 구축하고 엄청난 양의 멋진 도구를 사용해 최첨단 교정 시설을 건설하세요. 감옥의 설계는 재소자의 일거수일투족에 영향을 미칩니다. 그러니 알맞은 계획을 세워야겠죠!

사상 최고로 영리한 재소자
각 재소자에게는 저마다의 계획이 있습니다. 이제 재소자들이 행동에 변화를 주는 개별 관계를 형성하고, 욕구와 필요에 따라 의사결정을 내리고, 그 어느 때보다 각자의 갈 길을 진지하게 모색합니다. 재소자들이 상호작용하며 감옥 일과를 수행하는 모습을 지켜보세요. 내가 내리는 결정이 재소자의 교정 과정에 도움이 될 수도, 해가 될 수도 있다는 점을 기억해야 합니다. 재소자는 감옥과 어떤 관계를 맺을까요?

감옥의 왕
처음부터 하나하나 진정한 기관을 만들어 보세요. 새로 업그레이드된 커리어 모드로 개성 있는 교정 시설을 건설해 새로운 세계 지도를 누빌 수 있습니다. 나의 감옥은 교화의 상징이 될까요, 징벌의 상징이 될까요? 그리고 제일 중요한 문제, 감옥이 적자가 되지는 않겠죠?

행동에는 결과가 따른다
내가 내리는 선택이 감옥의 운명을 좌지우지하게 됩니다. 재소자, 교도소 정책, 건축 등 다양한 사안에 더 통제권을 쥐면 상황이 더 잘 풀리겠죠... 아닐 수도 있지만요! 계획을 신중히 세우지 않으면 탈옥과 갱단 전쟁, 거기에 비용, 기물 파손 문제까지 맞닥뜨리게 될지도 몰라요.",Prison Architect 2,PARADOX GAMES INC,https://image.api.playstation.com/vulcan/ap/rnd/202311/0713/7ca5e6561f7270b69183c0ee0e1d5e76f4dbf4ee35cf6572.jpg?w=1920,"전략, 시뮬레이션",playstation
Rise of Industry 2,https://store.playstation.com/ko-kr/concept/10008255,1985-09-13,https://image.api.playstation.com/vulcan/ap/rnd/202401/2911/3eefa692b237a853bb1f2300f86881d14a42203e08327268.jpg?w=1920,"80년대 미국… 급속한 혁신, 세계화, 전례 없는 수익을 창출해낸 시대이자 현장입니다. 이 경쟁이 치열한 산업 환경을 장악하려면 최첨단 제조 회사를 구축하고 전 세계를 망라하는 인맥을 구축해야 합니다. 기회의 땅에 오신 것을 환영합니다!

전례 없는 수익을 추구하려면 관리하는 각 비즈니스를 혁신하고 성장시킬 모든 기회를 잡아야 합니다. 자동차 생산 허브를 운영하는 꿈을 꾸어본 적이 있나요? 탁 트인 포도원 전망을 갖춘 세계적 수준의 와이너리는 어떤가요? 귀한 광물을 추출하고 정제하는 대규모 채굴 작업은요? 아니면 점점 더 상호 연결되는 세계의 창공을 가로지르는 비행기를 조립하는 항공 기업은요?

생산망을 최적화하고 글로벌 시장에서 상품을 수출입해야 합니다. 최첨단 기술을 유지하고, 현지 정부와 강력한 관계를 유지하고, 비즈니스 네트워크를 확장하여 선두 입지를 유지하세요. 모든 과정에서 올바른 결정을 내린다면 아메리칸 드림을 이룰 수도 있습니다.
도전에 맞서 싸우세요
캠페인 모드에서 각기 다른 도전 과제가 있는 독특하고 흥미진진한 15가지 시나리오를 정복하세요. 또는 샌드박스 모드에서 성공을 향한 나만의 길을 정의하세요.
생산을 최적화하세요
공장, 발전소, 산업용 용광로 및 농장을 갖춘 제조 기업을 설립하세요! 주변의 천연 자원을 활용하여 산업에 활력을 불어넣는 유틸리티 네트워크를 구축하세요. 미디어 산업에 텔레비전, 카메라, 바이닐 음반, 카세트, 컴퓨터 및 비디오 게임 콘솔을 제공하세요. 양조장을 운영하여 보드카, 위스키, 맥주 등의 음료를 만들어 보세요. 사탕, 장난감, 염료, 배터리 등을 대량 생산해 보세요!
자원을 가져오고 내보내세요

전 세계 경영진과 계약을 체결하여 신흥 글로벌 시장을 기회로 삼으세요. 상품과 자원을 수입하여 생산망을 가속화하고 제품을 수출하여 큰 돈을 벌어보세요!
기술을 연구하세요

시야를 넓히고 생산망을 개선할 새로운 기술을 획득하는 데 도움이 되는 연구실을 구축하고 연구 전략을 정하세요.
전체적인 연결을 구축하세요

사회적 관계는 매우 중요합니다. 최고의 자리를 유지하려면 적재적소의 사람들을 알고 이들의 마음에 들어야 합니다. 다른 기업의 CEO들과 인맥을 구축하고 자재 및 완제품을 거래하고, 업계에서 이들의 강력한 친구들에게 소개되도록 하세요.
사업을 직접 경영하세요
높은 수익 마진을 유지하고 추가 투자를 보장하기 위한 목표를 완료하여 이사회를 만족시키세요. 걱정하지 마세요. 혼자가 아닙니다. 핵심 경영진을 고용하여 비즈니스를 확장하고 효율성을 높이세요.
시민과의 관계를 유지하세요

지역 마을에 투자하여 직원들의 만족도를 유지하고 현지 정부와 강력한 관계를 유지하세요.",Rise of Industry 2,Kasedo Games Ltd,https://image.api.playstation.com/vulcan/ap/rnd/202401/2911/3eefa692b237a853bb1f2300f86881d14a42203e08327268.jpg?w=1920,"전략, 시뮬레이션",playstation
Rogue Loops,https://store.playstation.com/ko-kr/concept/10014207,2025-06-20,https://image.api.playstation.com/vulcan/ap/rnd/202501/3122/d71214417c9b1a57dda6a2bc17d651fd0f743a4ec1ba8007.png?w=1920,"선택한 강화마다 저주를 선택해야 하며, 루프는 점점 강해진다. 성공은 전략적 선택에 달려 있으며, 힘을 키우면서 루프의 도전 과제를 관리하고 궁극적인 승리를 향해 나아가야 한다!

각 루프의 출구를 지키는 강력한 보스를 처치하여 새로운 길을 열고 자유에 한 걸음 더 가까이 다가가라. 승리할 때마다 무한한 사이클에서 벗어날 가능성이 높아진다!

실패한 탈출 시도는 당신을 더욱 강하게 만들고, 귀중한 교훈을 제공한다. 도전을 받아들이고 실수를 통해 배우며 다시 도전하라. 이번에는 더 나은 전략과 새로운 결단력으로 장애물을 극복하라!

다양한 스킬과 유물을 조합하여 강력한 시너지를 만들어 루프에서 탈출하라!",Rogue Loops,NAİSU OYUN YAZILIM SANAYİ TİCARET LİMİTED ŞİRKETİ,https://image.api.playstation.com/vulcan/ap/rnd/202501/3122/d71214417c9b1a57dda6a2bc17d651fd0f743a4ec1ba8007.png?w=1920,"액션, 액션",playstation
Ruffy And The Riverside,https://store.playstation.com/ko-kr/concept/10012974,2025-06-26,https://image.api.playstation.com/vulcan/ap/rnd/202503/1122/43c69584ea837e2d3c72f79658c939d00bb6b9bad5329a63.jpg?w=1920,"Ruffy and the Riverside에서, 당신은 스왑 마법을 통해 텍스처를 복사해서 붙여 넣을 수 있습니다. 얼음을 용암으로, 폭포를 덩굴로 바꿔보세요! 탐험하고 싸우고 건초 뭉치를 타고 달리며, 이 독특한 오픈 월드 액션 게임에서 상상력을 마음껏 발휘하세요. 세상을 진정으로 바꿀 수 있는 모험이 당신을 기다립니다!

""스토리

러피와 함께 리버사이드의 혼돈을 막고 사악한 그롤에 맞서 세계핵을 지키는 여정을 떠나세요. 모험을 즐기다 보면 시니컬한 꿀벌 핍, 모험가 두더지 에들러 경, 현명한 거북이 실리야와 함께 환상적인 세상을 발견하게 됩니다. 고유한 이야기와 대사를 지닌 개성 넘치는 캐릭터들, 매 순간 예측할 수 없는 전개가 러피를 기다리고 있습니다.

독특한 게임플레이

선택받은 자 러피는 스왑 능력으로 게임 세상을 바꿀 수 있습니다. 햇빛을 달빛으로, 얼음을 용암으로 바꾸며 무수한 퍼즐을 풀고 물건을 자유롭게 조작하세요. 돌을 나무로 바꿔 배를 만들거나 벽을 잔해로 바꿔 새로운 길을 여는 등, 모험에 굉장한 재미가 더해집니다. 스왑의 무한한 가능성이 싸우고 점프하고 건초 뭉치를 타고 달리는 매 순간 마법과 놀라움을 선사합니다.


2D 레벨과 퍼즐

러피의 모험은 멈추지 않습니다! 3D 세계가 무너질 때, 러피는 새로운 보물을 찾기 위해 2D 레벨로 뛰어듭니다. 그러나 조심하세요. 스왑을 적극적으로 활용해야만 수많은 장애물을 극복할 수 있습니다. 창의력을 발휘해 마법 같은 스왑 메커니즘으로 물건을 변형하고 새로운 길을 열며 아름다운 모험을 완성하세요!


마법 같은 오픈 월드 탐험

리버사이드의 멋진 오픈 월드가 러피의 앞에 놓여 있습니다. 세상을 탐험하며 재미있는 사이드 퀘스트와 시련을 극복하고, 7개의 지역에서 마법의 보물을 수집하세요. 건초 뭉치를 타고 달리고 숨겨진 레일을 통해 모험하며, 신비로운 에토이를 발견하고 물고기 갱과 손을 잡아 괴물 상어들을 물리치세요. 심지어 픽스를 통해 텍스처를 직접 만들면 게임 세상이 당신의 놀이터가 될 것입니다. 놀라움 가득한 특별한 모험이 마법처럼 당신에게 찾아옵니다.""

풍성한 특징

주요 특징 목록:


- 스왑 능력을 갈고닦아서 게임 세상의 각종 요소를 변환하세요.
- 물건을 창의적으로 조작해서 다양한 퍼즐을 해결하세요.
- 전투, 점프, 스케이팅 등 흥미진진한 모험에 도전하세요.
- 까다로운 2D 레벨에서 퍼즐을 풀고 보물을 발견하세요.
- 서로 다른 시련과 환경을 지닌 7개 지역을 잠금 해제하세요.
- 새롭고 흥미로운 퀘스트를 제공하는 여러 캐릭터를 만나보세요.
- 꿈돌을 사용해서 맞춤형 텍스처를 만들고 돌이나 폭포 등 주요 게임 요소에 적용하세요.
- 탐험과 발견에 중점을 둔 마법 같은 분위기를 즐기세요.
- 나비, 꿈돌, 에토이, 동전 등 다양한 수집품을 모으세요. 이런 수집품은 게임플레이와 외형 커스텀에 새로운 재미를 더합니다.",Ruffy And The Riverside,Phiphen Games LLC,https://image.api.playstation.com/vulcan/ap/rnd/202503/1122/43c69584ea837e2d3c72f79658c939d00bb6b9bad5329a63.jpg?w=1920,어드벤처,playstation
Shadow of the orient,https://store.playstation.com/ko-kr/concept/10013878,2025-06-19,https://image.api.playstation.com/vulcan/ap/rnd/202502/2516/d4d1d3e9cfbe87bb49acefa3a100bcd63f0deacff0f0758e.png?w=1920,"200년 후, 어두운 그림자가 돌아와 동양을 파괴했습니다. 그 그림자를 몰아낼 수 있는 건 불의 힘을 가진 용감한 전사, 샤오랑뿐입니다. 오직 샤오랑만이 그림자 클랜을 와해시키고, 동양의 아이들을 구하고, 동양의 사람들에게 평화를 되찾아 줄 수 있는 것입니다. 하지만 어두운 그림자는 그 어느 때보다도 강하고, 샤오랑은 2세기 동안 싸움을 해 본 적이 없습니다. 과연 샤오랑이 이번 임무를 성공시킬 수 있을까요? 당신은 어떤가요?

Shadow of the Orient에서 위험한 적, 치명적인 함정, 숨겨진 비밀로 가득한 무시무시한 모험을 떠나, 그림자를 사냥하고 동양의 사람들에게 평화를 되찾아 주세요.

특징:

• 15개의 맵에서 펼쳐지는 3개의 세계
• 5가지 스피드런 레벨
• 스테이지마다 개성 넘치는 적
• 비밀 지역 탐험
• 다양한 근접 및 원거리 무기","Shadow of the orient,Shadow of the Orient",eastasiasoft,https://image.api.playstation.com/vulcan/ap/rnd/202502/2516/d4d1d3e9cfbe87bb49acefa3a100bcd63f0deacff0f0758e.png?w=1920,"어드벤처, 액션",playstation
Space Drop,https://store.playstation.com/ko-kr/concept/10014416,1985-09-13,https://image.api.playstation.com/vulcan/ap/rnd/202502/1815/bda7e5c21648f74fb3a6780833b65ba8c0a52b32263ad33e.png?w=1920,"은하 영광을 위해 경쟁하라
2142년, 뉴어스는 권위 있는 유니버스 스페이스 점퍼 챔피언십의 시작으로 흥분으로 가득 차 있습니다. 당신은 신입 경쟁자로서 은하에서 가장 숙련된 스페이스 점퍼들과 맞서야 합니다. 높은 위험과 우주의 무게가 당신의 어깨에 짊어져 있으며, 당신은 자신을 증명하기 위해 왜곡 터널을 넘어야 하며, 영광을 얻고 인류의 미래에 대한 희망의 상징이 되어야 합니다.
스릴 넘치는 왜곡 터널로 뛰어들다
스페이스 드롭의 빠른 액션을 경험하십시오. 각 레벨은 장애물을 피하고, 파워업을 수집하고, 소행성을 격추시키며 와프 터널을 통해 나는 아드레날린을 자극하는 시퀀스를 제공합니다. 정복해야 할 다양한 레벨이 있으며 각각 고유의 난이도가 있습니다. 각 점프는 당신의 기술과 반사 신경을 진정으로 시험하는 기회입니다. 재미있고 빠른 VR 액션을 원하는 이에게 완벽합니다!
파워업으로 생존하기
파워업은 스페이스 드롭에서의 생존의 열쇠입니다. 장애물에 부딪친 후 회복할 수 있는 더 많은 방패를 얻고, 중요한 마지막 순간을 위한 무적 픽업을 잡고, 더 많은 탄약을 위해 에너지를 쥐고, 더 많은 점수를 위해 가장 가까운 점수 픽업으로 중력을 가져옵니다. 이러한 파워업을 효과적으로 사용하는 방법을 배우는 것은 리더보드를 지배하는 데 필수적입니다.
자신만의 레벨 만들기
우리의 사용자 정의 레벨 생성기를 사용하여 끝없는 재플레이 가능성을 경험하십시오. 다양한 설정을 조정하여 극복해야 할 흥미로운 도전 과제를 가득 담은 독특한 왜곡 터널을 만드세요. 더 느린 페이스를 위해 더 쉬운 레벨을 만들거나 더 어려운 도전 과제를 통해 한계를 시험해 보세요 - 선택은 전적으로 당신에게 달려 있습니다.
주요 특징
- 우주선에서 VR로 왜곡 터널로 뛰어들기
- 어마어마한 속도로 우주를 비행
- 블래스터로 장애물을 뚫고 나가기
- 플레이 스타일을 조절하기 위해 픽업 수집
- 우리의 광범위한 레벨 생성기로 레벨 맞춤화
- 리더보드를 정복하기 위한 점수 획득
- 우주를 나는 동안 경험하는 독특한 사운드트랙",Space Drop,Odania GmbH,https://image.api.playstation.com/vulcan/ap/rnd/202502/1815/bda7e5c21648f74fb3a6780833b65ba8c0a52b32263ad33e.png?w=1920,"드라이빙/레이싱, 액션",playstation
Star Overdrive,https://store.playstation.com/ko-kr/concept/10010609,2025-06-19,https://image.api.playstation.com/vulcan/ap/rnd/202503/1110/12a071b15c0f494e6a5cc28d0046a4780d013b79cc674f7f.png?w=1920,"지금 Star Overdrive 예약 구매 시 보상:
호버보드 스타일 6종
호버보드 디자인 2종
염료 50개


고속으로 펼쳐지는 우주 대서사시
속사포로 전개되는 고속 액션과 아득히 먼 외계 행성의 미스터리가 절묘하게 융합한 Star Overdrive에서는 호버보드에 몸을 싣고 떠나는 모험 활극이 펼쳐집니다.

주인공 바이오스는 의문의 조난 신호를 받은 후, 수수께끼로 가득한 행성 세베테에 불시착합니다. 완전히 고립된 상황에서 다재다능한 키타와 고성능 호버보드에 의지해, 행성 곳곳에 도사리는 온갖 난관에 맞서는 바이오스. 그러던 중에 그는 숨겨진 힘에 눈을 뜨고, 사랑하는 연인 누스의 실종에 관한 진상을 마주하게 됩니다.

다이내믹한 호버보드 탐험
방대한 세상을 전속력으로 질주하고, 눈이 휘둥그레지는 트릭을 구사하고, 추진력을 활용해 새로운 지역에 당도하세요. 매끄럽고 스타일 넘치는 움직임으로 고공 트릭 콤보를 성공하고 전투에 뛰어드세요.

나만의 플레이 방식
주변 환경을 자신만의 방식으로 활용하여 모험을 즐기세요. 적응과 실험, 힘의 결합을 통해 적을 농락하고, 외계 세상을 누비며, 개성적인 전법을 구축하세요.

혁신적인 키타 전투와 퍼즐
폐허나 유적지를 클리어하다 보면 스킬이 해제되거나 각종 능력을 조합하게 됩니다. 이를 통해 주변 환경을 뜻대로 이용하세요. 나만의 속도로 전투에 임하고 탐험하며 적을 제압하세요.

비밀로 가득한 세상
독특한 풍경과 생명체, 숨겨진 난관 등 생태적으로 개성 뚜렷한 세 지역을 탐험하세요. 몇 번을 가더라도 매번 신선한 감각을 느낄 수 있습니다.

파워와 능력 향상
중력의 영향을 바꾸고, 운동 에너지를 발산하세요. 각종 능력을 조합하여 적을 쓰러뜨리세요.

마음대로 꾸미는 호버보드
다양한 색상과 디자인 업그레이드로 호버보드를 꾸미세요. 외형과 기능을 각자의 플레이 방식에 따라 맞춤형으로 변경할 수 있습니다.

호버보드 성능 업그레이드
자원을 수집하여 호버보드의 속도와 중력, 제어 등 다양한 성능을 강화하세요. 이를 통해 레이스 스킬을 한계까지 올리고, 강렬한 라이딩과 가슴 쫄깃한 스턴트를 만끽할 수 있습니다.

파멸을 맞이한 행성 세베테의 숨 멎을 정도로 멋진 경치를 가로지르며 질주하고, 연인의 실종에 관한 진상을 밝혀내세요. 살랑이는 모래 언덕부터 폐허와 유적지를 왜곡하는 중력까지 모든 생태 환경은 속도와 정확성, 창의적인 사고를 요구하는 난관 그 자체입니다.

당신의 여정은 당신만의 것! 직접 빚어내세요!

능력을 활용하여 물리 현상을 초월하거나, 위협을 극복하거나, 행성의 지하에 묻힌 과거의 지식을 세상 밖으로 끌어내세요!",Star Overdrive,Dear Villagers,https://image.api.playstation.com/vulcan/ap/rnd/202503/1110/12a071b15c0f494e6a5cc28d0046a4780d013b79cc674f7f.png?w=1920,어드벤처,playstation
The Last Camp,https://store.playstation.com/ko-kr/concept/10012732,2025-07-11,https://image.api.playstation.com/vulcan/ap/rnd/202505/0707/3ea857e354826c942d0a46c4eac602a20a0fe99aebd4b0a0.jpg?w=1920,"*""The Last Camp""*는 종말 테마의 게임입니다. 이 게임은 고품질 그래픽, 풍부한 무기 및 아이템 시스템, 그리고 방대한 세계 맵을 사용하여 세대 간 듀얼 스틱 슈팅 게임을 만들며, 슈팅 게임 애호가들에게 향연을 선사합니다.
세상은 폐허가 되었고, 인류는 폐허 위에 마지막 캠프를 건설했습니다. 모두가 종말의 세계와 공존해야 합니다. 게임에서는 플레이어가 인간 세계에 남겨진 기술과 무기를 사용하여 다양한 돌연변이 좀비, 악성 포식자, 거대한 기계 괴물들과 싸워야 합니다. 캠프는 기름 부족, 전력 생성 불가능, 깨끗한 물원 필요 등 여러 가지 문제에 직면하게 됩니다. 플레이어는 스토리 전개에 따라 다양한 위기를 해결해야 합니다.
이 게임은 8개의 챕터와 무한 모드의 분기 챌린지 레벨을 포함하며, 총 게임 시간은 15시간 이상입니다. 플레이어는 혼자 플레이하거나 여러 개의 컨트롤러를 사용하여 로컬에서 플레이할 수 있습니다. '튜링 AI 게임 모델'을 기반으로 한 전투 메커니즘은 전투를 치열하고 변동성 있게 만듭니다. 이 게임에는 무기 업그레이드 시스템, 청사진 시스템, 캐릭터 스킬 성장 시스템, 아이템 시스템, 의류 시스템 등을 포함한 대규모 샌드박스 시스템이 있습니다. 샌드박스 시스템에서는 플레이어가 자유롭게 캐릭터 성장 계획을 세울 수 있습니다.
세상은 이미 붕괴되었지만, 우리는 여전히 희망을 잃지 않고 생존을 위해 싸워야 합니다. 캠프의 지속은 단순히 문을 닫는 것만으로 이루어질 수 없습니다. 캠프 주변에는 유지보수가 필요한 여러 전초 기지가 있으며, 구출이 필요한 생존자들이 있을 것입니다.",The Last Camp,"NiuGamer Co., Ltd.",https://image.api.playstation.com/vulcan/ap/rnd/202505/0707/3ea857e354826c942d0a46c4eac602a20a0fe99aebd4b0a0.jpg?w=1920,"슈팅, 어드벤처",playstation
The Sinking Forest - 沈んだ森,https://store.playstation.com/ko-kr/concept/10013232,2025-07-24,https://image.api.playstation.com/vulcan/ap/rnd/202504/2822/cec77842bc8c4a15e1925ddb29997c0271235d4d899d26e7.jpg?w=1920,"The Sinking Forest - 沈む森 - 는 일본 심리 공포 게임입니다.
내 여동생 사유리가 실종되었고 며칠째 전화도 받지 않습니다. 반드시 찾아야 합니다!

게임 특징:

환상적인 그래픽.
비극적이고 음산한 공포 이야기.
적이 당신을 죽일 수 있는 서바이벌 호러 (당신도 스스로를 방어할 수 있음!).
뛰어난 분위기를 자랑하는 일본 숲과 마을 배경.
적이 당신을 죽일 수 있습니다.",The Sinking Forest - 沈んだ森,Dojo System S.L.,https://image.api.playstation.com/vulcan/ap/rnd/202504/2822/cec77842bc8c4a15e1925ddb29997c0271235d4d899d26e7.jpg?w=1920,공포,playstation
The Wandering Village,https://store.playstation.com/ko-kr/concept/10011185,2025-07-17,https://image.api.playstation.com/vulcan/ap/rnd/202504/0909/c08f743b5f8f7c5465a35eeeb1d4c50d9482c57bfaf9b5ee.jpg?w=1920,"수수께끼의 식물이 자라면서 유독성 포자를 내뿜으며 지구 전체에 퍼지고 있는 세상, 몇 안 되는 생존자로 이루어진 무리가 그들이 '온부'라 부르는, 거대하고 방랑하는 짐승의 등 위에서 피난처를 찾습니다.
그들의 지도자가 되어 정착지를 건설하고 온부와 공생 관계를 형성하여, 아름답지만 적대적인 포스트 아포칼립스 세상에서 함께 살아남으세요.

마을을 건설하세요.
제대로 된 마을이 생존의 필수요소입니다. 정착지를 건설하고 온부의 등 위에서 확장하세요. 생산 체인을 계획하고 제한된 공간을 최대한 효율적으로 활용할 수 있도록 최적화하세요. 어떤 도전도 이겨낼 수 있는 사회를 만들어 내세요.

짐승의 등에서 삶을 꾸려나가세요.
다른 생물의 등에 의존해 살아가는 것은 그 자체로 도전으로 다가올 것입니다. 공생하여 온부와 유대 관계를 맺으며 상호 신뢰적 관계로 살아가실 건가요? 아니면 마을 사람들의 더 나은 삶을 보장하기 위해서 기생충이 되실 건가요? 선택은 여러분의 몫입니다.

다양한 환경을 발견하세요.
각각의 독특한 기후를 가진 지역과 기회 및 위협이 있는 다양한 환경을 지나며 여행하고 마을을 지속적으로 적응시키세요. 환경을 정찰하고 희귀 자원과 고대 유물을 수집하기 위해 원정대를 보내세요.

새로운 기술을 연구하세요.
오랫동안 잊혀졌던 옛 세계의 잔재에는 주민들이 발굴해낼 수 있는 지식들이 있습니다. 이러한 기술을 찾고 연구하세요. 하지만 진보는 양날의 검이 될 수 있으니 현명하게 사용하세요.

황무지에서 살아남으세요.
비록 유독성 포자와 무자비한 날씨, 흡혈 기생충과 많은 도전들이 당신에게 불리하게 작용하겠지만, 당신의 주민과 온부 모두의 생존을 보장하세요.",The Wandering Village,Stray Fawn GmbH,https://image.api.playstation.com/vulcan/ap/rnd/202504/0909/c08f743b5f8f7c5465a35eeeb1d4c50d9482c57bfaf9b5ee.jpg?w=1920,"전략, 시뮬레이션",playstation
Tralalero Tralala Jumper,https://store.playstation.com/ko-kr/concept/10015452,2025-06-18,https://image.api.playstation.com/vulcan/ap/rnd/202505/1515/9c2f37263dfdb5b8b2727ba9f6faa111876880f15fba2e57.png?w=1920,"상어. 벽. 회피. 밈. 스와이프하고, 전환하고, 웃어보세요. 바이럴한 ""Tralalero Tralala"" 사운드가 당신의 모든 움직임을 따라갑니다. 부담 없이, 순수한 밈 파워의 혼돈만이 있습니다.","Tralalero Tralala Jumper,Tralalero Tralala",Oiven Games,https://image.api.playstation.com/vulcan/ap/rnd/202505/1515/9c2f37263dfdb5b8b2727ba9f6faa111876880f15fba2e57.png?w=1920,액션,playstation
TRON: Catalyst,https://store.playstation.com/ko-kr/concept/10012719,2025-06-17,https://image.api.playstation.com/vulcan/ap/rnd/202505/2010/dd20585c7e04efe1e69b84f3559aed63b983d8b727651aca.png?w=1920,"Thomas Was Alone, Subsurface Circular, TRON: Identity의 제작사 Bithell Games의 최신 픽션 게임 TRON: Catalyst에서 여러분은 Disney의 TRON 세계관에 다시 뛰어들어 다수의 반대 세력과 싸움을 치르게 됩니다. TRON: Catalyst는 TRON: Identity에 등장한 아크 그리드(Arq Grid)의 다양하고 몰입감 넘치는 장소를 배경으로 완전히 새로운 이야기가 펼쳐지는 스토리 중심의 아이소메트릭 액션 어드벤처 게임입니다.

강인하고 뛰어난 지략을 갖췄으며 그리드라고 하는 예상 밖의 힘을 사용하는 프로그램 '엑소(Exo)'가 되어, 무너져 가는 아크 그리드 사회의 권력자들이 손에 넣으려 하는 힘과 능력을 얻으세요. 남다른 목적을 지닌 사악한 프로그램 '콘(Conn)'의 끈질긴 추적을 피해 광사이클을 타고, 디스크 전투를 치르는 등 여러 위기를 헤쳐 나가며 이 세계의 안정을 위협하는 오류의 정체를 자세히 파헤치세요.

특징

역동적인 전투 시스템
직접 상대하든 광사이클을 타든, 근접전과 원거리 전투를 가리지 않고 적 프로그램으로 구성된 무시무시한 군단을 물리치세요. 패링이나 디스크 킥과 같은 고급 기술을 익혀 우위를 점하고, 아크 그리드를 탐험하면서 데이터 샤드(Data Shard)를 모아 코드 베이스를 새로운 능력으로 업그레이드하세요.

몰입감 넘치는 새로운 이야기
독자적인 TRON 스토리라인을 즐겨 보세요. 아크 그리드의 다양한 프로그램을 만나고 이들의 비밀을 밝혀, 도심과 아웃랜드에서 펼쳐지는 추격전에서 살아남으세요.

아크 그리드의 수도에서 배달원으로 일하고 있던 엑소는 어떤 수수께끼의 배달물이 폭발하면서 일반적인 프로그램의 정상 기능을 초월하는 힘을 얻게 되었고, 이로 인해 삶이 완전히 뒤바뀌어 버렸습니다. 무자비한 아크 그리드 '평화 유지군'의 추격 속에서 엑소는 이 그리드의 수수께끼를 밝히고 자신이 어떤 영웅이 되어야 하는가를 깨닫게 됩니다.

글리치를 활용하라
아크 그리드가 점점 불안정해지고 있습니다. 시간을 되돌리는 글리치의 힘으로 인해 세계는 시스템 수준에서 일련의 타임 루프를 겪고 있으며... 그걸 인지할 수 있는 사람은 여러분뿐입니다. 엑소의 특별한 능력을 사용해 비밀 구역과 지름길을 찾고, 아크 그리드의 지배권을 두고 다투는 다양한 세력에 영향을 주세요.

진정한 TRON의 세계
직접 돌아다니든 광사이클을 타든 아크 그리드의 네온 빛 거리를 탐험하고, 이 위험천만한 세계에 사는 다양한 캐릭터를 만나 앞길을 개척하세요. 흥미로운 캐릭터들을 만나 보실 수 있지만, 그만큼 위험한 인물도 많습니다. TRON: Identity의 작곡가 Dan Le Sac이 선보이는 몰입감 넘치는 사운드트랙을 감상하며, 갓 시작된 혁명 속에 피어나는 흥미로운 이야기로 가득 찬 그리드를 다양하게 여행해 보세요.

Disney TRON 시리즈의 팬이라면 여러분이 좋아하는 세계를 완전히 새롭게 경험하실 수 있으며, TRON을 처음 접하시는 분에게는 짜릿한 모험을 선사합니다.
자... 이제 게임을 끝낼 시간입니다.",TRON: Catalyst,Big Fan,https://image.api.playstation.com/vulcan/ap/rnd/202505/2010/dd20585c7e04efe1e69b84f3559aed63b983d8b727651aca.png?w=1920,액션,playstation
Tung Tung Tung Sahur Runner,https://store.playstation.com/ko-kr/concept/10015336,2025-06-18,https://image.api.playstation.com/vulcan/ap/rnd/202505/0510/5793f9aae1b01eb27852e0142a47f3e8dca7e6c753d35f1a.png?w=1920,"인터넷에서 가장 사랑받는 전설의 드러머 리듬에 뛰어들어 보세요. 돌을 피하고, 최고 점수를 노리며, 그 상징적인 외침 ""텅텅텅 사후르!""를 들어보세요!",Tung Tung Tung Sahur Runner,Oiven Games,https://image.api.playstation.com/vulcan/ap/rnd/202505/0510/5793f9aae1b01eb27852e0142a47f3e8dca7e6c753d35f1a.png?w=1920,액션,playstation
Undead Citadel,https://store.playstation.com/ko-kr/concept/10008160,1985-09-13,https://image.api.playstation.com/vulcan/ap/rnd/202303/1608/3c16f7b2dbe74a419fa24db2a0b099fe6848ba8c0fd19e57.jpg?w=1920,"VR 전용으로 개발된 언데드 시타델은 많은 적들로 가득한 숨막히는 전투에서 수백 명의 언데드와 마주하며 모험에 몰입할 수 있습니다. 칼로 베거나 찌르거나 눌러붙이거나 총으로 쏘거나 자신의 손으로 찢어내며 저주받은 시타델의 심연으로 향하세요.
전투 특징

- 100% 물리 기반 전투 시스템
- 플레이어의 1:1 동작을 우선으로 전투를 완전히 제어합니다.
- 실제 손과 가상 손 사이에 거의 지연이 없습니다.
- 칼로 베거나 찌르거나 단순히 적을 불안정하게 만들 때 현실적인 물리를 경험하세요.

- 다양한 무기와 물약
- 검, 도끼, 전쟁 망치, 철퇴, 방패, 양손 무기 등 60개 이상의 근접 전투 무기
- 활, 화살 및 폭발물을 사용한 원거리 공격
- 각 유형의 무기는 고유한 특성을 가지고 있습니다. 직관적으로 사용하세요!
- 강도와 내구성 속성을 확인하여 어떤 무기를 보관할지 결정하세요.
- 슬로우 모션, 힘 또는 얼림 물약을 찾아 사용하여 파괴력을 증가시켜 언데드를 제거하세요.

- 다양한 종류의 적
- 분해 상태가 다른 언데드와 맞서 싸우세요.
- 공격하기 전에 다양한 갑옷, 방어구 및 무기를 알아두세요.
- 무기로 공격을 회피하거나 막아내고 적의 약점을 찾아 치명적인 일격을 가하세요.
- 그들의 무기를 가져오세요! 그들은 더 이상 필요하지 않을 것입니다.

게임 모드

- 스토리 모드
- 10개 이상의 레벨과 환상적인 설정에서 전염병의 기원을 탐색
- 시타델 외부 및 내부를 탐색하며 숨겨진 아이템 찾기
- 퍼즐을 풀어나가세요.

- 호드 모드
- 최대한 빠르고 오랫동안 적들의 무리를 버텨내세요.
- 점수, 절단 등 다양한 리더보드의 꼭대기에 오르세요.

- 무기고 모드
- 다른 모드에서 획득한 모든 무기를 무기고에서 수집하세요.
- 이 샌드박스 모드에서 무기를 철저히 테스트하세요.

이동

- 다양한 이동 옵션
- 즉각적인 회전과 함께 부드러운 이동
- 부드러운 이동과 함께 부드러운 회전",Undead Citadel,DARK CURRY S.L.,https://image.api.playstation.com/vulcan/ap/rnd/202303/1608/3c16f7b2dbe74a419fa24db2a0b099fe6848ba8c0fd19e57.jpg?w=1920,액션,playstation
Vessels of Decay,https://store.playstation.com/ko-kr/concept/10013257,2025-06-20,https://image.api.playstation.com/vulcan/ap/rnd/202503/1302/5b5fff7605913b5358cc51a8dbfd21a05d424e0c6c375a15.png?w=1920,"문명이 끝을 맞이한 자리에서 무언가가 깨어납니다. 고대 생명체들이 몸을 털고 일어나 쇠퇴한 세상 위를 누빕니다.

베슬즈 오브 디케이는 프레야와 머드의 이야기가 펼쳐지는 포스트 아포칼립스 액션 어드벤처 게임입니다. 레트로풍 동화 속에서 스칸디나비아 신화와 옛 설화 속 생명체들과 맞서 싸우며 폐허가 된 문명을 탐험해 보세요.

- 역동적인 전투 시스템: 어떻게 전투할지, 적이 어떻게 쓰러질지는 모두 나에게 달렸습니다!

- 독특한 마무리 기술: 새로운 적은 곧 전투 솜씨를 선보일 새로운 기회입니다. 적을 휘청거리게 만들고 (말 그대로) 죽이는 애니메이션과 화려한 액션을 펼쳐 보세요.

- 장엄한 멀티 스테이지 보스 전투: 스칸디나비아 설화 속 야수들은 쉽게 쓰러지지 않습니다. 괴물들을 추적하고 무찌르기 위해서는 지혜와 반사 신경을 활용해야 합니다!

- 픽셀, 죽음, 쇠퇴로 가득한 아름다운 세상 탐험: 베슬즈 오브 디케이의 세계 속 모든 것은 손수 제작됐습니다. 모든 장면, 스토리의 핵심 장면, 주변 환경 속에 정성과 고심이 녹아 있습니다.

- 스칸디나비아 감성이 더해진 클래식 액션 어드벤처 게임: 한때 문명사회가 있던 이 황폐한 폐허는 다시금 번성하는 자연, 초자연적 존재와 충돌합니다. 자기 성찰적 우울함, 탐험, 빠른 전투 속에 스며 있는 스칸디나비아만의 독특한 환경을 탐험하세요.",Vessels of Decay,HEADUP GAMES,https://image.api.playstation.com/vulcan/ap/rnd/202503/1302/5b5fff7605913b5358cc51a8dbfd21a05d424e0c6c375a15.png?w=1920,액션,playstation
No Sun To Worship,https://store.playstation.com/ko-kr/concept/10013107,2025-06-19,https://image.api.playstation.com/vulcan/ap/rnd/202504/0211/7e5f7df366df849af434b839714d86c549b6d5a3cf4629ba.png?w=1920,"숭배할 태양은 없다는 초기 스텔스 장르의 천재들을 포착하고 그들의 레트로 미학적 매력을 죽어가는 세계의 메아리 속에서 재현한 미니멀리스트 스텔스 액션 게임입니다.

처벌이 집행됨
6개의 짧은 챕터는 침투와 암살 기술을 테스트하며, 각 레벨에 자유롭게 접근할 수 있는 방법을 제공합니다. 잠입하고 기어가며, 감시를 비활성화하고 광원들을 파괴하여 발견되지 않도록 움직입니다. 목표를 조용히 고립시키고 처치하거나, 본인의 조건에서 총격전을 시작하세요. 자원을 지혜롭게 관리하거나 창의적으로 해결해야 할 상황에 직면할 수도 있습니다 — 적은 당신이 그들의 머리에 겨눈 총이 빈 총이라는 사실을 알 필요가 없습니다.

죽어가는 세계의 메아리
환경적이고 비언어적인 서사를 통해 자신의 역할과 더 큰 이야기를 발견해보세요. 핵전쟁 후 고통 속에서 남겨진 죽어가는 세계를 여행하며, 그곳의 주민들이 부서진 조각들을 다시 맞추려 노력하는 동안, 다른 세계의 관찰자들이 조용히 지켜봅니다.","No Sun To Worship,숭배할 태양은 없다",Hyperstrange Sp. z o.o.,https://image.api.playstation.com/vulcan/ap/rnd/202504/0211/7e5f7df366df849af434b839714d86c549b6d5a3cf4629ba.png?w=1920,"시뮬레이션, 액션, 슈팅",playstation
Poppy Playtime: Chapter 4,https://store.playstation.com/ko-kr/concept/10012036,2025-06-25,https://image.api.playstation.com/vulcan/ap/rnd/202505/2714/7a71fd797a535e5f61e60084017cdd53c0ad8971ee0823c8.png?w=1920,"방대한 Poppy Playtime 이야기 사상 가장 암울한 챕터를 맞이할 준비를 하세요.

당신은 세상에 드러나 있는 플레이타임 사 공장의 아래 심연으로 점점 깊이 떠밀려 들어갑니다. 그곳에서 새롭고 무시무시한 위협을 마주하고, 충격적인 진실을 밝혀내 보세요. 과연 그림자 속에 도사린 초현실적인 새 창조물들을 따돌릴 수 있을까요? 실험 뒤에 감춰진 수수께끼를 밝혀낼 때까지 살아남을 수는 있을까요? 한 걸음 내디딜 때마다 용기가 시험받고, 퍼즐 하나하나가 머릿속을 뒤죽박죽으로 헝클어뜨리며, 모퉁이를 돌 때마다 마지막을 각오해야 할 겁니다.

주요 콘텐츠:
• 신규 캐릭터(와 친구들): 특별하고 새로운 캐릭터들이 플레이어를 이끌어 주고, 악몽 속에 출현하기도 합니다.
• 확장된 세계관: 플레이타임 사와 그 뒤틀린 과거에 관한 암울한 비밀을 더 자세히 밝혀내세요.
• 정신을 뒤흔드는 퍼즐: 삶과 죽음을 판가름할지도 모를 복잡한 퍼즐을 풀어 보세요.
• 심장이 쿵쿵거리는 분위기: 스산한 시각 효과와 몰입도 높은 음향 디자인으로, 공포스러운 분위기가 숨 막히게 이어집니다.

플레이타임 사 내부에 도사린 공포로부터 탈출할 수 있을까요? 아니면 그냥 굴복해야 할까요?","Poppy Playtime: Chapter 4,파피 플레이타임: 챕터 4","Mob Entertainment, Inc.",https://image.api.playstation.com/vulcan/ap/rnd/202505/2714/7a71fd797a535e5f61e60084017cdd53c0ad8971ee0823c8.png?w=1920,"퍼즐, 공포, 어드벤처",playstation
Rusty Rangers,https://store.playstation.com/ko-kr/concept/10014817,1985-09-13,https://image.api.playstation.com/vulcan/ap/rnd/202505/2921/38a9f8c44e2e7947d4965de38aba94f9f44c248214f3fc66.jpg?w=1920,"용감한 레인저스 팀 외에는 세상이 예전처럼 보이지 않았습니다. 이제 혼돈과 예측 불가능성이 곳곳에 휩싸였습니다. 과거의 무해한 생명체들이 파괴를 불러왔고, 주변 세계는 끊임없이 변화하며 익숙한 환경을 끊임없이 파괴하고 있습니다.

클래식 게임플레이와 현대적인 게임의 조화
용감한 레인저스 중 한 명을 조종하여 책임감 있는 임무를 수행하세요. 악당을 찾아내고, 만연한 광기를 막고, 세상에 평화와 정의를 되찾아 주세요!
당신을 바쁘게 만들 다양하고 독특한 적들을 만나게 될 것입니다. 달리고, 점프하고, 총을 쏘며 세상을 구하세요! 각 레인저스는 고유한 격투 스타일과 특수 기술을 가지고 있으므로, 자신에게 가장 잘 맞는 영웅을 선택할 수 있습니다!

아름다운 픽셀 그래픽
Rusty Rangers의 세계는 섬세한 세계, 독특하고 다채로운 캐릭터, 유용한 아이템, 기괴한 생명체들로 가득합니다. 모든 픽셀은 깊은 애정으로 만들어졌습니다. Rusty Rangers의 아름답고 놀라운 세계를 즐겨보세요!

스토리 퀘스트와 캐릭터
러스티 레인저스의 이야기를 따라가며 무슨 일이 일어났는지, 그리고 어떻게 해결할 수 있을지 알아보세요. 새로운 여정을 시작할 때마다 이 세상과 그 주민들에 대해 더 자세히 알게 될 것입니다. 캐릭터들과 대화하고, 임무를 완수하고, 잔혹한 남작과의 싸움에서 도움을 받으세요!",Rusty Rangers,"""Contrast Games"" Limited Liability Partnership",https://image.api.playstation.com/vulcan/ap/rnd/202505/2921/38a9f8c44e2e7947d4965de38aba94f9f44c248214f3fc66.jpg?w=1920,액션,playstation
Weed & Greed,https://store.playstation.com/ko-kr/concept/10015007,2025-06-20,https://image.api.playstation.com/vulcan/ap/rnd/202504/2309/431a8e438f1fda2c3f21597ade6046d13e92a05ed49b5103.jpg?w=1920,"새로운 도시는 새로운 기회를 의미합니다! 항상 온갖 종류의 맛있는 허브를 재배하고 싶었나요? 이제 그 꿈을 실현할 수 있습니다!

이곳에서 나만의 생산 시설을 설립하고 시장을 확장하세요. 새로운 생산 체인을 만들고 도시 전체에 연결망을 구축하세요.

열정을 성공적인 비즈니스로 바꾸고 새로운 일상을 즐기세요!

실제 비즈니스 분위기
나만의 고객을 찾거나 딜러를 고용하여 사업을 원활하게 운영하세요. 충성도가 높은 단골 고객 기반을 구축하세요. 일부 장비를 사용하여 정시에 배송할 수 있습니다.

액션 시간
네, NPC와 경찰과 싸울 수 있습니다! 정말입니다! 무기와 장비를 획득하세요. 보스처럼 거리를 지배하세요.

레벨 업 & 점령
40개 이상의 레벨로 캐릭터를 업그레이드하세요. 계급을 잠금 해제하고 더 많은 고객을 확보하고 더 많은 주문을 받으세요. 실험실에서 실험하고 새롭고 미친 레시피를 발견하세요.

도시 탐험
다양한 동네가 있는 살아 숨 쉬는 도시를 탐험하세요.
낮과 밤의 주기, 역동적인 교통량, 그리고... 거래를 할 수 있는 그늘진 구석까지!

제국 건설
원자재와 장비를 구입하세요. 식물을 재배하거나 재미있는 약을 합성하세요. 수확 및 분배. 전문 장비로 업그레이드하세요. 실험실, 창고 및 은신처를 임대하세요.

CROSS-SAVE
PlayStation®4 버전에서 세이브 게임을 가져와서 PlayStation®5에서 언제든 중단한 부분을 다시 시작하세요!

NOSTRA.GAMES 팀의 새롭고 재미있는 게임을 확인해 보세요.

작게 시작해서 크게 성장하고 도시를 점령하세요!",Weed & Greed,NOSTRA GAMES LTD,https://image.api.playstation.com/vulcan/ap/rnd/202504/2309/431a8e438f1fda2c3f21597ade6046d13e92a05ed49b5103.jpg?w=1920,"시뮬레이션, 어드벤처, 액션",playstation
The Alpha Wolf,https://store.playstation.com/ko-kr/concept/10015593,2025-06-16,https://image.api.playstation.com/vulcan/ap/rnd/202505/2809/f103eec8509705e33e59997f301f86c5003926c06feadace.jpg?w=1920,"야생 속으로 뛰어들어 “The Alpha Wolf”에서 늑대의 삶을 받아들이세요. 이 RPG 시뮬레이터 게임은 늑대 무리를 구성하고 지배자로 이끄는 도전을 제공합니다.

주요 특징:

늑대 무리 만들기: 최대 3명의 동료를 모집해 강력한 무리를 만드세요. 무리 내 각 늑대는 피해, 속도, 체력, 방어력 등의 능력치를 개별적으로 업그레이드할 수 있습니다.

사냥하고 생존하기: 짜릿한 사냥에 참여하여 자신과 무리를 먹여 살리세요. 야생은 위험으로 가득하며, 다른 포식자로부터 자신을 지키면서 음식을 찾고 레벨업해야 합니다.

스킬 포인트 및 마법 스킬: 레벨업할 때 스킬 포인트를 획득하고, 기본, 특수, 오라, 토템의 네 가지 카테고리에서 강력한 마법 스킬을 해제하세요. 자신의 플레이 스타일에 맞게 늑대의 능력을 맞춤 설정할 수 있습니다.

퀘스트 해결하기: 도전적인 퀘스트에 도전하여 보너스 스킨과 귀중한 아이템을 보상으로 받으세요.

커스터마이징: 최대 20가지의 털 스킨, 20가지 빛나는 타투 디자인, 다양한 눈 색깔로 늑대를 개성 있게 꾸며 보세요. 무리 구성원마다 독특한 모습을 만들 수 있습니다.

동물 보스와 전투: 곰 보스, 멧돼지 보스, 사슴 보스 등 강력한 동물 보스와 맞서 싸우세요. 각 전투는 전략적 계획과 능숙한 실행이 필요합니다.

동적 낮/시간 설정: 네 가지 다른 시간대에서 게임 세계를 경험하여 다양성과 도전을 더합니다.

오픈 월드 탐험: 광대한 오픈 월드 곳곳에 숨겨진 비밀 보너스를 발견하고 여정을 향상시키며 추가 보상을 획득하세요.

“The Alpha Wolf”는 생존하고 번영하며 궁극적인 알파가 되기 위해 지략과 기술을 사용해야 하는 스릴 넘치고 몰입감 있는 RPG 경험을 제공합니다.",The Alpha Wolf,Revolt Games SRL,https://image.api.playstation.com/vulcan/ap/rnd/202505/2809/f103eec8509705e33e59997f301f86c5003926c06feadace.jpg?w=1920,"격투, 롤플레잉 게임, 시뮬레이션",playstation
