title,url,date,imageurl,description,autokwd,company,screenshot,tag,platform
SUPER ROBOT WARS Y,https://store.playstation.com/ko-kr/concept/10007610,2025-08-28,https://image.api.playstation.com/vulcan/ap/rnd/202504/0308/588154abbf2a40fdae9f2915b7a4588902806fc3f9a0abc0.jpg?w=1920,"[예약 특전]
・「사이바스터」, 「뱅 넥스」, 「그란 뱅」을 입수할 수 있는 미션 2종
・특전 미션 「스페셜 스타터 팩」

※내용 및 사양은 예고 없이 일부 변경될 수 있습니다.
※특전은 전부 게임 내 콘텐츠로 반영됩니다.
(일부 특전은 「미션」으로 제공됩니다)
※특전은 추후 별도로 판매될 수 있습니다.
※다운로드 버전 예약 구매 특전은 예약하신 고객에게만 제공됩니다.


※본 상품은 「일반판」입니다. 그 밖에도 「디지털 디럭스 에디션」, 「디지털 얼티밋 에디션」을 별도로 판매 중이므로 중복 구매에 주의하십시오.

눈 앞의 파멸과 몰려오는 재앙―

숙명을 넘어서라, 강철의 수호자!

슈퍼로봇대전은 다양한 애니메이션에 등장한 로봇들이 작품의 장벽을 넘어 한자리에 모여 공통의 적과 싸우는 시뮬레이션 RPG 시리즈입니다.

최신작인 『슈퍼로봇대전 Y』에서는
「SSSS.DYNAZENON」, 「고질라: 싱귤러 포인트」, 「기동전사 건담 수성의 마녀」 시즌 1이 슈퍼로봇대전 시리즈에 첫 등장.
그리고 「극장판 마크로스 Δ 격정의 왈큐레」, 「겟타 로보 아크」가 거치용 시리즈에서는 처음으로 모습을 드러냅니다.
추가로 「용자 라이딘」, 「초전자로보 컴배틀러 V」, 「성전사단바인」 등의 역사 깊은 작품부터
「은하기공대 마제스틱 프린스」, 「코드 기아스 부활의 를르슈」 등 폭넓은 세대의 지지를 받는 작품을 수록하였습니다.

지금까지의 시리즈를 즐겨본 적이 없는 분들도 플레이하실 수 있도록
다양한 참전 작품들이 독자적인 세계관 속에서 크로스오버하는 오리지널 시나리오가 전개됩니다.

거기에 히로인이나 서브 캐릭터처럼 직접 전투에 참가하지 않는 캐릭터도 활약, 성장할 수 있는 「어시스트 링크」 시스템이라는 새로운 요소도 추가하였습니다.

【참전 작품 목록】
용자 라이딘
초전자로보 컴배틀러 V
성전사단바인
성전사단바인 New Story of AURA BATTLER Dunbine
중전기 엘가임
기동전사 Z건담
기동전사 건담 역습의 샤아
M-MSV
기동무투전 G건담
신기동전기 건담 W Endless Waltz
기동전사 건담 SEED DESTINY
기동전사 건담 수성의 마녀 시즌 1
마징카이저 사투! 암흑대장군
겟타 로보 아크
은하기공대 마제스틱 프린스
마크로스 Δ
극장판 마크로스 Δ 격정의 왈큐레
코드 기아스 반역의 를르슈 III -황도-
코드 기아스 부활의 를르슈
고질라: 싱귤러 포인트
SSSS.DYNAZENON

※내용 및 사양은 예고 없이 일부 변경될 수 있습니다.","SUPER ROBOT WARS Y,슈퍼로봇대전 Y",Bandai Namco Entertainment,https://image.api.playstation.com/vulcan/ap/rnd/202504/0308/588154abbf2a40fdae9f2915b7a4588902806fc3f9a0abc0.jpg?w=1920,"롤플레잉 게임, 전략, 시뮬레이션",playstation
Battlefield 6 Phantom Edition,https://store.playstation.com/ko-kr/concept/10009568,2025-10-11,https://image.api.playstation.com/vulcan/ap/rnd/202507/2917/499e810a69aecf9bca5e65daa391ad9fb212b6d17bd230a3.png?w=1920,"English/Chinese/Korean/Japanese Ver.

Battlefield™ 6 Phantom Edition을 예약 구매하고 예약 구매 보너스: 툼스톤 팩*을 받으세요. 병사 스킨, 무기 패키지, 툼스톤 XP 부스트 세트, 플레이어 카드, 병사 패치 등이 포함되어 있습니다.

Phantom Edition 구성:
• Battlefield 프로 토큰
• Phantom 팩, 포함:
- 팬텀 분대: 병사 스킨 4종
- 무기 패키지 2종
- 근접 대검 무기 스킨
- 탑승장비 스킨
- 무기 스티커
- 무기 장식물
- 인식표
• Phantom XP 부스트 세트


최고의 전면전을 경험하세요. 치열한 보병전에서 싸우고, 하늘을 가르며 공중전을 펼치세요. 전략적 우위를 차지하기 위해 주변 환경을 파괴하세요. 키네스테틱 전투 시스템을 활용해 모든 행동과 움직임을 완전히 제어하세요. 전차, 전투기, 거대한 병기로 가득한 전쟁에서 가장 치명적인 무기는 여러분의 분대입니다. 이것이 바로 Battlefield 6입니다.

멀티플레이어
상상할 수 있는 모든 승리를 달성하세요. Battlefield 6에서 승리하는 방법은 그 어느 때보다 다양합니다. 컨퀘스트, 브레이크스루, 러시 등 상징적인 대규모 모드에서 영광을 차지하세요. 킹 오브 더 힐, 도미네이션, 페이로드에서 빠른 속도의 액션에 뛰어드세요. 새롭게 개선된 Battlefield Portal로 전쟁의 규칙을 바꿔 보세요. 카이로, 브루클린, 지브롤터 등 전 세계의 상징적인 장소에서 전투를 벌이세요.

세계적인 규모의 캠페인
캠페인이 돌아왔습니다. 전차로 사하라 사막을 가로지르고, 지브롤터 해안을 공격하고, 침략으로부터 뉴욕을 방어하세요. 엘리트 분대인 해병 강습병이 되어 붕괴 직전에 놓인 세계를 구하기 위해 끊임없이 싸우세요.

PORTAL
전선을 다시 그리세요. Battlefield Portal은 크리에이터와 플레이어가 Battlefield를 한계까지 밀어붙일 수 있는 거대한 샌드박스입니다. 오브젝트를 이동하고, 크기를 조절하고, 복제하여 전례 없는 수준으로 환경을 컨트롤해 보세요. NPC 스크립트와 커스터마이징 가능한 UI를 사용해 독특한 게임 모드를 만들어 보세요. 여러분의 창작물이 공식 Battlefield 모드가 될 수도 있습니다. 여러분의 실력을 보여주세요.",Battlefield 6 Phantom Edition,Electronic Arts Inc.,https://image.api.playstation.com/vulcan/ap/rnd/202507/2917/499e810a69aecf9bca5e65daa391ad9fb212b6d17bd230a3.png?w=1920,슈팅,playstation
Ghost of Yōtei,https://store.playstation.com/ko-kr/concept/10003923,2025-10-02,https://image.api.playstation.com/vulcan/ap/rnd/202504/2116/4c3157e46231c7f549d91c87a391529b0b4c71ecca39bb8a.png?w=1920,"예약주문하고 다음 게임 내 아이템을 획득하세요:
• 아츠 + 요테이 육인방 아바타 세트(7x)
• 게임 내 가면


에디션은 다음을 포함합니다:
• 고스트 오브 요테이

에도 시대의 질서는 잠시 잊으세요.

이전과는 다른 망령이 되어 아름다운 일본 북부의 험준한 지형을 배경으로 새롭고 담대한 이야기를 목격하세요.

이 독립적인 이야기는 비평가들의 찬사를 받은 Ghost of Tsushima의 사건보다 300년이 지난 1600년대를 배경으로, 괴로운 과거를 지닌 고독한 용병 아츠의 여정을 따라갑니다. 복수심에 불타는 그녀는 수년 전 그녀의 가족을 살해한 자들을 찾아 나섭니다.

6인의 무법자를 찾아 에조치를 가로지르는 아츠의 여정은, 그녀를 미지의 땅으로 이끕니다. 아츠는 여정 도중, 여정을 시작했을 때는 생각하지도 못한 위험과 조우하게 됩니다. 그녀가 의외의 동료를 만나고, 단단한 유대를 형성하고, 치유와 구원의 길로 나갈 수 있도록 도와주세요.

- 전투 중 스릴을 느껴보세요. DualSense® 무선 컨트롤러의 햅틱 피드백으로 아츠의 카타나 전투를 손끝으로 생생하게 느껴보세요.
- 궁술과 갈고리의 사용법을 숙달하고, 짜릿한 전투를 경험하고, 다양한 지형을 탐험해 보세요. DualSense 무선 컨트롤러의 적응형 트리거로 이 모든 요소를 더욱 실감할 수 있습니다.
- 빠른 로딩 시간으로 신속하게 일본 북부의 아름다운 풍경 속으로 이동하며 PlayStation®5의 강력한 성능을 느껴보세요.
- 아츠가 눈 덮인 능선, 야생화가 만발한 들판, 울퉁불퉁한 바윗길 등을 여행하는 동안, 놀라운 비주얼로 실현한 풍성하고 생동감 넘치는 환경을 탐험하세요.
- Tempest 3D AudioTech: 3D 공간 오디오로 형성한 특별한 사운드스케이프로 1600년대 일본에 몰입하세요.¹

¹내장 TV 스피커 또는 아날로그/USB 스테레오 헤드폰을 통해 3D 오디오를 지원합니다. 설정이 필요합니다.

한국어 자막은 게임의 원문인 영어를 기반으로 제작되었습니다","Ghost of Yōtei,고스트 오브 요테이",Sony Interactive Entertainment,https://image.api.playstation.com/vulcan/ap/rnd/202504/2116/4c3157e46231c7f549d91c87a391529b0b4c71ecca39bb8a.png?w=1920,액션,playstation
METAL GEAR SOLID Δ: SNAKE EATER,https://store.playstation.com/ko-kr/concept/10007293,2025-08-28,https://image.api.playstation.com/vulcan/ap/rnd/202406/0513/40644e8efe1a34b361adcd5d22283444e0ee12fcf9783479.png?w=1920,"【예약 특전】
・UNIFORM : 흰색 턱시도
※ 본 특전은 별도로 입수할 수 있습니다.


원작의 핵심은 그대로, 몰입 체험이 진화를 이룬다.
2004년 발매된 ""METAL GEAR SOLID 3: SNAKE EATER""를 원작으로 한 리메이크 작품.
원작의 스토리와 세계관은 그대로 유지되었으며, 최신 그래픽과 입체적인 사운드 표현으로 정글에서 펼쳐지는 궁극의 서바이벌 스텔스 액션을 즐길 수 있다.

오리지널 매력 그대로 진화
스토리, 캐릭터, 보이스, 게임 플레이, 음악 등 원작이 가진 매력은 그대로, 최신 하드웨어에 맞춘 진화를 이룬 리메이크 작품. 세계 구석구석을 다시 만들어 모든 컷 장면에 새로운 생명이 불어넣어졌다.

철저한 현실 추구
전투 피해 묘사가 진화하면서 옷의 찢김, 멍, 탄흔이 실시간으로 Snake의 몸에 표현된다. 옷은 갈아입어 변경을 할 수 있지만, 몸에 난 상처는 계속 남게 된다. 플레이어 개개인의 게임 플레이에 따라 Snake의 모습이 다양하게 변한다.

압도적인 몰입감과 현장감
당시와 같은 플레이 감각으로 즐길 수 있는 오리지널 조작 방법과 더불어 새로운 게임에 익숙해진 세대를 위한 플레이 스타일도 채용. 심플하고 이해하기 쉬운 조작성으로 플레이에 대한 집중력을 높여 극한 환경에서의 짜릿한 서바이벌 체험을 즐길 수 있으며, 당시와 같은 플레이 감각으로 즐길 수 있는 플레이 스타일도 선택이 가능.


【추가 컨텐츠】
※추가 컨텐츠는 인터넷에 접속해 소프트를 업데이트하면 플레이하실 수 있습니다. 각 콘텐츠의 배포 시기에 대해서는 정해지는 대로 안내해 드리겠습니다.

・SNAKE VS MONKEY
이 모드에서는 Snake 역할을 하며, 각 단계에서 도망치는 탈출한 유인원들을 모두 모으자!

・FOX HUNT
게임 본편과 공통의 세계관으로 전개하는 완전 오리지널 온라인 대전 모드입니다. 스텔스 요소나 서바이벌 요소등을 구사한 """"숨바꼭질""""에 가까운 전술을 즐기실 수 있습니다.

・Secret Theater
적병이 숨겨둔 8mm 필름을 입수함으로써 해금되는 즐거움 영상입니다. 오리지널 영상 외에도 신작 영상도 수록되어 있습니다.

And more…


※본 제품 외에도 「Digital Deluxe Edition」이 따로 있습니다. 중복 구매에 주의하시기 바랍니다.",METAL GEAR SOLID Δ: SNAKE EATER,KONAMI DIGITAL ENTERTAINMENT,https://image.api.playstation.com/vulcan/ap/rnd/202406/0513/40644e8efe1a34b361adcd5d22283444e0ee12fcf9783479.png?w=1920,액션,playstation
Path of Exile 2 Founder's Pack - Path of Exile 2 Early Access,https://store.playstation.com/ko-kr/concept/10010602,2024-12-06,https://image.api.playstation.com/vulcan/ap/rnd/202505/0523/d77cf9ce78c2fa0b9170a1064e42744c9923a258eb0dde28.jpg?w=1920,"패스 오브 엑자일 2는 2026년 말에 무료 플레이 타이틀로 출시될 예정입니다.
패스 오브 엑자일 2 얼리 액세스 서포터 팩에는 패스 오브 엑자일 2 얼리 액세스 권한과 300 포인트가 포함되어 있습니다.","Path of Exile 2 Founder's Pack - Path of Exile 2 Early Access,패스 오브 엑자일 2 파운더 팩 - 패스 오브 엑자일 2 얼리 액세스",GRINDING GEAR GAMES LIMITED,https://image.api.playstation.com/vulcan/ap/rnd/202505/0523/d77cf9ce78c2fa0b9170a1064e42744c9923a258eb0dde28.jpg?w=1920,액션,playstation
Digimon Story Time Stranger,https://store.playstation.com/ko-kr/concept/10011861,2025-10-02,https://image.api.playstation.com/vulcan/ap/rnd/202506/0208/367cf4e4863b7c658ecf0a4217b8779c3d7565b42aba8d09.jpg?w=1920,"【예약 특전】
육성 디지몬과 코스튬, 아이템이 세트로 구성된 예약 특전 팩을 입수할 수 있습니다.

【예약 특전 팩 내용】
・육성 디지몬: 아구몬(흑)＆파피몬(흑)
・코스튬 「어느 학교의 교복」
- 주인공(유우키 단) 의상 「어느 학교의 교복」
- 주인공(유우키 카난) 의상 「어느 학교의 교복」
・모험 아이템 세트
- 소비 아이템 「메디컬 스프레이 DX」 ×３
- 소비 아이템 「멀티 리커버리 DX」 ×３
- 소비 아이템 「풀 리바이브 스프레이」 ×３
- 장비 「어태커 어태치Ⅰ」 ×１
- 장비 「가드너 어태치Ⅰ」 ×１

※조작하는 주인공(유우키 단, 유우키 카난)은 게임 플레이 도중 옵션 버튼으로 언제든지 변경할 수 있습니다.
※변경한 코스튬은 일부 영상에는 반영되지 않습니다.
※내용 및 사양은 예고 없이 변경될 수 있습니다.。
※특전은 추후 유료 또는 무료로 재배포될 수 있습니다.


※본 상품은 「일반판」입니다. 본 상품 외에 「디럭스 에디션」, 「얼티밋 에디션」도 판매 중입니다. 중복 구매에 주의하십시오.

■”시공”과 ”세계”를 넘어, 인간과 디지몬의 유대를 그려가는 이야기
이야기의 무대는 일본 도쿄.
비밀 조직의 에이전트인 주인공은, 미지의 생물 「디지몬」을 만나 수수께끼의 폭발에 말려든다.
그리고 정신을 차려보니 8년 전의 세계에 와있었는데…
본 작품은 「과거와 미래」「인간 세계와 이세계」, 그리고 「인간과 디지몬」이라는 상반된 두 요소가 복잡하게 얽히며 그려지는 유대와 갈등을 다룬 장대한 이야기를 체험할 수 있습니다.

■인간 세계와 오리지널리티가 넘치는 디지털 월드에서 펼쳐지는 모험
인간 세계와, 디지몬이 사는 이세계 「디지털 월드 일리아스」라는 두 세계. 플레이어는 이야기 속에서 이 세계들을 오가며 해당 세계들의 특성을 살린 기믹이나 퀘스트를 체험할 수 있습니다. 디지털 월드는 지금까지의 디지몬 게임에는 없었던 섬세한 표현이 묘사되어 있으며, 다양한 개성의 필드가 여럿 등장합니다.

■450마리 이상의 디지몬을 수집, 육성하고 전략적으로 편성하여 진행하는 턴제 배틀
디지몬은 플레이어와 대등한 동료입니다. 고난에 맞서는 과정에서 당신과 디지몬의 유대가 시험 받게 됩니다.
모험을 통해 디지몬을 동료로 만들고, 진화, 퇴화, 커스터마이즈를 거치며 자신만의 디지몬을 키워 나갑시다. 시리즈에 친숙한 디지몬부터 게임에 처음 등장하는 디지몬까지, 다양한 디지몬과의 만남을 즐겨주세요.","Digimon Story Time Stranger,디지몬 스토리 타임 스트레인저",Bandai Namco Entertainment,https://image.api.playstation.com/vulcan/ap/rnd/202506/0208/367cf4e4863b7c658ecf0a4217b8779c3d7565b42aba8d09.jpg?w=1920,롤플레잉 게임,playstation
NBA 2K26  PS5,https://store.playstation.com/ko-kr/concept/10014149,2025-09-05,https://image.api.playstation.com/vulcan/ap/rnd/202506/2509/ed1c4096b6adfd4814e5ae5db686cdb7d27cd07993753ed7.png?w=1920,"NBA 2K26 스탠다드 에디션을 예약 구매*하고 다음 추가 보너스 콘텐츠를 받으세요.

MyTEAM 프로모션 팩 2개
MyPLAYER 게이머플레이트
10,000VC

*보너스 콘텐츠를 사용하려면 인터넷 연결과 NBA 2K 계정이 필요합니다. 약관이 적용됩니다.


본 에디션은 PS5® 및 PS4®용 NBA 2K26 디지털 버전을 포함합니다.

NBA 2K26에서 자존심을 건 승부가 펼쳐집니다. MyCAREER에서 나만의 레전드를 만들고, MyTEAM에서 스타를 모으고 이들과 경쟁하고, PS5®의 MyNBA 또는 PS4®의 MyLEAGUE에서 중대한 결정을 내리세요.


ProPLAY™로 구동

PS5®에서 NBA 영상을 사실적인 게임 플레이로 직접 전환하는 실감나는 기술로 모든 점유율을 장악하세요. 더 자연스럽게 연결되는 드리블과 크로스오버를 느끼고, 완전히 새로운 기능을 활용해 역동적인 플레이 메이킹을 펼치며 자유롭게 움직이세요.


팀을 결성하고 승리하라

MyCAREER에서 게임의 한계를 뛰어넘는 MyPLAYER를 육성하고, 자라나는 유망주에서 글로벌 슈퍼스타로 성장하세요. 친구들과 협력하고, 자랑할 권리를 얻기 위해 라이벌 팀과 대결할 수 있는 눈부시게 멋진 환경을 장악하세요.


MyTEAM에서 스타를 통합

MyTEAM에서 과거와 현재의 농구 레전드를 모으고 이들과 경쟁하세요. 화려한 라인업의 로스터를 구성하고, 싱글 플레이 및 멀티플레이 모드에서 여러분의 드림팀을 시험하고, 새로운 카드를 획득하여 MyTEAM의 환상을 현실로 만들어보세요.


나의 팀으로 완성하는 나의 이야기

PS5®의 MyNBA 또는 PS4®의 MyLEAGUE에서 단장이 되어 NBA 프랜차이즈의 다음 장을 쓰세요. 스포츠의 미래에 영향을 미치고 리그에 지워지지 않을 흔적을 남겨보세요.

Play Now, MyNBA, The W 및 MyLEAGUE는 오프라인에서 플레이할 수 있습니다. 기타 다른 게임 모드 및 기능은 인터넷 연결이 필요하며 온라인 계정 등록이 필요할 수 있습니다(나이 제한은 만 13세 이상으로 경우에 따라 다름).","NBA 2K26  PS5,PS5용 NBA 2K26",Take-Two,https://image.api.playstation.com/vulcan/ap/rnd/202506/2509/ed1c4096b6adfd4814e5ae5db686cdb7d27cd07993753ed7.png?w=1920,스포츠,playstation
SILENT HILL f,https://store.playstation.com/ko-kr/concept/10010242,2025-09-25,https://image.api.playstation.com/vulcan/ap/rnd/202505/0704/0ac946cfb6a43dee36df577f682cac09f8e2364c516a3a2d.png?w=1920,"《예약 구매 특전》
●흰색 교복(※1)
●부적 【모란】(※2)
●아이템 팩(※3)

※1
히나코의 외형을 변경할 수 있는 의상입니다.
게임 내 '사당'의 '갈아입기' 메뉴에서 변경할 수 있습니다.

※2
히나코가 장비할 수 있는 아이템입니다.
게임 내 '사당'의 '특전 받기' 메뉴에서 획득할 수 있습니다.
'특전 받기'는 게임 진행도에 따라 열립니다.

※3
소비 아이템이 3개 포함된 팩입니다. 한 번만 받을 수 있습니다.
게임 내 '사당'의 '특전 받기' 메뉴에서 획득할 수 있습니다.
'특전 받기'는 게임 진행도에 따라 열립니다.
《아이템 팩 내용》
·바싹 마른 유부 x1
·신수 x1
·구급상자 x1

※주의 사항
별도 판매되는 ""SILENT HILL f - Deluxe Upgrade""에는 해당 특전이 포함되지 않으므로 주의해 주세요.


미련. 갈등. 후회. 피할 수 없는 선택. 그리고 자신의 죄.
그것과 마주할 수 없는 자들은 짙은 안개 속 세상을 떠돈다……

무시무시한 심상 풍경이 구현된 세계와 크리처가 특징인
공포와 광기의 사이콜로지컬 호러 'SILENT HILL' 시리즈 최신작.

일본을 무대로 한 새로운 ""사이콜로지컬 호러""가 시작된다.


옛 시절. 한 지방의 산간에 위치한 쓸쓸한 시골 마을 에비스가오카에 사는 고등학생 시미즈 히나코.
그녀의 일상은 흐릿한 잿빛이기는 해도 사춘기다운 평범한 나날이었다.

그러나 그 평범한 일상은 갑작스럽게 무너진다.
익숙했던 마을은 안개에 둘러싸여 오싹하게 변해 간다.
인기척은 사라지고 대신 안개 속에서 기괴한 무언가가 꿈틀거린다.

변모한 마을을 탐색하고 수수께끼를 풀며 몸을 지키기 위해 싸우고 살아남아라.

마주해야만 하는 선택과 마주하기 위해서.
그리고 죽여야만 하는 자를 죽이기 위해서.

그녀가 택한 것은 아름다운 선택인가?
아니면 소름 끼치는 선택인가?

아름답고도 오싹한 선택에 관한 이야기.",SILENT HILL f,KONAMI DIGITAL ENTERTAINMENT,https://image.api.playstation.com/vulcan/ap/rnd/202505/0704/0ac946cfb6a43dee36df577f682cac09f8e2364c516a3a2d.png?w=1920,공포,playstation
Borderlands 4,https://store.playstation.com/ko-kr/concept/10000819,2025-09-12,https://image.api.playstation.com/vulcan/ap/rnd/202506/0210/214ca4b5cdbf9198e587396e71714b9147e669bbdaf07b0d.jpg?w=1920,"보더랜드 4를 예약 구매하여 볼트 헌터 스킨과 무기 스킨, 에코-4 드론 스킨을 제공하는 길디드 글로리 팩을 받으세요!*
*예약 구매 혜택은 게임 출시 시까지 제공되며, 그 이후부터는 길디드 글로리 팩을 별도로 구매하여 이용할 수 있습니다(기본 게임 필요). 보너스 콘텐츠를 사용하려면 인터넷 연결이 필요합니다. 아이템은 출시 시 게임 속에서 자동으로 지급됩니다. 이용 약관이 적용됩니다.


보더랜드 4에서는 무자비한 폭군이 지배하는 새로운 행성에서 화끈한 액션과 배드애스 볼트 헌터, 셀 수 없이 다양한 기상천외하고 치명적인 무기를 만나볼 수 있습니다.

부와 명예를 쫓는 네 명의 새로운 볼트 헌터 중 한 명이 되어 카이로스에 온몸으로 부딪혀 보세요. 강력한 액션 스킬을 휘두르고, 무궁무진한 스킬 트리로 빌드를 커스터마이징해 화려한 이동 능력으로 적들을 압도하세요.

저 멀리 높은 자리에서 민중을 내려다보며 지배하는 무자비하고 억압적인 독재자 '타임키퍼'에게서 벗어나세요. 물 흐르듯 자연스러운 게임 플레이를 자랑하는 보더랜드의 세계에서 카이로스의 민중들을 단합하고 혁명의 불씨를 피워보세요.

무적의 배드애스
적들을 향해 기상천외한 새로운 무기들을 마음껏 발사하며 천하무적이 된 듯한 기분을 만끽해 보세요. 더블 점프, 활공, 회피, 고정 지점 잡기 등 다양한 움직임을 통해 완전히 새로운 방식으로 보더랜드를 경험하고 어떤 방향에서든 날렵하게 적들의 숨통을 끊어버리세요. 볼트 헌터의 특별한 능력을 발휘하는 강력한 액션 스킬을 사용하여 모든 전투에서 적들을 산산조각 내 버리세요. 다양한 선택지를 제공하는 스킬 트리로 나만의 드림 빌드를 완성하고, 폭발적인 무기와 강력한 장비로 가득한 전리품을 찾아 떠나보세요.

솔로 또는 협동 플레이로 즐기는 전투
카이로스를 종횡무진하는 여정은 혼자서도 즐겁지만, 2인 화면 분할이나 최대 4인 온라인 협동 플레이로 친구들과 함께할 때 한층 더 즐거워집니다.* 레벨 자동 조정과 개별 난이도를 통해 친구들과 함께 전리품을 찾아 떠나고, 임무를 수행하거나 정처없이 떠돌며 즐거운 시간을 보내 보세요.

한층 더 광활하고 자유로워진 환경
쉴 새 없이 교전을 벌이는 무리들로 가득한 광활하고 위험한 세계를 자유롭게 탐험해 보세요. 호버 바이크에 올라타 잊지 못할 캐릭터들과 무시무시한 적, 신명 나는 이벤트, 흥미로운 퀘스트로 가득한 무성한 들판과 높디높은 고지, 위험이 도사리는 사막을 달려보세요.

*온라인 플레이에는 인터넷 연결이 필요하며, 크로스 플레이에는 SHiFT 계정이 필요합니다. 콘솔 온라인 플레이를 이용하려면 별도의 유료 구독이 필요합니다. 이용 약관이 적용됩니다.","Borderlands 4,보더랜드 4",Take-Two,https://image.api.playstation.com/vulcan/ap/rnd/202506/0210/214ca4b5cdbf9198e587396e71714b9147e669bbdaf07b0d.jpg?w=1920,슈팅,playstation
OCTOPATH TRAVELER 0,https://store.playstation.com/ko-kr/concept/10014094,2025-12-04,https://image.api.playstation.com/vulcan/ap/rnd/202505/2109/ec93e69b1e3429c574fc9d9bb3457f8f242f975e9ade3478.png?w=1920,"【다운로드 버전 예약 특전】
・「여행 응원 팩」: 게임 초반에 도움이 되는 아이템과 어빌리티 세트입니다.
세트 내용
・HP 회복 포도(대)×5
・SP 회복 자두(대)×5
・완전 회복 잼×2
・극의: 빙결 마법
※ 2025년 12월 03일 23:59까지 예약하신 분에게만 증정됩니다.
※게임을 일정 부분까지 진행한 후에 주점에서 수령할 수 있습니다.


PS4® 다운로드 버전과 PS5® 다운로드 버전을 모두 다운로드 할 수 있습니다.

【상품 개요】
전 세계 판매량 500만 장을 돌파한 RPG 「옥토패스 트래블러」 시리즈 최신작.
오르스테라 대륙을 무대로 삼아, 신의 반지를 둘러싸고 벌어지는 복수와 재건의 이야기가 펼쳐진다.

도트 아트와 3D CG를 융합한 그래픽 표현인 「HD-2D」, 플레이어가 원하는 대로 사용할 수 있는 「필드 커맨드」, 플레이어의 전략으로 전황을 뒤집을 수 있는 「브레이크&부스트」 등, 옥토패스 트래블러 시리즈의 특징적인 시스템이 본작에서도 유지된다.
또한, 시리즈 최초로 유저가 주인공을 만들 수 있는 「캐릭터 생성」 및 고향을 재건하는 「마을 개발」 등의 새로운 시스템도 추가되었다.

복수의 길을 걸을 것인가, 재건의 길을 개척할 것인가…
선택은 오로지 당신에게 달렸다.
여행을 떠나자. 당신이 만드는 이야기로…

【특징】
(1) 이 작품의 주인공은 바로 당신이다. 외모, 목소리, 머리 모양은 물론이고, 몸짓이나 좋아하는 요리까지 설정할 수 있는 「캐릭터 생성」 시스템으로 나의 분신을 만들어 보자.

(2) 고향 마을을 재건하는 「마을 개발」도 새롭게 등장! 동료들이나 여행지에서 만난 사람들을 마을로 이주시켜서 나만의 마을을 만들어 보자.

(3) 전략적이면서 호쾌한 배틀을 즐길 수 있는 「8명 편성 커맨드 배틀」. 30명 이상의 동료 중에서 나만의 파티를 편성해 보자.

(4) 「필드 커맨드」를 사용해서 내 마을에 초대하거나, 마을 사람들과 배틀을 하거나, 아이템을 입수하는 등, 어디에 가고 무엇을 할지는 오로지 당신에게 달려 있다.

(5) 어빌리티를 장비처럼 장착하거나 변경할 수 있는 「셀렉트 어빌리티」 시스템도 새롭게 등장하여 동료를 성장시켜서 얻은 기술을 다른 동료가 익히게 할 수도 있다.","OCTOPATH TRAVELER 0,옥토패스 트래블러 0","SQUARE ENIX CO., LTD.",https://image.api.playstation.com/vulcan/ap/rnd/202505/2109/ec93e69b1e3429c574fc9d9bb3457f8f242f975e9ade3478.png?w=1920,롤플레잉 게임,playstation
SHINOBI: Art of Vengeance,https://store.playstation.com/ko-kr/concept/10008251,2025-08-29,https://image.api.playstation.com/vulcan/ap/rnd/202501/2223/be86073696a0afeadcf76d931244e75a156ed45adc8d45ed.jpg?w=1920,"【예약 특전】
・조 무사시 추가 의상 '오리지널 아케이드 의상' (게임 내 아이템)
・추가 부적 '축복' (게임 내 아이템)
※2025년 8월 29일 12:59(KST)까지 예약 구매 한 경우 본 특전이 동봉됩니다.


본 제품을 소지한 고객님께서는 해당 게임의 디지털 PS4® 버전과 디지털 PS5® 버전 모두를 보유하실 수 있습니다.

ーーーーーーーーーー

■게임 설명
히트작 「베어너클 4」의 개발 스튜디오가 선사하는 새로운 닌자 액션 게임. 복수심에 불타는 한 시노비의 서사가 핸드 드로잉 터치의 아트 스타일로 섬세하고 선명하게 그려진다.

■줄거리
시노비의 정점에 이른 닌자 '조 무사시'는 전소된 마을과 돌로 변한 동료들을 눈앞에서 목격하고 복수의 여정에 나선다. 거대한 악에 맞서 동료들의 원수를 갚기 위해서…

■시노비의 기술을 갈고닦아라
검과 쿠나이, 인술, 인법 그리고 조 무사시의 능력을 확장시키는 부적을 자유롭게 사용하여 적을 쓰러뜨려라. 상황에 따라 다양한 기술을 선택하고 자신만의 배틀 스타일로 콤보를 펼치자. 매끄럽고 약동감 있는 애니메이션과 속도감 넘치는 액션이 융합하여 유일무이한 통쾌함을 맛볼 수 있다.

■핸드 드로잉 터치로 그려지는 아름다운 세계
군사 기지부터 작열하는 사막까지, 길을 떠난 조 무사시 앞에 펼쳐지는 각양각색의 스테이지. 수작업으로 밀도 있게 표현된 세계가 그의 여로를 물들인다.
또한, 도중에는 다양한 인술을 구사하여 눈앞의 난관을 극복하고 숨겨진 신규 루트를 발견하는 등, 만족스러운 플랫폼 액션도 즐길 수 있다.

※본 상품은 게임 본편 단품이며, 게임 본편과 추가 콘텐츠가 포함된 세트 상품은 별도로 판매되고 있습니다. 중복 구매에 유의하시기 바랍니다.
※내용 및 사양은 예고 없이 변경될 수 있습니다.

ーーーーーーーーーー

이미 본 타이틀의 PS4®판을 소지하고 계신 경우에는 추가 비용을 지불하거나 본 제품을 구매할 필요 없이 PS5® 다운로드판을 다운로드하실 수 있습니다.","SHINOBI: Art of Vengeance,SHINOBI 복수의 참격",SEGA CORPORATION,https://image.api.playstation.com/vulcan/ap/rnd/202501/2223/be86073696a0afeadcf76d931244e75a156ed45adc8d45ed.jpg?w=1920,액션,playstation
Cronos: The New Dawn,https://store.playstation.com/ko-kr/concept/10011556,2025-09-05,https://image.api.playstation.com/vulcan/ap/rnd/202410/1511/5daa402a8728c97b699d961eb06b77b8c759d1afdf585b0c.jpg?w=1920,"예약 구매 에디션 구성:
• 기본 게임
• 권총 탄약 4개
• 소형 체력 팩
• 에너지 1000개
• 예약 구매 에디션 전용 고유 아머 스킨


""동유럽의 브루탈리즘과 복고풍의 미래 기술이 혼합된 어두운 세상을 배경으로 하는 Cronos: The New Dawn은 과거와 미래를 넘나드는 몰입감 넘치는 이야기 속으로 빠져들게 합니다.

과거에서는 인류를 영원히 바꾼 대재앙인 더 체인지의 고통에 빠진 세상을 발견하게 됩니다. 한편, 파괴된 미래의 황무지에서는 매 순간 위험한 괴물들이 생존을 위협하며 당신의 반사 신경과 전술적 사고를 시험합니다.

당신은 여행자이자 의문의 집단인 컬렉티브의 요원으로 활동하며, 미래의 황무지를 샅샅이 뒤져 1980년대 폴란드로 이동할 수 있는 시간의 틈을 찾아야 합니다.

영혼 수확기
여러분의 임무는 다가올 대재앙으로 목숨을 잃을 과거의 핵심 인물들을 찾는 것입니다. 전능한 수확기를 이용하여 정수를 추출하고 미래로 함께 갈 수 있습니다.

모든 행동을 계획하세요
늘 위험이 도사리는 황폐한 세상에서 살아남으려면 전략적으로 사고하고 미리 계획하는 능력이 있어야 합니다. 여러분이 마주할 적은 악몽 같은 괴물들로, 인류의 잔재에서 태어난 것들입니다. 괴물들을 물리치려면 가진 무기를 총동원해야 합니다. 전투 중에 내리는 찰나의 결정이 삶과 죽음을 결정할 것입니다.""",Cronos: The New Dawn,BLOOBER TEAM NA,https://image.api.playstation.com/vulcan/ap/rnd/202410/1511/5daa402a8728c97b699d961eb06b77b8c759d1afdf585b0c.jpg?w=1920,공포,playstation
Senua's Saga: Hellblade II,https://store.playstation.com/ko-kr/concept/10012536,2025-08-12,https://image.api.playstation.com/vulcan/ap/rnd/202505/2009/ff0306069a922b65c257e00c0392816b94002dae861dd0cf.png?w=1920,"지금 예약 주문하여 Senua's Saga: Hellblade II 오리지널 사운드트랙을 받으세요


수상 경력에 빛나는 Hellblade: Senua’s Sacrifice의 후속작. 세누아가 신화 속 이야기와 시련이 기다리는 잔혹한 생존 여정으로 돌아옵니다. 폭정의 참상 속 희생자들을 구하기 위해, 세누아는 내면과 외면의 어둠을 이겨내야 하는 전투를 직면합니다.
Senua’s Saga: Hellblade II가 PlayStation 5 및 PS5 Pro Enhanced에 최적화되어 출시됩니다. 추가 기능 및 몰입형 햅틱 피드백을 통해 수상 경력에 빛나는 비평가들의 찬사를 받은 세누아 이야기의 다음 장을 새로운 방식으로 경험할 수 있습니다.

세누아의 이야기는 계속됩니다
세누아가 바이킹 시대 아이슬란드의 신화와 시련 속에서 살아남기 위한 잔혹한 여정으로 돌아옵니다.

영화 같은 몰입감으로 정교하게 만들어낸 경험
아름답고 실감 나는 비주얼과 사운드로 세누아의 세계와 이야기 속에 깊이 빠져들어 보세요.

세누아의 고유한 시점
정신증을 겪는 켈트 전사 세누아의 눈과 귀로 세계를 경험하세요.

바이킹 시대 아이슬란드로의 여정
실제 장소를 바탕으로 놀라운 디테일을 살려 재창조한 10세기 아이슬란드를 가로지르는 최고의 모험을 즐기세요.

전투마다 숨어 있는 이야기
세누아가 살아남기 위해 벌이는 잔혹하고 본능적인 전투를 경험하세요.

수상 경력에 빛나는 경험
The Game Awards, 2025 BAFTA Games Awards 및 여러 시상식에서 비평가들의 높은 평가를 받으며 수상을 거머쥔 게임입니다.",Senua's Saga: Hellblade II,Microsoft Corporation,https://image.api.playstation.com/vulcan/ap/rnd/202505/2009/ff0306069a922b65c257e00c0392816b94002dae861dd0cf.png?w=1920,액션,playstation
Daemon X Machina: Titanic Scion,https://store.playstation.com/ko-kr/concept/10011097,2025-09-05,https://image.api.playstation.com/vulcan/ap/rnd/202504/0921/6bfe40b6e1b4abbf3d45ce11fa581f66930829455106d73b.png?w=1920,"지금 바로 예약 주문하면 아래의 디지털 콘텐츠를 받으실 수 있습니다.

・노바 전용 아스널(외장 변경) '바하무트'
・제로 슈트(아우터 슈트)
・특별 장비 지크 그란츠


다양한 장비를 조합하여 만들어낸 아스널을 장착하고, 총성과 포효로 가득한 전장 속에 몸을 던지는 메카닉 액션 게임입니다.
자신만의 스타일로 자유롭게 커스터마이징한 기체를 타고, 지상과 공중을 넘나들며 펼쳐지는 필드를 누비도록 완전한 해방감. 거기에 더해, 다양한 병기를 구사하여 적을 격파하는 상쾌감까지 즐길 수 있습니다.
다른 플레이어와 함께 스토리나 보스 배틀 등 다채로운 협력 플레이를 즐길 수 있는 온라인 모드도 지원합니다.
전작을 플레이했던 유저도, 이번 작품부터 시작하는 유저도 자신의 스타일로 즐길 수 있습니다.

◆이모탈이 지배하는 필드를 자유롭게 누벼라
끊임없이 펼쳐진 필드에는 다양한 오더와 몰려오는 이모탈의 위협이 당신을 기다리고 있다.오더의 달성, 필드의 탐색, 장비 수집 등 무엇을 할 것인지는 당신의 손에 달렸다.
아스널을 장착하고 자유롭게 필드를 누비자.


◆다양한 병기과 입체적인 액션이 만들어내는 상쾌감 넘치는 배틀
블레이드와 같은 근접 장비로 기동성을 살려 공격하거나, 미사일이나 레일건 등의 중화기로 정면 돌파, 때로는 쓰러뜨린 적의 장비를 실시간으로 장착하여 싸우는 등 전투 방식이 다양하다.
다양한 병기를 구사하여 종횡무진으로 적들을 구축하러 가는 아머 슈트만의 상쾌감도 즐길 수 있다.


◆300종류 이상의 장비로 구현하는 나만의 아스널
외부 장갑 [아스널]은 아머의 조합에 따라 기동력이나 방어력 등 기체 성능이 달라진다.
5개의 아머 부위와 최대 6개의 무장, 그리고 특수 효과를 부여하는 어태치먼트를 조합하여 자신만의 배틀 스타일에 맞는 기체를 만들 수 있다.

※본 상품이 포함된 다른 에디션도 있습니다. 상품을 중복으로 구입하지 않도록 주의하세요.
※자세한 내용은 공식 사이트를 확인해 주세요.

【예약 구입 특전】
노바 전용 아스널(외장 변경) '바하무트'
제로 슈트(아우터 슈트)
특별 장비 지크 그란츠

※2025년 9월 4일까지 예약 구입 시 받을 수 있습니다.
※디자인, 구성, 사양은 예고 없이 변경될 수 있습니다. 양해 부탁드립니다.
※ 추후 유료로 배포될 수 있습니다.
※이 특전은 게임을 진행하면 사용할 수 있게 됩니다.

【구입 특전】
・특별 장비 배리어블 브레스
・특전 어태치먼트 세트 1
・특전 아이템 세트

※디자인, 구성, 사양은 예고 없이 변경될 수 있습니다. 양해 부탁드립니다.
※추후 유료 혹은 무료로 배포될 수 있습니다.
※이 특전은 게임을 진행하면 사용할 수 있게 됩니다.","Daemon X Machina: Titanic Scion,DAEMON X MACHINA TITANIC SCION",MARVELOUS,https://image.api.playstation.com/vulcan/ap/rnd/202504/0921/6bfe40b6e1b4abbf3d45ce11fa581f66930829455106d73b.png?w=1920,액션,playstation
Dying Light: The Beast,https://store.playstation.com/ko-kr/concept/10011468,2025-09-19,https://image.api.playstation.com/vulcan/ap/rnd/202412/1302/1ebd2068e5f31308682c1fc6c953d49e5f05871b5980ccf1.png?w=1920,"지금 스탠다드 에디션을 사전 예약하고 특전 아이템을 받아보세요:
– 궁극의 생존자 복장
– 하란 전투 나이프(+ 업그레이드 가능한 설계도)
– 추종자 석궁(+ 업그레이드 가능한 설계도)
– 제이드를 추모하는 권총(+ 업그레이드 가능한 설계도)
– 캐스터 우즈 순찰대


중요: Dying Light 2 Stay Human의 얼티밋 에디션을 구매한 분에게는 추가 금액 없이 Dying Light: The Beast를 제공합니다.

당신은 카일 크레인입니다. 바론에게 붙잡힌 뒤 수년간 고통스러운 실험을 견뎠던 당신은 탈출했습니다. 하지만 상처는 남아 있습니다. 인간과 좀비의 DNA를 모두 보유한 당신은 인류의 경계에 남아 내면의 야수를 다스리고 이에 수반되는 갈등을 해결하기 위해 고군분투합니다. 하지만 당신에게 이런 짓을 한 자에게 복수하기 위해 이겨 내야 합니다. 오픈 월드와 액션 생존 호러를 독특하게 조합한 Dying Light: The Beast는 아름다우면서도 위험한 캐스터 우즈의 계곡이 배경으로, 이제는 관광객보다 좀비들이 들끓는 곳입니다. 당신을 붙잡아 두고 있던 자를 쓰러뜨리려면 아슬아슬한 동맹을 유지하고 주어진 전투와 이동 방법을 총동원해야 할 것입니다. 하지만 조심하세요. 이곳에선 매 순간이 생존을 위한 싸움입니다. 특히 해가 지고 밤이 되면 진정한 공포가 고개를 들며 긴장감이 높아집니다!

야수의 본능, 인간의 의지
생존자와 야수의 DNA를 동시에 지닌 특별한 영웅, 카일 크레인이 되어 보세요! 두 가지 플레이 스타일을 오가며 인간과 야수 사이에서의 치열한 내적 갈등을 경험하고, 마침내 막을 수 없는 궁극의 힘을 온전히 받아들이세요.

원초적 잔혹함
다잉 라이트(Dying Light) 속 전투를 통해 원초적 야만성을 극한까지 끌어올리세요. 적을 잔혹하게 해치우며 끊임없이 진화하는 분노로부터 자라나는 야수의 힘을 통제하고, 영웅으로 살아남기 위해 분투하세요.

정복의 낮, 저항의 밤
다잉 라이트(Dying Light) 시리즈의 시그니처 시스템, 낮과 밤이라는 완전히 다른 환경은 하나의 잊을 수 없는 세계를 만들어냅니다. 낮에는 자원을 모으며 끊임없이 흘러가는 시간을 의식하고, 공포의 밤이 다가오면 세 가지 선택지 중 하나를 선택해야 합니다 - 도망치거나, 숨거나...목숨을 걸고 싸우세요.

끝없이 오르고, 끝없이 질주하라
최고 수준 1인칭 파쿠르의 짜릿함을 온몸으로 느끼며 지붕 위를 뛰어넘고, 어떠한 장애물도 거침없이 오르세요. 누구나 할 수 있지만 완벽히 마스터한 생존자들 만이 진정한 자유를 맛볼 수 있습니다. 또, 오프로드 차량을 몰고 좀비 무리를 뚫고 나아가며 오픈월드 속 한순간의 해방감을 만끽하세요.

매혹적인 좀비 아포칼립스
놀랄 만큼 정교한 차세대 비주얼은 좀비 아포칼립스를 생동감 있게 구현하며 당신에게 아포칼립스 속 생존 스토리를 들려줍니다. 스위스 알프스를 연상시키는 캐스터 우즈의 웅장한 계곡에서 다양한 생태계 - 관광 도시, 산업 지역, 국립공원, 농장, 습지 등을 탐험하며 아름다움과 몰락이 공존하는 세계를 경험하세요.

함께 하는 모험
최대 4인과 협동해 다가오는 위험에 맞서고 전투와 발견, 예측할 수 없는 스토리의 전개까지 다 함께 마주하세요. 진행 상황을 공유하며 끝없이 몰려오는 적들과 싸우고, 자원을 수집하고, 죽음의 문턱에서 서로를 구해내며 생존의 희망을 키우세요.",Dying Light: The Beast,"Digital Touch Co., Ltd.",https://image.api.playstation.com/vulcan/ap/rnd/202412/1302/1ebd2068e5f31308682c1fc6c953d49e5f05871b5980ccf1.png?w=1920,액션,playstation
Once Upon A KATAMARI,https://store.playstation.com/ko-kr/concept/10010552,2025-10-23,https://image.api.playstation.com/vulcan/ap/rnd/202507/1705/dad09df6c9fca078c43f552dab5bc8907957708f323397f6.png?w=1920,"【예약 특전】
사촌 커스터마이즈에 사용하는 페이스 파츠 3종의 선행 해방권

※게임 내에서 사촌 커스터마이즈 기능을 사용할 수 있게 된 후, 사촌 커스터마이즈 ＞ 페이스에서 선택할 수 있습니다.
※페이스 파츠는 게임을 진행하면서도 얻을 수 있습니다.
※내용 및 사양은 예고 없이 일부 변경될 수 있습니다.
※특전은 게임 내 아이템입니다.
※특전의 자세한 내용은 공식 홈페이지를 확인하여 주십시오.
※특전은 추후 별도로 판매될 수 있습니다.


※본 상품은 「일반판」입니다. 별도로 「옛날 옛적에 괴혼 아바마마의 플레이 리스트 에디션」을 판매하고 있습니다. 중복 구매에 주의하십시오.

【게임 내용】
시대를 굴려라

시간을 넘어 세상을 돌며 덩어리를 굴리는 여행담.
굴리며 뭉치며 크게 만드는 것은 「괴혼」에선 익숙한 일. 이번엔 새로운 세계에서 마음 가는 대로 굴리자.

■「괴혼」 완전 신작이 여기에 등장!
새로운 무대에서 새로운 「삐까번쩍 송」을 들으면서 덩어리를 굴리고 뭉치고 크게 만듭시다.
그리고 물건을 끌어당기는 「자석」 등, 굴리는 데에 도움을 주는 아이템이 등장. 이전하고는 또 다른 굴리기 체험을 즐길 수 있습니다.

■색다른 옛날 시대! 빙하기! 공룡이 가득한 태곳적 옛날
아바마마가 가지고 놀던 기묘한 두루마리가 지구와 달, 수많은 별을 부수고 말았습니다.
두루마리에 기록된 다양한 지구의 시대로 시간 여행을 하면서 덩어리를 우주로 날려 사라진 별들을 되살려냅시다.

■새로운 기능 「사촌 커스터마이즈」 등장
본작에선 왕자와 함께 총 68명의 사촌이 등장.
사촌의 컬러나 페이스 파츠를 변경해 자신만의 오리지널 사촌을 만들 수도 있습니다.

■4인이서 경쟁하는 「스포츠 괴혼」을 즐겨보자
과거 대 코스모에서 유행했던 경기, 「스포츠 괴혼」. 온라인을 통해 전세계의 사촌들과 실력을 겨뤄봅시다.
※오프라인에서는 CPU하고만 대전할 수 있습니다.
---

※내용 및 사양은 예고 없이 일부 변경될 수 있습니다.
※자세한 내용은 공식 홈페이지를 확인하시기 바랍니다.","Once Upon A KATAMARI,옛날 옛적에 괴혼",Bandai Namco Entertainment,https://image.api.playstation.com/vulcan/ap/rnd/202507/1705/dad09df6c9fca078c43f552dab5bc8907957708f323397f6.png?w=1920,"캐주얼, 액션",playstation
Little Nightmares III,https://store.playstation.com/ko-kr/concept/10003713,2025-10-10,https://image.api.playstation.com/vulcan/ap/rnd/202505/1512/2847939df260cbe4fd68ff4c36af6813da3590e0bef55ce6.png?w=620,"리틀 나이트메어 3를 예약 구매하시고 다면적인 공포가 기다리는 세상으로 뛰어들 준비를 하세요.

예약 구매 특전:
로우와 얼론 두 캐릭터를 위한 의상 세트가 제공됩니다. 목구멍에서 탈출한 소녀의 뒤틀린 반향, 어두운 식스 코스튬 세트를 얻어 보세요.

추가 예약 구매 특전:
프랜차이즈의 첫 작품을, 4K와 60 FPS로 다시 즐겨 보세요! 리틀 나이트메어 3를 예약 구매하시면 리틀 나이트메어 인핸시드 에디션 (디지털 버전)이 무료로 제공됩니다. 3의 발매까지 기다리시지 않아도 됩니다. 오늘 바로, 어둠 속으로 발을 들여놓으세요.


아이들을 위해 만들어지지 않은 무시무시한 세계에서 길을 잃은 두 어린 친구가 있습니다. 이 '존재하지 않는 곳'에서 나갈 길을 찾지 못한다면, 그들에게는 죽음보다도 끔찍한 운명이 기다리고 있을 것입니다.

함께 가자, 어릴 적 공포 속으로

이 외로운 악몽 속에서 서로를 찾아내 절친이 된 로우와 얼론. 여러분은 이 둘이 되어 게임을 진행합니다. 로우는 활, 얼론은 렌치를 각각 가지고 있습니다. 함께 걸어가면서, 복도를 숨어서 지나갈지, 서로의 등 뒤를 지켜주며 거대한 적에 맞서야 할지 선택해야 할 것입니다.

친구와 플레이하든 AI 캐릭터와 함께 플레이하든, 기회를 만들고 모험을 진행하기 위해 각자가 가진 아이템에 의지하게 될 것입니다. 주변에는 상상력 풍부한 아이들이 활용할 수 있는 실마리가 있습니다, 로우의 활은 높은 곳에 있는 대상에까지 닿을 수 있습니다. 로프를 끊고 날아다니는 적을 떨어뜨릴 수도 있지요. 얼론의 렌치는 정신을 잃은 적을 때리거나, 장애물을 부수거나, 커다란 기계장치를 움직이게 할 수 있습니다.

실감나고 충격적인 모험에 올라타세요

이 존재하지 않는 곳에서는, 어디로 가든 끔찍한 괴물들이 살고 있습니다. 이 주민들은 거슬리게 시선을 끄는 작은 침입자들을 잡기 위해 기꺼이 나설 것입니다. 모래가 날리는 망자의 도시에서 괴물 아기와 숨바꼭질을 하면서, 불안한 사탕 공장에서 게걸스러운 사탕 바구미 무리를 피하기 위해 분투하면서, 무거운 발들을 피하기 위해 비에 젖고 더러운 축제의 산책로를 달리면서, 여러분은 자신의 또 다른 일면을 발견할지도 모르죠.

달리든, 숨든, 아니면 도구를 들어 몸을 지키든, 당신은 어떤 행동을 취할지 순식간에 알아채야 할 것입니다.

나선으로 빠져드세요
존재하지 않는 곳의 황량한 아름다움에 너무 푹 빠지지는 마세요. 나선의 샛길들을 따라간 로우와 얼론에게 그랬듯이, 어두운 미스터리들은 당신을 기다릴 것입니다. 새로운 곳에 발을 들일 때마다 더 위험해지고 불안해지며, 끝내는 과거의 충격적인 기억이 번뜩이기 시작할 것입니다. 로우와 얼론은 결국 이 끝없는 악몽에서 빠져나갈 수 있을까요? 오직 당신만이 그 아이들을 도와줄 수 있을 것입니다….","Little Nightmares III,리틀 나이트메어 3",Bandai Namco Entertainment,https://image.api.playstation.com/vulcan/ap/rnd/202505/1512/2847939df260cbe4fd68ff4c36af6813da3590e0bef55ce6.png?w=620,액션,playstation
Lost Soul Aside,https://store.playstation.com/ko-kr/concept/10012778,2025-08-29,https://image.api.playstation.com/vulcan/ap/rnd/202412/0610/4922a59218050f843d9fe3d996e8ee92564cde7d64520a6e.jpg?w=1920,"예약주문하고 다음을 획득하세요:
• 케이저 공개 당시 의상: 오리진
• 게임 내 아이템 하이 포션 10개
• 게임 내 코인 ""신성금'' 500개


에디션 포함 항목:
• Lost Soul Aside™

영웅의 여정
루이자가 사라졌다. 사라졌다고?! 어떻게 이런 일이...
우리에게는 꿈이, 미래가 있었는데. 모든 게 더 나아질 거라 믿었어. 그런데... 이렇게 끝난다고?
아니, 계속 싸워야 해. 남은 우리가 포기할 순 없어.
뜻밖의 동료도 생겼고... 난 점점 강해지고 있어.
그녀를 구할 수 있을까? 그녀의 영혼을 되찾을 수 있을까?

Lost Soul Aside™에서는, 우주 저편에서 온 정체를 알 수 없는 차원의 침략자들로부터 여동생과 인류 전체를 구하기 위한 장대한 여정이 시작됩니다.

숨 막힐 정도로 스타일리시한 액션 어드벤처 RPG에서 화려한 무기 콤보를 달성하며, 강력한 적들과 거대한 보스를 상대하세요.

전부가 걸린 싸움
조작은 간단하지만, 숙련하기는 어렵습니다. 무기를 교체하고 공격 패턴을 혼합하며, 화려한 시각 효과를 적용한 짜릿한 전투를 통해 내가 원하는 방식으로 싸우세요.

캐릭터 진화:
경험치를 획득하면 캐릭터 스킬 트리에서 능력을 해제하고 선택할 수 있습니다.
다양한 조합을 시도하여 나만의 플레이스타일을 찾아 정의하고, 다가오는 시련에 대비하세요.

무기 스킬:
각 무기의 고유한 특성을 적용한 공격 콤보를 펼쳐보세요. 빠르게 무기를 전환하며 공격의 범위와 타격을 조절하고, 효과를 조합해 최대의 피해를 주세요.

무기 커스터마이징:
특수한 무기 조각을 장착하여 무기를 강화하고 커스터마이징하세요. 무기의 외형을 바꾸거나, 전투 또는 치유 능력을 강화하고, 전투 스타일을 업그레이드할 수 있습니다.

아레나의 힘:
용을 닮은 존재인 아레나가 부여하는 강력한 스킬을 활용하세요. 아레나의 다양한 능력을 해제하여 공격력을 강화하고, 치유 효과를 높이며, 보호막을 생성할 수 있습니다.

순간 추격:
무기를 활용한 콤보 도중 정확한 타이밍에 버튼을 눌러 강력하고 극적인 공격을 펼치고, 강렬한 힘으로 적에게 압도적인 피해를 주세요.

융합 강화/융합 해방:
공격 콤보와 능력으로 융합 게이지를 충전하고, 아레나의 발톱을 소환하여 적을 제압하세요. 이 스킬은 업그레이드할 수 있으며, 케이저가 모험을 진행함에 따라 새로운 전투 기술이 해제됩니다.

생존 기술:
회피 속도를 강화하고, 정교한 반격 타이밍 기술을 연마해 전투에서 더 오래 생존하세요.",Lost Soul Aside,Sony Interactive Entertainment,https://image.api.playstation.com/vulcan/ap/rnd/202412/0610/4922a59218050f843d9fe3d996e8ee92564cde7d64520a6e.jpg?w=1920,"롤플레잉 게임, 액션",playstation
Jurassic World Evolution 3,https://store.playstation.com/ko-kr/concept/10012067,2025-10-21,https://image.api.playstation.com/vulcan/ap/rnd/202505/0909/a53c0259b596e2104aa9d4e178434fe4251e212eb2b09d80.jpg?w=1920,"PlayStation Store에서 Jurassic World Evolution 또는 Jurassic World Evolution 2 타이틀을 구매하신 경우, 10% 할인된 Deluxe 에디션 예약주문 가격을 확인하실 수 있습니다

출시 때 불모지 세트를 해제하려면 바로 지금 예약 구매를 진행하세요.           

캐노피, 이동식 집, 화석, 컴퓨터, 화석 탐지기, 소품 ATP 등 오리지널 쥬라기 공원의 상징적인 발굴지에서 영감을 받은 풍경 아이템 포함. 

불모지 풍경 설계도 5개. 

유지보수 팀 전용 불모지 ATV 스킨.


수상 경력에 빛나는 시리즈의 신작 쥬라기 월드 에볼루션 3에서는 여러 건물을 관리하고 나만의 쥬라기 공원을 운영하게 됩니다.

선사시대의 종을 합성하고, 번식시키고, 육성하여 생명이 스스로 살 길을 찾도록 도와주세요. 각 종을 관리하여 번영하도록 하고, 공룡들이 가족을 이루어 유전자를 다음 세대로 전달할 수 있게 도와주세요.

공룡들이 번성할 수 있는 놀라운 안식처를 만들어주고, 방문객들을 놀라게 할 흥미로운 새로운 명소를 건설하며, 재난이 닥쳤을 때에도 상황을 잘 관리하세요.

공룡 세대 육성

경외심을 불러일으키는 선사시대 생물 80종 가운데 75종을 관리 및 번식시켜 여러 세대를 온전히 거치며 가족을 육성할 수 있습니다. 장난기 많은 아성체를 입이 떡 벌어질 만한 성체로 길러내세요.종마다 뚜렷한 암컷, 수컷, 아성체 종류가 있습니다.

특별한 사회적 요구를 관리하고 새로운 행동을 관찰해보세요. 반수생 공룡들이 깊은 물 속으로 탐험을 떠나고, 익룡들이 땅 위를 걷는 모습을 지켜볼 수 있습니다.

진화한 창의성

혁신적인 지형 편집에서 모듈식 풍경 사용자 지정까지, 맨땅에서부터 공원의 모든 요소를 만들고 조정할 수 있습니다.

가파른 절벽과 풍경을 활용해 자연스러운 우리가 있는 현장을 만들고, 열기구 투어 같은 멋진 신규 관람 명소를 도입하고, 공룡과의 만남을 통해 관람객들이 선사시대 동물을 보고 만질 수 있는 근거리 관람 명소를 추가하는 등 다양한 콘텐츠를 선보이세요!  

Frontier 창작마당을 사용해 크로스 플랫폼으로 창작물을 제작, 업로드 및 공유할 수 있습니다. 커뮤니티 최고의 창작물을 살펴보고 내 게임에 배치하거나, 나만의 공원, 건물, 우리를 만들어 다른 플레이어가 사용할 수 있도록 공유하세요.

전 세계를 넘나드는 장대한 캠페인

이안 말콤 박사(영어 성우: 제프 골드블룸)와 같은 쥬라기 공원 프랜차이즈의 익숙한 인물들과 함께 전 세계를 배경으로 펼쳐지는 비선형적 캠페인에 뛰어드세요. 몬태나 불모지와 같은 상징적인 장소는 물론, 일본과 같은 새로운 장소에서도 스릴 넘치는 새로운 도전이 기다립니다. 경쟁적인 인간의 이익과 오늘날의 세계에 공룡을 통합한다는 섬세한 작업 간 균형을 맞추며 결정을 내리다 보면 매 순간 공원 관리 실력이 시험대에 오르기 마련입니다.

조심하세요. 모두가 공룡이 번영하는 걸 바라는 것은 아닙니다.

혼돈 관리

우수하고 간편한 공원 관리 도구를 활용해 현장을 최대한 효율적으로 운영하고.

탈출한 공룡에 신속히 대응할 수 있도록 새로운 보안 카메라를 설치하고, 유지보수 ATV 팀을 배치해 현장에서 중요한 수리를 수행하며 위협을 통제하세요.","Jurassic World Evolution 3,쥬라기 월드 에볼루션 3",FRONTIER DEVELOPMENTS PLC,https://image.api.playstation.com/vulcan/ap/rnd/202505/0909/a53c0259b596e2104aa9d4e178434fe4251e212eb2b09d80.jpg?w=1920,"전략, 시뮬레이션",playstation
Sonic Racing: CrossWorlds,https://store.playstation.com/ko-kr/concept/10005570,2025-09-25,https://image.api.playstation.com/vulcan/ap/rnd/202502/2420/bccdbba86a2531b06bae4608e0a5fb1812e210e5818beb29.jpg?w=1920,"예약 특전으로 레이서 '웨어혹', 머신 'Beast Spike', 스티커 '웨어혹 스티커'가 세트로 구성된 '웨어혹 팩' 증정.


PS4® 다운로드판과 PS5® 다운로드판을 모두 다운로드할 수 있는 타이틀입니다.

무한한 세계가 교차하는 차원을 뛰어넘는 레이스 배틀이 시작된다!
소닉이 활약하는 세계와 수많은 작품이 트래블 링으로 연결되어
탄생한 멀티버스.
그곳에는 새로운 모험과 예측불가능한 레이스, 그리고 뜨거운 경쟁이 기다린다.

▼전 세계 플레이어와의 대전 및 협력!
오프라인은 물론, 온라인으로 전 세계 플레이어와 플랫폼의 벽을 넘어 배틀을 펼치자! '월드 매치'에서는 최대 12명과 대전 가능! 팀을 짜서 특수한 룰로 즐기는 '친구 매치', 전 세계의 플레이어와 클리어 타임을 겨루는 '타임 트라이얼' 등도 탑재. 다양한 모드에서 승리를 거머쥐어라!

▼나만의 머신을 제작하자!
레이스의 운명을 크게 좌우하는 신규 시스템 '가젯' 등장! 가젯을 장착하면 레이스 중에 특수한 능력을 발휘할 수 있으며 플레이 스타일, 공략 루트, 전략이 크게 변화한다. 70종 이상의 가젯을 조합하여 독자적인 전략을 세워 보자. 여기에 머신 또한 앞뒤 파츠부터 컬러와 스티커, 텍스처까지 자유롭게 커스텀 가능!

▼한 바퀴 돌 때마다 변화하는 예측 불능의 레이스 체험!
2nd Lap에서는 트래블 링을 통해 이세계로 뛰어들자! 24개의 메인 코스와 15개의 크로스월드가 기다리고 있다.

▼시리즈 사상 최다 캐릭터 등장!
소닉 시리즈에서 23명의 캐릭터가 레이서로 참전! 좋아하는 캐릭터로 레이스를 즐기자.

▼전략의 핵심이 되는 '아이템'도 다수 등장!
거대화하는 머신, 라이벌을 깔아 뭉개며 달리는 '몬스터 트럭' 등 다양한 아이템이 등장!

※본 상품이 포함된 세트 상품도 존재합니다. 중복 구입에 주의해 주십시오.
※이미 본 타이틀의 PS5® 다운로드판을 가지고 계신 경우에는 추가 요금 없이 PS4® 다운로드판을 다운로드하실 수 있습니다. 본 제품을 따로 구매하실 필요는 없습니다. 이미 본 타이틀의 PS4®판을 가지고 계신 경우에는 추가 요금 없이 PS5® 다운로드판을 다운로드하실 수 있습니다.","Sonic Racing: CrossWorlds,소닉 레이싱 크로스월드",SEGA CORPORATION,https://image.api.playstation.com/vulcan/ap/rnd/202502/2420/bccdbba86a2531b06bae4608e0a5fb1812e210e5818beb29.jpg?w=1920,드라이빙/레이싱,playstation
NHL 26 Deluxe Edition PS5,https://store.playstation.com/ko-kr/concept/10012851,2025-09-06,https://image.api.playstation.com/vulcan/ap/rnd/202508/0721/93b1c798192d8107f70c8e0855c0158c578a8cab4725cd6d.png?w=1920,"이미 PlayStation Store에서 NHL 24 또는 25를 구매한 경우, 얼티밋 에디션 예약 주문 가격이 10% 할인됩니다.

9월 12일까지 EA SPORTS™ NHL 26 Deluxe Edition을 예약 구매*하고 다음 혜택 받기:
첫 HUT 캠페인 및 WOC 시즌의 유리한 시작을 포함한 7일 얼리 액세스
HUT Starter Choice 팩 (OVR 83)
디지털 예약 구매로 NHL 25에서 즉시 보상 (OVR 99 Matthew Tkachuk)

또한 출시 후 다음 혜택 받기:
4,600 NHL 포인트
HUT NHL 선수 팩
HUT Icon Choice 팩 (6개 중 1개, OVR 85-86)
HUT Heroes Choice 팩 (6개 중 1개, OVR 83-84)
WOC 치장 세트
WOC 배틀 패스 XP 부스트 (x2)


EA SPORTS NHL 26에서 슈퍼스타처럼 플레이하세요. NHL EDGE 데이터로 구동되는 ICE-Q 2.0을 통해 여러분이 좋아하는 슈퍼스타들이 실제 얼음 위에서처럼 스스로 생각하고, 움직이고, 플레이합니다. 데이터에 기반한 속성과 플레이 성향으로 스타 선수들이 현실과 같은 방식으로 움직이며, 그들의 플레이스타일과 의사 결정이 경기에 더 큰 영향을 미칩니다. 세밀하게 조정되고 강화된 28개의 X-Factors는 5개의 카테고리로 나뉘며, 각각 고유한 애니메이션, 전술 게임플레이 결과, 영향력 티어를 통해 얼음 위의 무기로 변환됩니다. 이제 슈퍼스타가 진정한 슈퍼스타가 됩니다.

새로운 골리 크리스 컨트롤 시스템은 퍽의 즉각적인 방향 전환, 포크 체크, 강화된 AI 포지셔닝, 블루 페인트 내 골리의 조작성 향상, 새로운 근거리와 반사적 세이브를 통한 포스트 사이에서의 골에 대한 경계 향상을 제공합니다. 새롭게 디자인된 Be A Pro 모드에서는 루키에서 슈퍼스타까지 사실적인 하키 여정을 경험할 수 있으며, 새로운 스토리라인, 캐릭터, 챌린지, 컷신을 통한 모든 선택이 커리어에 영향을 미칩니다.

이제 ""Check My Game으로 세계에 여러분의 경기를 보여 주세요.

이 게임은 게임 내에서 사용되는 가상 화폐를 게임 내 구매 및 이용할 수 있으며, 이를 통해 확률형 아이템을 포함한 게임 내 가상 아이템을 구매할 수 있습니다.","NHL 26 Deluxe Edition PS5,PS5용 NHL 26 Deluxe Edition",Electronic Arts Inc.,https://image.api.playstation.com/vulcan/ap/rnd/202508/0721/93b1c798192d8107f70c8e0855c0158c578a8cab4725cd6d.png?w=1920,스포츠,playstation
Gears of War: Reloaded,https://store.playstation.com/ko-kr/concept/10008829,2025-08-27,https://image.api.playstation.com/vulcan/ap/rnd/202504/2818/0171e27b9115928a9f9276f00f7c65a0ba5a23e70b6f34d2.png?w=1920,"지금 예약주문을 접수하고 멀티 플레이에서 사용할 수 있는 아담 피닉스 및 앤야 스트라우드 캐릭터 스킨을 받으세요.*

*예약 구매 특가: 2025년 8월 26일 오후 10시 이전에 예약 구매가 이루어져야 합니다. 독점 멀티 플레이 베타 이용권은 디지털 에디션 예약 구매 시에만 제공됩니다.


PLAYSTATION에 최적화

PS5®: 헵틱 진동, 컨트롤러 스피커 지원, 적응형 트리거를 지원하는 DualSense® 무선 컨트롤러 통합과 같은 PlayStation® 5 플랫폼에서만 이용 가능한 기능을 경험해 보세요.

PS5® 프로 향상: PlayStation Super Spectral Resolution 지원은 물론 향상된 그림자와 반사 품질을 즐겨 보세요.

놀라운 게임 플레이: 상징적인 원작이 그 어느 때보다 멋진 비주얼과 재미를 갖추고 로드 시간 제로, 4K 애셋, 리마스터링된 텍스처와 조명, 그림자 및 반사, HDR, Dolby Atmos, 변경 가능한 주사율에 최대 120FPS의 멀티 플레이 성능을 더해 돌아왔습니다.*

최고의 릴리스

리마스터링된 원작: 언리얼 엔진으로 구동되는 Gears of War: Reloaded는 블록버스터 대작이었던 Gears of War 원작의 리마스터링 버전으로, 최신 세대의 게이밍 플랫폼에 맞춰 완전 최적화되었습니다.

전부 포함된 구성: Gears of War: Reloaded는 보너스 캠페인 액트, 멀티 플레이 맵, 캐릭터와 꾸미기 등 모든 원작 타이틀 출시 후 콘텐츠를 추가 비용 없이 전부 제공합니다.

섬세한 컨트롤: 입문자인 경우 현대적이고 원활한 컨트롤 레이아웃을, 숙련자인 경우 좋아하는 클래식한 느낌을 살린 레이아웃을 선택하실 수 있습니다.

멀티 플레이 최적화

캠페인 협동: 캠페인 화면 분할이나 온라인 협동을 통해 함께 로커스트의 위협을 분쇄하세요. 타의 추종을 불허하는 선명함과 시각적 충실도를 자랑하는 최대 120fps 성능으로 멀티 플레이 대결 모드에서 분대와 함께 싸우세요.*

크로스 플레이: Gears of War: Reloaded는 모든 플랫폼에서 크로스 플레이를 지원하여 어떤 플랫폼에서 플레이하든 친구들과 분대를 편성할 수 있습니다.*

교차 진행: 플랫폼을 변경하더라도 캠페인이 저장되며 멀티 플레이 진행도도 저장됩니다. 교차 진행을 위해서는 Microsoft 계정 로그인이 필요합니다.*",Gears of War: Reloaded,Microsoft Corporation,https://image.api.playstation.com/vulcan/ap/rnd/202504/2818/0171e27b9115928a9f9276f00f7c65a0ba5a23e70b6f34d2.png?w=1920,슈팅,playstation
EVERYBODY'S GOLF HOT SHOTS,https://store.playstation.com/ko-kr/concept/10012639,2025-09-04,https://image.api.playstation.com/vulcan/ap/rnd/202505/0908/a3c4df2d88f8a7a568b17e5033430e061f93f0a552244044.jpg?w=1920,"[예약 특전]
・플레이어블 캐릭터 「팩맨」 조기 해방권

※내용 및 사양은 예고 없이 변경될 수 있습니다.
※특전은 게임 내의 「골프의 첫걸음」을 클리어하면 얻을 수 있습니다.
※다운로드 버전 예약 구매 특전은 예약 구매를 하신 분에게만 지급됩니다.


그 시절 국민 골프 게임이 다시 등장!

1997년부터 발매되어 누구나 간단하고 상쾌한 골프를 즐길 수 있는 게임으로 사랑받았던 「모두의 골프」.

『모두의 골프 월드』는 과거의 시리즈와 마찬가지로 골프의 즐거움, 상쾌감, 깊이 있는 재미 등을 체험할 수 있으며
미려한 그래픽으로 만들어진 개성 넘치는 캐릭터와 세계 각지를 무대로 한 코스,
그리고 모두와 함께 신나게 즐길 수 있는 새로운 모드 등을 더한 시리즈 최신작!

■누구나 상쾌하게 나이스 샷!
조준하고 타이밍을 맞춰 버튼을 눌러 기분 좋은 샷!
시리즈의 특징인 3번 누르는 샷 시스템은 간단하고 직관적.
기본적인 샷 조작에 더해 잔디를 확인하고 바람을 읽거나, 공에 스핀을 거는 등…..
간단하고도 깊이가 있는 골프 체험을 누구나 손쉽게 즐길 수 있습니다.

■혼자서 진득하게!
1인용 모드인 「혼자서 골프」에선 일반적인 스트로크 플레이 모드에 더해 100개를 넘는 대회에 출장해서 우승을 노리는 챌린지 모드를 탑재.
날씨, 시간대의 지정이나 컵이 대형화된 「대형 컵」 등, 정해진 규칙 안에서 라운드를 돌아서
라이벌들을 무찌르고 랭크를 올리면서 실력을 갈고 닦자!

■다 함께 왁자지껄!
오프라인 멀티 플레이 모드에선 컨트롤러 하나로 최대 4인까지 함께 놀 수 있다.
인터넷을 통해 다른 플레이어와 대전하는 온라인 멀티 플레이 기능도 탑재.
추가로 이번에 새롭게 추가된 모드 「버라이어티」는, 토네이도가 발생하거나 코스에 이상한 물체가 떨어지는 등 일반적인 골프하고는 다른 전개가 기다리고 있다!
해프닝이 잔뜩 벌어지는 신규 모드에서 가족와 친구, 세계의 플레이어와 승부를 겨루자!","EVERYBODY'S GOLF HOT SHOTS,모두의 골프 월드",Bandai Namco Entertainment,https://image.api.playstation.com/vulcan/ap/rnd/202505/0908/a3c4df2d88f8a7a568b17e5033430e061f93f0a552244044.jpg?w=1920,스포츠,playstation
Anno 117: Pax Romana,https://store.playstation.com/ko-kr/concept/10011009,2025-11-13,https://image.api.playstation.com/vulcan/ap/rnd/202505/1923/27d64744197bba98e3bc08fa392a657f272a83056309e6cc.jpg?w=1920,"지금 예약 구매하고 3종의 전용 장식인 마을 포고꾼 동상, 상징적인 제국의 늑대상, 인상적인 전투의 표준, 그리고 늑대 플레이어 휘장을 획득하세요.


도시 건설 장르를 대표하는 프랜차이즈가 가장 야심찬 콘텐츠와 함께 아노 117: 팍스 로마나로 돌아옵니다. 총독으로서 도시를 건설하고 통치하는 방식에 따라 여러분의 서사와 시민들의 운명, 그리고 지역의 미래가 결정됩니다. 다른 총독들과 힘을 합치거나, 경쟁자들에게 도전하여 자신의 군사적 역량을 증명하는 건 전적으로 여러분의 선택에 달렸습니다. 평화의 대가를 선택하는 건 여러분의 손에 달렸습니다.

최고의 도시 건설 게임을 즐겨보세요
뛰어난 디테일과 유연성, 압도적인 규모로 자신만의 도시를 건설하세요. 아이들이 거리에서 강아지를 쫓아다니는 장면이나 경기장에서 수천 명의 관중이 환호하는 장면을 감상하세요. 아름다운 라티움의 중심지부터 문명화된 로마인들이 발도 붙이기 싫어하는 켈트족의 습지대인 알비온에 이르는 모든 곳에 도시를 건설하세요.

로마의 총독이 되세요
로마 제국의 힘이 절정에 달하던 시절을 배경으로 여러분이 꿈꾸던 도시를 설계하세요. 시민의 요구와 황제의 끝없는 욕심 사이의 적절한 균형점을 찾으세요. 제국 너머의 세력들과 동맹을 맺거나, 전략적인 지상전 및 해상전으로 여러분의 힘을 과시하세요. 심지어는 황제의 명령을 거스를 수도 있습니다. 물론 그에 따르는 대가가 있을 뿐이죠.

도시의 운명을 결정하세요
총독으로서 내리는 모든 결정은 결과에 영향을 미칩니다. 현지 켈트족 문화를 존중하는 것과 로마식 전통을 강요하는 것 중 무엇을 선택하실 건가요? 외교와 무역으로 도시를 성장시키거나 군사력을 동원해 상대를 정복하세요. 여러분이 내리는 결정은 시민과 도시의 미래에만 영향을 주는 것이 아니라, 여러분의 운명에도 영향을 줍니다.

온라인 멀티플레이 및 기능을 이용하려면 인터넷 연결, 유비소프트 계정, PlayStation™Network 계정, PlayStation®Plus 구독(별도 판매)이 필요합니다.","Anno 117: Pax Romana,아노 117: 팍스 로마나",UBISOFT,https://image.api.playstation.com/vulcan/ap/rnd/202505/1923/27d64744197bba98e3bc08fa392a657f272a83056309e6cc.jpg?w=1920,전략,playstation
DRAGON QUEST I & II HD-2D Remake,https://store.playstation.com/ko-kr/concept/10010701,2025-10-30,https://image.api.playstation.com/vulcan/ap/rnd/202505/0901/2d184fa561852960be467e73f00d93f524bc924156735058.png?w=1920,"다운로드 버전 예약 구매 특전으로 게임 내 아이템인 「행복한 여행 세트」를 무료로 증정합니다.
캐릭터를 강화하는 데 도움이 되는 장비와 소비 아이템으로 구성되었습니다.

■「행복한 여행 세트」 내용
・행복의 신발 × 1
・힘의 씨앗 × 3
・방어의 씨앗 × 3
・민첩의 씨앗 × 3
・생명의 나무 열매 × 3
・신비한 나무 열매 × 3

※이 특전에 포함되는 아이템은 게임 진행 중에도 얻을 수 있습니다.
※이 특전은 『드래곤 퀘스트 I』 및 『드래곤 퀘스트 II』 양쪽 모두에서 받으실 수 있습니다.
※『드래곤 퀘스트 I』에서는 게임 속 라다톰 여관에 있는 보물 상자를 열면 위 특전을 획득할 수 있습니다.
※『드래곤 퀘스트 II』에서는 게임 속 로레시아 여관에 있는 보물 상자를 열면 위 특전을 획득할 수 있습니다.


『드래곤 퀘스트 III HD-2D Remake』 이후의 세계를 그리는 『드래곤 퀘스트 I』과 『드래곤 퀘스트 II』가 1개의 타이틀로 등장.
도트 아트와 3D CG가 융합된 ""HD-2D"" 세계에서 다시금 모험의 막이 오른다!

■『드래곤 퀘스트 I』 스토리
전설의 용사가 대마왕을 쓰러뜨려 평화를 되찾은 아레프갈드는
어둠의 패자인 용왕에 의해 다시 마물들로 뒤덮이게 된다.
고통받는 사람들을 구하기 위해, 용사 로토의 피를 이은 당신이 용왕 토벌에 나서게 되는데…!

■『드래곤 퀘스트 II』 스토리
과거에 아레프갈드를 구원한 용사 로토의 자손들에 의해
세 개의 나라가 새롭게 세워진 세계.
그러나 이들의 평온은 무시무시한 마물 군대에 의해 갑자기 깨지게 된다.
퍼져 가는 어둠의 힘에 맞서기 위해
로토의 피를 이은 젊은 왕자와 공주가 진정한 평화를 되찾기 위해 길을 떠난다.
----------
『드래곤 퀘스트 III HD-2D Remake』의 저장 데이터가 있는 경우, 특전으로 『드래곤 퀘스트 I & II HD-2D Remake』에서 사용할 수 있는 게임 내 아이템을 받으실 수 있습니다.

■「전설의 이미지 변신 세트」 내용
『드래곤 퀘스트 I』: 개 인형 탈 × 1
『드래곤 퀘스트 II』: 고양이 인형 탈 × 1

※이 특전 아이템은 게임 진행 중에도 얻을 수 있습니다.
※『드래곤 퀘스트 I』의 특전 아이템은 게임 속 라다톰 여관에 있는 보물 상자를 열면 획득할 수 있습니다.
※『드래곤 퀘스트 II』의 특전 아이템은 게임 속 로레시아 여관에 있는 보물 상자를 열면 획득할 수 있습니다.
※『드래곤 퀘스트 I & II HD-2D Remake』를 플레이하는 게임기 또는 PC 본체에, 동일한 계정으로 작성한 『드래곤 퀘스트 III HD-2D Remake』의 저장 데이터가 존재해야 합니다.
※『드래곤 퀘스트 I & II HD-2D Remake』를 먼저 플레이한 다음 『드래곤 퀘스트 III HD-2D Remake』를 플레이하는 경우에도 이 특전이 적용됩니다.
※이 특전은 2024년도에 발매된 『드래곤 퀘스트 III HD-2D Remake』의 저장 데이터로만 받으실 수 있습니다. 2019년 이전에 발매된 『DRAGON QUEST III 전설의 시작』 혹은 『드래곤 퀘스트 III 그리고 전설로…』의 저장 데이터로는 특전을 받으실 수 없습니다.
※특전의 내용 및 사양은 예고 없이 변경될 수 있습니다.","DRAGON QUEST I & II HD-2D Remake,드래곤 퀘스트 I & II HD-2D Remake","SQUARE ENIX CO., LTD.",https://image.api.playstation.com/vulcan/ap/rnd/202505/0901/2d184fa561852960be467e73f00d93f524bc924156735058.png?w=1920,롤플레잉 게임,playstation
Virtua Fighter 5 R.E.V.O. World Stage,https://store.playstation.com/ko-kr/concept/10015221,2025-10-30,https://image.api.playstation.com/vulcan/ap/rnd/202507/1715/b9a391a0fcd35be768c9eb6edb5dd0d2bb2ece90e21c5e5d.jpg?w=1920,"「Virtua Fighter 5 R.E.V.O. World Stage」를 예약하시면 전설적인 세가 하드웨어의 3D 모델 커스텀 아이템을 게임 내에서 사용할 수 있는 '세가 하드웨어 커스터마이즈 아이템'이 예약 특전으로 제공됩니다.

수록 내용
・커스터마이즈 아이템 '제네시스'

*아이템은 다운로드 후에 사용할 수 있습니다.
*모든 아이템은 커스터마이즈 메뉴에서 전 캐릭터 19명의 등에 장비할 수 있습니다.


※PS4® 'Virtua Fighter 5 Ultimate Showdown'을 보유하고 있다면 PS5® 'Virtua Fighter 5 R.E.V.O. World Stage'를 특별 가격에 구매하실 수 있습니다.

리얼리티의 추구를 이어가는 3D 격투 게임의 시조 '버추어 파이터'가 드디어 PlayStation®5로 등장.

본작은 플랫폼의 벽을 뛰어넘은 크로스 플레이를 지원!
또한, 전 세계의 팬들과 보다 원활하게, 보다 심도 깊게 배틀을 즐길 수 있는 대망의 롤백 넷코드에도 대응.
전 세계 유저들과 불꽃 튀는 배틀을 즐겨 보자.

그리고, 각국의 강자들과 각축전을 벌일 수 있는 솔로 플레이용 신규 모드 'World Stage' 등장!
'World Stage' 모드에서는 전 세계의 수많은 강적들이 집결! 또한, 실존 유명 플레이어도 CPU로 등장한다.
개성 넘치는 라이벌들과 대전하여 실력을 갈고닦아 최강자가 되어 보자!

그 외에도 리플레이 기능이 추가되고 트레이닝 기능이 개선되었다.
버추어 파이터를 처음 플레이하거나 오랜만에 플레이하는 사람도
마음 놓고 즐길 수 있는 서포트 기능이 충실히 탑재된 '버추어 파이터'의 결정판.

※본 상품은 게임 본편 단품입니다. 게임 본편과 추가 콘텐츠가 포함된 세트 상품도 있습니다. 구매하실 때는 중복 구매에 주의해 주십시오.",Virtua Fighter 5 R.E.V.O. World Stage,SEGA CORPORATION,https://image.api.playstation.com/vulcan/ap/rnd/202507/1715/b9a391a0fcd35be768c9eb6edb5dd0d2bb2ece90e21c5e5d.jpg?w=1920,격투,playstation
Towa and the Guardians of the Sacred Tree,https://store.playstation.com/ko-kr/concept/10012506,2025-09-18,https://image.api.playstation.com/vulcan/ap/rnd/202505/2107/d8abb26bf2eb3f88f0ce9034d5320ec06b1b57e5487070c2.png?w=1920,"【예약 특전】
◆신관 의상 세트
토와와 8명의 신관을 위한 추가 의상 세트를 수록.
게임 내의 캐릭터를 아래의 의상으로 갈아입힐 수 있습니다.

＜수록 내용＞
・토와 추가 의상: 「대장장이 의상」
・렛카 추가 의상: 「토와 님 친위대장」
・시긴 추가 의상: 「진카이 의상」
・아카즈 추가 의상: 「연구복」
・오리가미 추가 의상: 「무스히 의상」
・니시키 추가 의상: 「노릇노릇 니시키」
・무츠미 추가 의상: 「벚꽃 장식」
・코로우 추가 의상: 「마을의 영웅」
・밤푸쿠 추가 의상: 「검정 시바견」

※내용 및 사양은 예고 없이 변경될 수 있습니다.
※특전 의상은 게임 내 기능인 「저택」에서 변경할 수 있습니다. 「저택」은 튜토리얼이 끝나면 개방됩니다.
※특전은 추후 별도로 판매될 수 있습니다.
※자세한 내용은 공식 홈페이지를 확인하여 주십시오.


※본 상품은 「일반판」입니다. 그 밖에도 「디지털 디럭스 에디션」을 별도로 판매 중이므로 중복 구매에 주의하십시오.

【게임 내용】

『기도는 영원히 시간은 아득히』

이야기의 무대는 모든 악의 근원인 마가츠의 힘 때문에 “마나”가 고갈되어 버린 신주 마을. 신의 아이 토와와 신관들은 마을의 평화를 되찾기 위해 마가츠를 토벌하고자 던전으로 향한다. 때로는 만남과 함께, 때로는 이별과 함께. 토와와 신관들과 마을 사람들이 자아내는 액션 어드벤처 게임.

◆던전
8명의 신관 중 2명을 선택, 쿼터뷰 방식의 액션으로 방에 있는 적을 소탕하자. 방을 정리하면 무작위로 “은총”이 발생하여 능력이 강화, 마가츠가 있는 최심부로 향하자.

◆신주 마을
던전에서 입수한 소재를 신주 마을에 가지고 오자. 소재는 다양한 기초 능력 향상에 사용할 수 있다. 또한 던전에서 사용할 칼을 만드는 「대장간」에서 더욱 강한 칼을 만들어 도전하자.

◆시대 진행
던전을 클리어하면 신주 마을의 “시간”이 흐르고 이야기가 진행된다.
시간의 흐름에 따라 변화하는 문명과 다양한 인간 묘사가 그려지는 독특한 분위기의 이야기를 즐길 수 있다.

※본 제품은 최대 2명까지 멀티 플레이를 즐길 수 있습니다. 멀티 플레이는 플레이어 한 사람 당 컨트롤러 1개가 필요합니다.","Towa and the Guardians of the Sacred Tree,토와와 신목에 선택받은 아이들",Bandai Namco Entertainment,https://image.api.playstation.com/vulcan/ap/rnd/202505/2107/d8abb26bf2eb3f88f0ce9034d5320ec06b1b57e5487070c2.png?w=1920,"어드벤처, 액션, 롤플레잉 게임",playstation
FINAL FANTASY TACTICS - The Ivalice Chronicles [],https://store.playstation.com/ko-kr/concept/10008527,2025-09-30,https://image.api.playstation.com/vulcan/ap/rnd/202505/0808/eded07ee4188e86b221e3367f245f18d522ef7094a36d4c3.jpg?w=1920,"본 제품을 예약 구매 시, 아래와 같은 게임 내 아이템을 획득할 수 있습니다.
・White equipment for Ramza
・Mythril knife (weapon)
・Spiked boots (accessory) - 장비 시 Jump 상승
・10 high potions (consumable items)
・10 bottles of ether (consumable items)
・PlayStation™Networks용 아바타

※본 제품을 예약 구매한 경우에 획득할 수 있습니다. 발매 이후 구매할 경우에는 포함되지 않습니다.
※게임 내 아이템을 획득하려면 인터넷 접속 환경이 필요합니다.
※게임 내 아이템은 게임 시작 후 메인 메뉴가 해방된 뒤, 시스템 메뉴에서 수령할 수 있습니다.
※「White equipment for Ramza」는 메인 메뉴의 「Units」에 Ramza의 스테이터스가 표시되는 상태에서 변경할 수 있습니다.
※일부 게임 내 아이템은 게임 진행 중에도 얻을 수 있습니다.
※게임 내 아이템은 향후 판매 또는 배포될 수 있습니다.
※아바타는 발매일부터 다운로드할 수 있습니다.


■스토리
태양과 성스러운 빛의 수호를 받는, 두 마리의 사자가 통치하는 국가 Ivalice.
이웃 국가인 Ordallia와의 전쟁 “The Fifty Years' War”에서 패전한 후 1년이 지나고, 선대 왕이 병사하면서 겨우 2살에 불과한 어린 왕자가 즉위한다.
그 후견인 자리와 실권을 둘러싸고 “The Fifty Years' War”에서 무훈을 세웠던 두 명의 장군, Duke Druksmald Goltanna와 Duke Bestrald Larg 사이에서 팽팽한 긴장감이 고조된다.
흑사자를 문장으로 삼는 Duke Druksmald Goltanna와 백사자를 문장으로 삼는 Duke Bestrald Larg.
두 장군의 치열한 격돌은 훗날 “The War of the Lions”이라 불리게 된다.
Ivalice를 대표하는 무가인 Beoulve 가문의 삼남으로 태어난 Ramza, 그리고 평민 출신이면서도 Ramza의 소꿉친구로서 함께 성장한 Delita.
두 사람이 걷는 운명의 길 역시 시대의 거대한 소용돌이에 휘말리게 된다.

■배틀 시스템
위치 선정과 전술 예측이 승리로 이어지는 긴장감 넘치는 전략 시뮬레이션.
높이차가 존재하는 3D 맵의 특징과 각 유닛의 행동 순서를 전략적으로 활용하며, 전투를 승리로 이끌어라.

■빌드와 육성
여러 잡과 어빌리티를 활용한 다채로운 전술을 펼칠 수 있다.
각 캐릭터를 성장시켜, 다양한 잡으로 변경하는 것도 가능하다. 각 잡은 저마다 특징적인 어빌리티를 습득할 수 있으며, 습득한 어빌리티는 다른 잡에서도 설정할 수 있다. 잡과 수백 종류의 어빌리티를 조합해, 자신만의 전술을 탄생시키자.
백마도사, 흑마도사, 용기사 등 「FINAL FANTASY」 시리즈의 대표적인 잡을 포함해, 20종류가 넘는 개성적인 잡이 등장. 이와 더불어 초코보 등과 같은 몬스터도 동료로 만들어 파티에 편성할 수 있다.

■두 가지 버전 - Enhanced Version 및 Classic Version
뛰어난 몰입감과 쾌적한 플레이를 위한 「Enhanced Version」, 과거의 추억을 그대로 불러일으키는 「Classic Version」 중에서 선택할 수 있다.
「Enhanced Version」에서는 더욱 아름다워진 그래픽과 더불어, 풀 보이스 대응을 통해 Ivalice의 세계에 더욱 깊이 몰입할 수 있게 되었다.
또한, 일부 시스템 및 배틀에서 플레이가 더욱 쾌적해졌으며, 처음 플레이하더라도 어렵지 않게 진행할 수 있는 난이도 「Squire」가 추가되었다.
한편, 1997년에 발매된 오리지널 버전을 충실하게 재현한 「Classic Version」도 추가되었다.",FINAL FANTASY TACTICS - The Ivalice Chronicles [],SQUARE ENIX,https://image.api.playstation.com/vulcan/ap/rnd/202505/0808/eded07ee4188e86b221e3367f245f18d522ef7094a36d4c3.jpg?w=1920,전략,playstation
EA SPORTS Madden NFL 26 Deluxe Edition,https://store.playstation.com/ko-kr/concept/10012604,1985-09-13,https://image.api.playstation.com/vulcan/ap/rnd/202506/0520/5d5a67f9c22f872e977d404b49fa029a150d46ad4ad8729e.png?w=1920,"EA SPORTS™ Madden NFL 26은 AI 기반의 새로운 머신 러닝 시스템을 활용하여 약 10년에 걸친 실제 NFL 데이터에서 획득한 수천 개의 플레이를 더욱 폭발적인 게임플레이로 변환합니다. 이를 통해 새로운 선수별 특성, 현실적인 플레이 스타일, NFL 쿼터백과 코치의 경기 내 경향과 전략에 맞춘 적응형 카운터 등을 제공합니다.

Minnesota의 Skol chant부터 Baltimore의 라이트 쇼까지, 게임에 영향을 미치는 날씨, 팀의 전통, Scott Hanson이 참여하는 다이내믹한 하프타임 쇼 등 NFL 전반에 걸친 새로운 프레젠테이션을 경험해 보세요.

실제 NFL 데이터를 기반으로 가장 현실적인 Madden을 구현합니다.

시그니처 쿼터백
스타 NFL 쿼터백들은 슈퍼스타다운 더욱 현실적인 움직임, 외모, 감각을 보여 줍니다.

코치 DNA
실제 NFL 코칭 트렌드를 반영한 적응형 카운터입니다.

로스터 관리
현대화된 뎁스 차트, 새로운 포지션 역할, Wear & Tear 시스템이 로스터 관리와 게임 플랜에 새로운 전략과 실험성을 더해 줍니다.

미식 축구 날씨
극한의 날씨로 인해 미리 준비해 둔 미식 축구 게임 플랜에 지장이 생길 수 있습니다. 폭설이나 짙은 안개로 시야가 제한되거나, 선수의 움직임, 체력, 볼 컨트롤 등에 직접적인 영향을 미치는 비 등 새로운 요소에 적응하세요.

이 게임은 게임 내에서 사용되는 가상 화폐를 게임 내 구매 및 이용할 수 있으며, 이를 통해 확률형 아이템을 포함한 게임 내 가상 아이템을 구매할 수 있습니다.","EA SPORTS Madden NFL 26 Deluxe Edition,EA SPORTS Madden NFL 26",Electronic Arts Inc.,https://image.api.playstation.com/vulcan/ap/rnd/202506/0520/5d5a67f9c22f872e977d404b49fa029a150d46ad4ad8729e.png?w=1920,스포츠,playstation
Plants vs. Zombies: Replanted,https://store.playstation.com/ko-kr/concept/10014976,2025-10-24,https://image.api.playstation.com/vulcan/ap/rnd/202507/1618/c1315ea32663089f14b01d2d6ad08ead42e6e4aeca41946f.png?w=1920,"English/Chinese/Japanese Ver.

Plants vs. Zombies™: Replanted를 예약 구매*하고 레트로 완두콩 슈터 스킨을 받으세요!


클래식 Plants vs. Zombies가 선명한 HD로 돌아옵니다! 수년간 미치광이 데이브의 다락에 잠들어 있던 식물과 좀비의 오리지널 전투가 더 크고, 더 밝고, 더 크레이지한 모습으로 돌아왔습니다! 모든 것이 시작된 게임을 리마스터된 HD 그래픽으로 다시 경험해 보세요. 새로운 비밀 요소도 가득합니다.

잊을 수 없는 전설적인 뒷마당 전투를 다시 경험해 보세요. 이번에는 새로운 레벨, 신선한 반전, 15년간 공개되지 않았던 프랜차이즈의 역사가 다시 펼쳐집니다. 완두콩 슈터, 해바라기, 뇌를 노리는 혼란이 가득한 전성기를 다시 느껴보세요! 최고의 정원 방어전에 다시 참여하고, 모든 전설이 시작된 뒷마당 전투를 다시 경험하세요. 새로운 시대에 맞는 모습으로 돌아왔습니다!

주요 특징:

- 아름다운 HD 그래픽으로 완전히 리마스터된 오리지널 Plants vs. Zombies 게임을 경험해 보세요
- 오리지널 레인 기반 방어 모드에서 좀비 무리를 막아내세요! 이제 보너스 레벨과 새로운 콘텐츠가 추가되었습니다!
- 로컬 협동 모드에서 친구와 함께 뒷마당을 방어하세요. 버터가 100% 증가합니다!
- 로컬 PvP 모드에서 좀비를 조종해 맞대결을 펼치세요
- 켜기/끄기 토글이 편리하게 업데이트된 지혜의 나무로 비주얼 옵션을 해제하세요
- Wall-Nut Bowling 같은 클래식 미니 게임을 다시 체험해 보세요. HD로 더 매끄러워지고 한층 더 혼란스러워진 재미를 즐기세요!
- 햇빛이 제한되어 전략적으로 식물을 심어야 하는 새로운 Cloudy Day 모드에서 여러분의 실력을 시험해 보세요!
- 새로운 하드코어 모드인 Rest In Peace에서 살아남으세요. 한 번의 실수로 모든 것이 사라지는 어드벤처 영구적 죽음 모드입니다
- 지금까지 공개된 적 없는 제작 전 스케치와 게임 역사를 담은 새로운 아트 및 콘셉트 라이브러리를 확인해 보세요",Plants vs. Zombies: Replanted,Electronic Arts Inc.,https://image.api.playstation.com/vulcan/ap/rnd/202507/1618/c1315ea32663089f14b01d2d6ad08ead42e6e4aeca41946f.png?w=1920,전략,playstation
Sengoku Dynasty,https://store.playstation.com/ko-kr/concept/10010183,2025-08-22,https://image.api.playstation.com/vulcan/ap/rnd/202504/1512/6530ee98472378f3e9030c448abe501c652585811b311c11.jpg?w=1920,"기아와 전쟁으로 황폐해진 지역에서 삶을 일구고, 공동체를 구축하고, 나만의 쿠니를 세우세요. 솔로 또는 협동 멀티플레이어로 플레이하며 아름다운 오픈 월드를 탐험할 수 있습니다. 살아남아서 힘을 기르기 위해서는 자원을 모으고, 제작하고, 사냥하고, 건설한 후 마을 생산을 자동화해야 합니다.

전투를 벌이거나 경제를 성장시켜 위대한 지도자가 되세요. 그리고 자연의 아름다움을 체험하며 고대 의식에 참여해 신의 수수께끼를 밝히세요. Sengoku Dynasty에서는 중세 시대 일본에 몰입해 당시의 삶에 대해 알아볼 수 있습니다. 대장, 공예가, 전사 또는 승려의 길을 택해 장대한 여정을 시작하세요.

오픈 월드 마을 건설 게임
방대한 세계를 빠짐없이 활용하세요. 집 한 채로 시작해 작업장, 대장간, 주점을 건설하고 정착지를 확장하다 보면 어느덧 계곡 곳곳에 번창한 공동체들이 형성되어 있을 것입니다.

진정한 다이묘가 되기 위한 여정
전쟁의 상흔으로 황폐해진 나타 계곡을 통일하세요. 권력이 사라진 빈틈을 노리고 로닌과 산적 무리가 몰려들어, 평화로운 주민들의 생존을 위협하고 있습니다. 새로운 영토를 해방하고 기반 시설을 수리해야만 주요 자원이 풍부한 지역을 탐험하고 더욱 높은 목표에 도전할 수 있습니다.

수공업부터 자동화까지
도구, 무기, 식사, 약을 제작하고, 농토를 경작하고, 주민들에게 작업과 도구를 할당하는 법을 알아보세요. 그러면 경제가 폭발적으로 성장할 뿐만 아니라 선택지도 크게 다양해질 것입니다.

정교한 전투 시스템
실력으로 돌파하든, 반복 작업을 통해 힘을 기르든, 선택은 여러분의 몫입니다. 막대기와 창부터 장인의 솜씨로 제작한 카타나(검)와 유미(활)까지 다양한 무기 중에서 마음에 드는 것을 고르세요. 콤보, 대시, 막기, 쳐내기를 익히면 온 세상을 무릎 꿇릴 수도 있습니다.

쿠니 관리
세월의 풍파를 견뎌내고 오랫동안 번영을 구가할 쿠니를 세우세요. 마을의 성장과 개발을 감독하고, 혼인을 통해 유산을 이어갈 후계자를 얻어야 합니다.

솔로 및 협동 플레이
자신만의 길을 개척하거나, 친구들과 힘을 합쳐 더욱 큰 마을을 세우고, 책임과 업무를 분담하고, 더욱 많은 자원을 모으고, 함께 퀘스트를 완료하며 게임을 진행할 수도 있습니다.

높은 커스텀 자유도
원하는 방식으로 전국 시대를 체험하세요. 다양한 게임 모드와 여러 설정을 통해 직접 게임을 최적화할 수 있습니다. 원한다면 한 번의 클릭으로 건물을 완성하거나 전투 시스템을 완전히 비활성화하는 것도 가능합니다!","Sengoku Dynasty,센고쿠 다이너스티","H2 Interactive Co., Ltd.",https://image.api.playstation.com/vulcan/ap/rnd/202504/1512/6530ee98472378f3e9030c448abe501c652585811b311c11.jpg?w=1920,"어드벤처, 시뮬레이션",playstation
LEGO Party!,https://store.playstation.com/ko-kr/concept/10014603,2025-10-01,https://image.api.playstation.com/vulcan/ap/rnd/202505/2217/9fc3bf3631e98ff7b5cc9c443f07d9a6c5ea6014e2dd3dc5.jpg?w=1920,"LEGO® Party!를 지금 예약주문하고 멋진 미니피겨 5종을 받으세요. 파티를 시작해 볼까요!

익살스러운 챌린지 존과 60개의 배꼽 빠지는 미니 게임에서 친구들과 실력을 겨뤄보세요! LEGO 해적, LEGO 스페이스, LEGO


LEGO® Party! 떡잎부터 남다른 4인 파티 게임이 찾아옵니다!

익살스러운 챌린지 존과 60개의 배꼽 빠지는 미니 게임에서 친구들과 실력을 겨뤄보세요! LEGO 해적, LEGO 스페이스, LEGO NINJAGO® 등 많은 사랑을 받은 LEGO 세트가 여러분을 기다리고 있습니다!

플랫폼에 상관없이 온라인에서 친구들과 플레이하세요! ""LEGO Party 데이""를 정해 한자리에 모여도 됩니다! 아, 최고의 파티에는 브릭이 필요하겠죠? 다양한 모드를 플레이하면서 미니피겨를 찾으면 브릭을 모을 수 있답니다!

거리에 상관없이 다양한 플레이어와 경쟁하고 캐릭터를 꾸며보세요! 끝내주는 재미로 무장한 미니 게임에서 황금 브릭을 가장 많이 모아야 합니다! 아, 물론 괴물하고 함정, 날아다니는 칠면조가 차세대 LEGO Party 스타의 길을 가로막을 수 있으니 조심하시고요!

원하는 대로 플레이:
친구들을 집으로 불러 최대 4명이 함께 로컬 멀티플레이를 즐길 수 있습니다! 플랫폼에 상관없이 온라인 멀티플레이도 가능합니다. ""로켓볼""에서 완벽한 점수를 얻기 위해 경기를 할 수도 있고, ""크라켄 등장""에서 성가신 크라켄과 대결할 수도 있습니다. ""댄스 파이터""에서 멋진 춤을 추는 것도 괜찮고요! 혼자 해도 즐겁지만 함께 하면 재미가 4배랍니다!

황금을 노려라:
LEGO Party!에서 여러분의 목표는 단 하나! 황금 브릭을 최대한 많이 모아야 합니다! 파워업으로 남들보다 앞서 나갈 수 있습니다. LEGO 테마로 조성된 맞춤형 챌린지 존에서 함정을 설치해 상대의 플레이를 방해하세요.

놀라운 순간의 연속:
기상천외한 미니 게임을 플레이하면서 여러분의 반사신경과 재치, 그리고 LEGO 지식도 확인해 보세요. 외계인들을 위해 빨리 요리하기! 무너지는 무덤 달리기! 랠리 경주에서 미끄러지듯 드리프트 하기! 재미있는 미니 게임이 약 60가지나 준비되어 있답니다.

나다운 게 뭔데:
시대의 아이콘이 된 LEGO의 다양한 블록으로 10억 가지가 넘는 미니피겨 조합을 맞춰보세요. 유명 캐릭터는 물론이고, 자신만의 독특하고 화려한 미니피겨를 완성할 수도 있습니다. 이어지는 파티에서 자기가 만든 작품을 자랑해 보세요!",LEGO Party!,"Fictions, Inc.",https://image.api.playstation.com/vulcan/ap/rnd/202505/2217/9fc3bf3631e98ff7b5cc9c443f07d9a6c5ea6014e2dd3dc5.jpg?w=1920,파티,playstation
PAC-MAN WORLD 2 Re-PAC,https://store.playstation.com/ko-kr/concept/10009073,2025-09-25,https://image.api.playstation.com/vulcan/ap/rnd/202507/2208/296ab8d94848e53789734b4c0cc305560c01a0503b1abb3d.png?w=1920,"■의상, 피겨 조기 해방
팩맨 월드 2 리팩에서 사용할 수 있는 의상과 피겨를 조기에 해방할 수 있습니다.
・의상: 고스트 의상 4종
・피겨: 고스트 의상의 피겨 4종

※본 상품에는 단품 판매 예정인 콘텐츠도 포함되어 있습니다. 중복 구매에 주의하십시오.
※피겨를 입수하려면 게임 내에서 얻을 수 있는 코인을 사용해야 합니다. 의상과 피겨는 게임을 진행하면서도 해방할 수 있습니다.
※특전은 추후 판매 또는 배포될 가능성이 있습니다.
※개발 중에 촬영된 이미지입니다.
※내용 및 사양은 예고 없이 변경될 수 있습니다.
※자세한 사항은 공식 홈페이지를 확인하시기 바랍니다.


※본 상품 외에도 에디션이 별도로 판매 중입니다. 중복 구매에 주의하십시오.

이미 해당 게임의 PS4™ 버전을 보유하고 계신 경우, 추가 비용이나 해당 제품을 구매할 필요 없이 PS5™ 디지털 버전을 보유하실 수 있습니다.

『팩맨 월드 2』가 새로운 그래픽과 충실한 기능을 더해 부활!

◆골든 프루트를 되찾아라!
팩 빌리지에 잠입한 고스트 일당이 골든 프루트를 훔쳐 갔다. 이대로라면 팩 랜드에서 프루트가 전부 사라진다. 상황을 알게 된 팩맨이 빼앗긴 골든 프루트를 되찾기 위해 여행에 나선다.

◆다채로운 3D 액션
팩맨을 가로막는 것은 다양한 장치가 숨어있는 스테이지. 숲에서는 트램펄린을 이용하고 설산에서는 아이스 스케이트, 바다 스테이지에서는 잠수함을 조작하는 슈팅 등, 다채로운 액션을 구사하며 스테이지를 공략하자. 팩 대시나 플립 킥 등, 팩맨의 특징적인 기본 액션과 새로운 액션인 「슈퍼 힙 어택」이 등장하여 점프 액션이 크게 파워 업했다.

◆충실한 신기능
이번 작품에서는 피겨 콜렉션, 팩맨 의상, 리더보드나 미션 등, 다양한 기능이 추가되고 팩 빌리지의 기능 확장과 조작성 개선, 난이도 변경 추가 등 편의 기능이 탑재되어 더욱 쾌적하게 게임을 즐길 수 있게 되었다.

◆2인 모험
가족이나 친구들과 함께 2인 플레이가 가능. 팩맨과 팩 드론을 조작해 협력하면서 모험을 즐길 수 있다.","PAC-MAN WORLD 2 Re-PAC,팩맨 월드 2 리팩",Bandai Namco Entertainment,https://image.api.playstation.com/vulcan/ap/rnd/202507/2208/296ab8d94848e53789734b4c0cc305560c01a0503b1abb3d.png?w=1920,"아케이드, 어드벤처, 액션",playstation
Hirogami,https://store.playstation.com/ko-kr/concept/10014615,2025-09-04,https://image.api.playstation.com/vulcan/ap/rnd/202505/0907/186123e3cb0462f81463709ac8a6b4e7fdb45c760b08c187.jpg?w=1920,"부채를 휘두르는 '접기'의 대가 '히로'가 되어 아름다운 종이접기 세계를 탐험하세요. 신비로운 여정을 시작하여 수수께끼 같은 디지털 침략자로부터 연약한 터전을 구하세요. 동물 모양으로 변신해가며 풍경을 가로지르고, 퍼즐을 풀고, 적을 물리치고, 왕국을 구하세요.

히로가미는 일본의 고대 종이접기 예술 '오리가미'에서 영감을 받은 3D 액션 플랫포머 게임입니다. 플레이어가 만나는 모든 것은 종이로 된 물리적이고 연약한 자연 세계를 전달하기 위해 제작되었으며, 그 안에는 음모의 실타래가 얽힌 이야기가 펼쳐집니다.

변신하여 강력한 능력을 사용하자

새로운 형태를 발견해가며 세계를 횡단하고 퍼즐을 풀며 적을 물리치세요. 강인한 아르마딜로가 되어 장애물과 적을 뚫고 구르고, 강력한 원숭이가 되어 나무 꼭대기를 가로질러 해충을 물리치고, 강력한 개구리가 되어 도달할 수 없었던 높이까지 뛰어보세요.

연약한 종이접기 세계를 보호하라

강력한 디지털 생명체, 블라이트가 세상을 침범하여 오랜 세월 동안 유지되어 온 섬세한 자연의 균형을 더럽히고 있습니다. 당신은 시시키 마을의 신비한 공연자이자 접기 기술의 대가인 '히로'가 되어 이 세상의 정신이 뒤틀린 주민들을 정화하고 대지의 균형을 되찾아야 합니다.

숨겨진 미스터리를 발견하라

구석구석을 탐험하며 세상의 모든 비밀을 발견하세요. 종이를 펼쳐서 위태위태한 상승기류를 타거나 아슬아슬한 함정 아래로 미끄러져 보세요. 혹은 종이 비행기가 되어 위험한 틈새를 가로질러 보세요.

적을 쓰러뜨려라

이 종이접기 세계는 연약한 곳입니다. 세계를 지키기 위해서는 지혜가 필요합니다. 히로의 종이 부채를 휘둘러 블라이트를 날려버리거나, 종이의 힘을 이용해 적들을 두드리고, 때리고, 쓰러뜨리세요.

일본 전통풍 사운드트랙을 즐겨보자

Hirogami의 다양한 테마, 캐릭터, 배경을 연상시키도록 특별히 제작된 일본 전통 악기와 스타일로 작곡된 차분한 사운드스케이프를 즐겨보세요.",Hirogami,KAKEHASHI GAMES,https://image.api.playstation.com/vulcan/ap/rnd/202505/0907/186123e3cb0462f81463709ac8a6b4e7fdb45c760b08c187.jpg?w=1920,액션,playstation
Delta Force,https://store.playstation.com/ko-kr/concept/10014058,2025-08-19,https://image.api.playstation.com/vulcan/ap/rnd/202504/2411/2f38a0776b54bf37a3c63e53d6c47ffbd029d8af7089c940.png?w=1920,"참고: Delta Force는 2025년 8월 19일에 무료로 출시됩니다. 사전 예약 번들을 구매하지 않아도 무료로 플레이할 수 있습니다.

지금 바로 예약 구매하시면 다음 혜택을 받으실 수 있습니다:

• 델타 포인트 x750
• M249 경기관총 - 불멸자 x1
• 비탸지 기관단총 - 하보크 스페이스 x1
• CAR-15 돌격소총 - 아틀란티스 x1
• 무기 고급 경험치 카드 x2
• 무기 중급 경험치 카드 x5


의 귀환!

돌아온 클래식 시리즈! 무료 플레이를 지원하는 팀 베이스 현대 전술 사격 게임이 3종의 독특한 게임 모드를 선보입니다.

- 전면전: 육해공을 넘나드는 전장에서 32 v 32 PvP 전투로 적과 맞서며, 다양한 탈것과 독특한 전술 장비를 경험하세요.

- 비콘 에어리어: 의 새로운 철수 모드에서는 분대와 함께 적 후방에 잠입하게 됩니다. 귀중품을 수색하며 적 플레이어와 맞서 싸우고, 위험 지역에서 신속히 철수하세요. 또한, PvE 협력 작전에는 목표 기반의 도전적인 임무가 제공됩니다. 분대의 한계를 시험해 보세요.

- : 이 클래식 시리즈의 리메이크 버전에서 플레이어는 전설적인 Delta Force의 오퍼레이터가 되어 2001년 걸작 영화를 기반으로 한 캠페인을 경험하게 됩니다.

우리는 과금 없이도 강해질 수 있다는 원칙을 지켜나가며, 커뮤니티의 피드백을 경청하고 게임 개발에 반영합니다. 공정한 플레이는 가장 중요한 가치이며, G.T.I. Security 부정행위 방지 전담 팀이 규정 위반 플레이어를 식별 및 제재하여 공정한 게임 환경을 조성해 나갈 것입니다.

기억하세요...

“단 한 명의 플레이어, 단 한 명의 분대원도 포기하지 않습니다.”",Delta Force,PROXIMA BETA PTE. LIMITED,https://image.api.playstation.com/vulcan/ap/rnd/202504/2411/2f38a0776b54bf37a3c63e53d6c47ffbd029d8af7089c940.png?w=1920,슈팅,playstation
Adventure of Samsara,https://store.playstation.com/ko-kr/concept/10011094,2025-09-04,https://image.api.playstation.com/vulcan/ap/rnd/202506/0615/6ba9e5355c49714761ae1adf76ee6ed42baca1942ab6fd28.jpg?w=1920,"Adventure of Samsara는 Atari 2600의 기존 작품 Adventure의 정신을 계승함과 동시에 완전히 새롭고 신선한 방향으로 나아가는 신비로운 2D 메트로배니아 액션 어드벤처 게임입니다.

화려한 2D 픽셀 아트로 구현된 Adventure of Samsara는 고전적인 게임플레이와 깊이 있는 세계관으로 죽음과 환생과 기억에 관한 심오하고 반전이 가득한 서사를 소개합니다. 브라질 스튜디오 Ilex Games에서 개발한 작품으로, 플레이어는 오래전에 죽었으나 태양의 태곳적 빛으로 부활한 플루톤인 솔라 챔피언이 되어 플레이하게 됩니다. 신비로운 차원간 성채를 재가동하기 위해 챔피언은 멀티버스의 균형을 바로잡는 데 힘써야만 합니다.

다양하면서도 서로 유기적으로 연결된 바이옴에서 무시무시한 돌연변이 보스와 싸우면서 앞으로 나아가는 과정에서 새로운 능력과 업그레이드를 획득하며 점점 게임의 세계관 전체를 아우르는 수수께끼의 진실을 한 꺼풀씩 밝혀내게 됩니다. 모티브가 된 기존 Adventure의 영적인 분위기를 바탕으로 탐험, 탐구심, 숨겨진 비밀 등의 핵심 요소가 잘 버무려져 있습니다. 한편, 해당 작품의 리메이크작이나 후속작은 아닌 만큼, Adventure of Samsara는 깊이 있는 세계관 속에서 여정을 펼치는 가운데 은근히 내포된 최초의 어드벤처 게임을 향한 오마주 요소를 찾아내는 재미를 선사합니다.

특징

- 메트로배니아 탐험: 얼어붙은 폐기장과 산업 연구소 등을 아우르며 각기 개성 넘치는 적과 위험 요소와 숨겨진 업그레이드가 있는 10가지 다양한 바이옴을 탐험합니다.

- 고전적인 게임플레이 분위기: 고전적인 게임플레이 방식에 뒤틀린 2D 픽셀 아트를 결합한 Adventure of Samsara는 익숙한 듯하면서도 한편으로는 온전히 새로운 분위기를 선사합니다.

- 오리지널 세계관: 심오하고 영적인 서사가 있는 방대한 다차원 판타지 세계에 빠져들어 보세요.

- 이스터에그: 눈에 익은 건물, 적, 기타 관련점 등 기존 Adventure 게임의 오마주 요소를 발견하는 재미가 신규 및 기존 플레이어 모두를 즐겁게 합니다.

- 수집용 아이템: 쉽게 접근할 수 없는 구석구석에 숨겨진 아이템을 발견하면 능력치를 향상하고 업그레이드를 획득하여 능력과 스킬을 강화할 수 있습니다.",Adventure of Samsara,ATARI,https://image.api.playstation.com/vulcan/ap/rnd/202506/0615/6ba9e5355c49714761ae1adf76ee6ed42baca1942ab6fd28.jpg?w=1920,"어드벤처, 액션",playstation
Age of Dead: Zombie Simulator,https://store.playstation.com/ko-kr/concept/10014291,2025-06-27,https://image.api.playstation.com/vulcan/ap/rnd/202502/0918/307383602f490c2e77cb7930b5c725ed65f18cb4e19548ea.png?w=1920,"에 오신 것을 환영합니다""죽음의 시대,""당신이 이제까지 경험하게 될 것입니다 가장 재미 좀비 시뮬레이터! 당신은 하나의 간단한 목표와 카리스마 좀비의 역할에 걸릴 엉뚱한 세계로 다이빙:감염을 확산하고 가능한 가장 재미를하면서 혼란을 만들 수 있습니다. 당신은 언데드에 가입하고 떨어질 때까지 세계 웃음을 만들 준비가 되셨습니까?

""죽은 자들의 시대""는 과장된 유머와 재미있는 대화,그리고 터무니없는 상황들로 가득 차 있습니다.감염에 대한 준비가 된 세상을 돌아다니면서 계속 웃게 만들죠.

재미있는 좀비로 플레이:
한때 유명한 코미디언이었던 독특한 좀비가 되십시오. 가능한 가장 재미있는 방법으로 부주의 감염 농담 크래킹 기술과 창의력을 사용합니다.

독창적 인 감염 방법:
오염 된 간식을 제공하는 고전적인 물기에서,좀비 전염병을 전파하는 당신의 방법은 당신의 상상력에 의해 제한됩니다. 각 감염은 새로운 코미디 스케치입니다! 혼란에서 휴식을 제공하고 감염 여행을 돕기 위해 도구 및 업그레이드를 보상 영리한 퍼즐과 미니 게임에 참여.

변장 및 속이기:
다양한 재미있는 의상과 위장을 사용하여 인간과 조화를 이루고 눈에 띄기 전에 신뢰를 활용하십시오! 파티에 참석하고,사무실로 몰래 들어가고,심지어 의심을 일으키지 않고 학교에 침투하십시오. 대화 형 개체와 예기치 않은 놀라움으로 가득 찬 다채롭고 역동적 인 환경을 탐험하십시오. 각 위치는 코미디 좀비 장난을위한 놀이터입니다.

""죽음의 시대""에서 당신은 평범한 좀비가 아닙니다. 이전 유명한 코미디언,당신은 실수로 기괴한 실험을하는 동안 좀비가되었다. 지금,당신은 당신의 재미 뒷이야기를 풀어 모든 동안,인간을 감염하고 어리석기 짝이 언데드 군대를 수집,당신의 코미디 무대로 세계를 설정하는 임무에있어. 그러나 모든 사람이 좀비 재미 발견,조심–코가 형사에 소셜 미디어 영향력에서,많은 사람들이 당신의 폭동 난동을 중지하려고합니다.

""죽은 자들의 시대""는 유머,전략,좀비 혼란의 완벽한 조화를 가진 싱글 플레이어 모험입니다. 당신이 영리한 퍼즐을 해결하거나 옆구리 트랩을 설정하든,모든 순간은 철저하게 즐겁게 유지하도록 설계되었습니다. 당신은 궁극적 인 코미디 좀비하고 세계가 본 가장 잊을 수없는 발발을 만들 것인가?

""죽은 나이""-감염이 환희를 만나는 곳. 아직 재미있는 좀비 종말을 위해 자신을 준비!",Age of Dead: Zombie Simulator,Jes Games,https://image.api.playstation.com/vulcan/ap/rnd/202502/0918/307383602f490c2e77cb7930b5c725ed65f18cb4e19548ea.png?w=1920,"어드벤처, 시뮬레이터",playstation
Discounty,https://store.playstation.com/ko-kr/concept/10009623,2025-08-21,https://image.api.playstation.com/vulcan/ap/rnd/202507/1613/35f0b41d4480e7fb21bdc943d0ee4ceeda79e2ec271d1af2.jpg?w=1920,"이 아늑한 분위기의 경영 시뮬레이션 RPG에서 자기만의 슈퍼마켓을 경영하고, 블롬케스트의 끈끈한 정으로 맺어진 지역 사회를 만나보고, 친구 또는 적을 만들며 마을의 비밀을 파헤쳐 보세요!

별난 항구 마을 블롬케스트로 어서 오세요. 여러분의 이모가 이곳에 하나밖에 없는 슈퍼마켓의 운영을 여러분에게 맡겼습니다. 가게를 디자인 및 정돈하고, 재고량을 관리하고, 계산대에서 일하고, 거래 계약을 체결하세요. 지역 사회의 인간 관계를 파악하며 매력적인 현지 주민들과 친해지고, 사업을 성장시켜야 합니다. 가능한 모든 수단을 동원해 사업을 확장하되, 이 끈끈한 지역 사회에서 너무 빠른 성장은 반발을 살 수 있다는 점을 잊지 마세요. 끝없는 수익을 추구하실 건가요? 아니면 블롬케스트의 모두를 위할 방법을 찾으실 건가요?

블롬케스트로의 뜨뜻미지근한 환영
쇠락한 항구 마을인 블롬케스트. 여러분은 이곳의 '디스카운티'라는 가게를 맡아 달라는 이모의 초대를 받았습니다. 하지만 여러분의 성공을 바라지 않는 이들도 있으니 조심하세요.

친구(또는 평생의 원수)를 만드세요
영업 시간이 끝나면 블롬케스트를 둘러보며 마을 주민들과 친해질 수 있습니다. 주민들을 디스카운티의 단골 고객으로 만들고, 마을의 비밀을 파헤치세요.

나만의 가게를 디자인하고 꾸미세요
선반과 상품을 다시 배치해 눈길을 끌고 효율적인 가게를 만드세요. 물건을 쉽게 둘러볼 수 있는 통로를 디자인하고, 소비자의 구매욕을 자극하는 장식을 추가하세요!

주민들과 거래 계약을 체결하세요
블롬케스트 주민들은 외지인을 달갑지 않게 생각합니다. 제조업자의 신뢰를 얻고, 거래 계약을 체결하고, 지역 특산물을 판매해 디스카운티의 수익을 끌어올리세요!

점장의 의무를 잘 수행하세요
선반에 상품을 채우고, 바닥을 청소하고, 창고를 정돈하세요. 고객이 불만을 가지지 않도록 제때 계산을 해줘야 합니다! 기다리는 것을 좋아하는 사람은 아무도 없으니까요...

슈퍼마켓을 제국으로 확장하세요!
급증하는 수익을 재투자해 성장하세요! 더 많은 재고를 쌓아 둘 수 있도록 가게를 확장하고, 온 마을에 홍보하세요!

점장을 맞춤 설정하세요
나만의 스타일을 드러내는 외형, 의상, 이름을 고르세요. 현명하신 이모님은 여러분이 어떤 모습을 하고 있든 알아볼 것입니다.",Discounty,PQUBE,https://image.api.playstation.com/vulcan/ap/rnd/202507/1613/35f0b41d4480e7fb21bdc943d0ee4ceeda79e2ec271d1af2.jpg?w=1920,"시뮬레이션, 롤플레잉 게임",playstation
Anime Girls: Highschool of Dead,https://store.playstation.com/ko-kr/concept/10015585,2025-06-27,https://image.api.playstation.com/vulcan/ap/rnd/202505/2614/65e9d44c7c09cf79e23a72a69e5b293f9cd9927551f13587.jpg?w=1920,"""Anime Girls: Highschool of Dead""에서 귀여움과 언데드가 만나는 세계로 들어가세요. 사랑스러운 여고생이 되어 끊임없이 몰려오는 좀비와 강력한 적들을 상대로 싸워나가세요. 다양한 무기와 애니메이션 특유의 매력으로 가득한 짜릿한 액션이 기다립니다.

애니메 소녀 파워: 각기 다른 능력치와 시작 무기를 가진 다양한 애니메 소녀 스킨을 선택해 나만의 게임 플레이를 구성하세요. 게임을 진행하면서 더 많은 옵션이 잠금 해제되어 완벽한 좀비 사냥 캐릭터를 만들 수 있습니다.

웨이브 기반의 혼돈: 점점 강력해지는 좀비 물결을 상대하며 생존 능력을 시험하세요. 전략과 정확한 판단이 생존의 열쇠입니다. 다양한 적 유형은 독특한 도전을 제공해 전투에 깊이를 더합니다.

풍성한 아이템 파밍: 학교를 돌아다니며 필수 물자가 가득 담긴 컨테이너를 찾아보세요. 총기, 응급 키트, 탄약을 확보해 언데드에 맞설 힘을 유지하세요. 환경 속에 숨겨진 자원이 생존을 좌우합니다.

보스 적 등장: 일반 좀비 외에도 강력한 보스 적이 등장합니다. 더 크고 강력한 이 적들은 전투 실력과 전략 능력을 시험하게 됩니다. 민첩성과 전술이 승리의 열쇠입니다.

살아남고 성장하며 학교를 안전한 피난처로 되돌리세요. **""Anime Girls: Highschool of Dead""**에서 당신은 홀로 언데드에 맞서 싸울 준비가 되어 있나요?",Anime Girls: Highschool of Dead,Revolt Games SRL,https://image.api.playstation.com/vulcan/ap/rnd/202505/2614/65e9d44c7c09cf79e23a72a69e5b293f9cd9927551f13587.jpg?w=1920,"액션, 슈팅",playstation
The Alpha Wolf,https://store.playstation.com/ko-kr/concept/10015593,2025-07-02,https://image.api.playstation.com/vulcan/ap/rnd/202505/2809/f103eec8509705e33e59997f301f86c5003926c06feadace.jpg?w=1920,"야생 속으로 뛰어들어 “The Alpha Wolf”에서 늑대의 삶을 받아들이세요. 이 RPG 시뮬레이터 게임은 늑대 무리를 구성하고 지배자로 이끄는 도전을 제공합니다.

주요 특징:

늑대 무리 만들기: 최대 3명의 동료를 모집해 강력한 무리를 만드세요. 무리 내 각 늑대는 피해, 속도, 체력, 방어력 등의 능력치를 개별적으로 업그레이드할 수 있습니다.

사냥하고 생존하기: 짜릿한 사냥에 참여하여 자신과 무리를 먹여 살리세요. 야생은 위험으로 가득하며, 다른 포식자로부터 자신을 지키면서 음식을 찾고 레벨업해야 합니다.

스킬 포인트 및 마법 스킬: 레벨업할 때 스킬 포인트를 획득하고, 기본, 특수, 오라, 토템의 네 가지 카테고리에서 강력한 마법 스킬을 해제하세요. 자신의 플레이 스타일에 맞게 늑대의 능력을 맞춤 설정할 수 있습니다.

퀘스트 해결하기: 도전적인 퀘스트에 도전하여 보너스 스킨과 귀중한 아이템을 보상으로 받으세요.

커스터마이징: 최대 20가지의 털 스킨, 20가지 빛나는 타투 디자인, 다양한 눈 색깔로 늑대를 개성 있게 꾸며 보세요. 무리 구성원마다 독특한 모습을 만들 수 있습니다.

동물 보스와 전투: 곰 보스, 멧돼지 보스, 사슴 보스 등 강력한 동물 보스와 맞서 싸우세요. 각 전투는 전략적 계획과 능숙한 실행이 필요합니다.

동적 낮/시간 설정: 네 가지 다른 시간대에서 게임 세계를 경험하여 다양성과 도전을 더합니다.

오픈 월드 탐험: 광대한 오픈 월드 곳곳에 숨겨진 비밀 보너스를 발견하고 여정을 향상시키며 추가 보상을 획득하세요.

“The Alpha Wolf”는 생존하고 번영하며 궁극적인 알파가 되기 위해 지략과 기술을 사용해야 하는 스릴 넘치고 몰입감 있는 RPG 경험을 제공합니다.",The Alpha Wolf,Revolt Games SRL,https://image.api.playstation.com/vulcan/ap/rnd/202505/2809/f103eec8509705e33e59997f301f86c5003926c06feadace.jpg?w=1920,"격투, 롤플레잉 게임, 시뮬레이션",playstation
Above Snakes,https://store.playstation.com/ko-kr/concept/10012129,1985-09-13,https://image.api.playstation.com/vulcan/ap/rnd/202506/1810/1d96bc2cebc8f4b2fa60f16a500c3c83552c597b137f4713.png?w=1920,"세상을 창조하세요. 황야에서 살아남으세요. 땅의 비밀을 밝혀내세요.
이완되는 아이소메트릭 어드벤처 RPG에서, Wild West에서 영감을 받은 수공예 세계로 발을 들여보세요. 가벼운 생존 요소와 함께 건설하고, 탐험하고, 농사짓고, 싸우며 변화하는 생태계와 신비로운 위협 속에서 나만의 여정을 만들어갑니다.


세상을 직접 형성하세요
100개 이상의 모듈식 월드 피스를 활용해 살아 숨쉬는 세계를 창조해보세요. 각 생물군계는 새로운 재료, 자원, 환경 도전을 제공합니다. 한 조각씩 세계를 건설하고 탐험하며 발전시키세요.


생존하고, 제작하며, 번영하세요
자원을 모으고 영양가 있는 식사를 요리하며, 용광로, 제재소, 모루 같은 중요한 작업대를 구축하세요. 제작을 마스터하면 강력한 무기, 도구, 장비를 해금해 사냥과 낚시를 하고, 숨어 있는 위험에 맞설 수 있습니다.


당신만의 개척지 기지를 건설하세요
직관적인 모듈 시스템을 사용해 나만의 전초기지를 만들 수 있습니다—소박한 오두막부터 아늑한 농장까지. 가구를 추가하고 정원을 가꾸며, 베란다에서 평화로운 일몰을 감상하세요… 다시 황야로 떠나기 전에 말이죠.


농사짓고 풍요롭게 살아가세요
야생 허브와 채소를 재배하고, 물주기와 비료로 작물을 돌보며, 수확의 기쁨을 누리세요. 농사는 생존의 열쇠이자, 당신만의 세계를 아름답게 꾸미는 중요한 요소입니다.


주요 특징:
- 100개 이상의 독특한 월드 조각과 생물군계를 활용해 나만의 세계를 구축하세요.
- 아늑한 생존 어드벤처 속에서 제작, 요리, 사냥, 낚시, 농사, 전투를 즐기세요.
- 세밀한 커스터마이징이 가능한 모듈식 건축 시스템.
- 자신만의 속도로 퀘스트를 완료하고 감동적인 이야기를 발견하세요.
- 수수께끼의 등장인물들과 만나고, 잃어버린 영혼들과 맞서 싸우세요.
- 맞춤형 오디오 설정 및 광과민 친화 모드 지원.


조용한 저녁 낚시를 즐기든, Lost Souls가 도사리는 어두운 생물군계를 헤치든, 이 세계는 당신이 만들고, 당신이 써내려갈 이야기입니다.",Above Snakes,Progressive Live Studio s.c.,https://image.api.playstation.com/vulcan/ap/rnd/202506/1810/1d96bc2cebc8f4b2fa60f16a500c3c83552c597b137f4713.png?w=1920,"전략, 어드벤처",playstation
Agatha Christie - Death on the Nile,https://store.playstation.com/ko-kr/concept/10013650,2025-09-25,https://image.api.playstation.com/vulcan/ap/rnd/202412/1216/30292e9ace346cc77c74dd35898fb2d489b47e2dac1b7c46.png?w=1920,"나일강의 죽음은 나일강을 따라 나아가던 한 유람선 내에서 끔찍한 범죄가 발생하며 시작합니다. 하지만 다행히 명탐정 에르퀼 푸아로가 유람선의 승객이었죠.
한편, 한 사립 탐정이 살인자를 쫓아 런던에서 마요르카, 뉴욕, 마지막으로 이집트에 도착합니다.
이 2건의 수사가 아부 심벨에서 충돌하게 되고, 최고의 2인조가 다양한 반전과 이야기로 가득한 복잡한 사건을 해결하며 소설이 종결됩니다.
하지만 이야기는 거기서 끝나지 않습니다. 애거사 크리스티의 팬 여러분도 놀랄 만한 다양한 미스터리와 깜짝 요소가 숨어 있기 때문입니다.

특징
2명의 주인공: 에르퀼 푸아로와 제인 로이스로 플레이하세요. 각자의 관점과 서사가 엄청난 피날레로 합쳐집니다.

혁신적 배경: 풍성하고 생동감 넘치는 70년대 배경을 경험해 보세요. 디스코 클럽, 다채로운 캐릭터도 함께합니다.

확장된 스토리라인: 소설의 내용 이후로도 이어지는 새로운 사건에 뛰어들어 보세요. 팬 여러분도, 이야기를 처음 접하시는 분도 좋아할 만한 신선한 놀라움을 경험하실 수 있습니다.

다양한 장소: 이국적인 나일강 유람선부터 사람들로 북적이는 마요르카, 런던, 카이로의 거리까지, 여러 가지 근사한 장소를 탐험해 보세요.

강화된 마인드맵: 역동적인 마인드맵에서 그간 모은 단서를 연결하며 추론하고, 스토리를 진행해 나가세요.

대면 시스템: 수집한 증거를 사용해 용의자를 대면하고, 거짓을 폭로하고, 숨겨진 진실을 밝혀내세요.

캐릭터 프로필: 대사와 관찰을 통해 수집한 정보로 캐릭터 프로필을 완성하세요.","Agatha Christie - Death on the Nile,애거사 크리스티 - 나일강의 죽음",Microids,https://image.api.playstation.com/vulcan/ap/rnd/202412/1216/30292e9ace346cc77c74dd35898fb2d489b47e2dac1b7c46.png?w=1920,어드벤처,playstation
Bangman,https://store.playstation.com/ko-kr/concept/10013186,2025-08-15,https://image.api.playstation.com/vulcan/ap/rnd/202507/2511/65eab9e38257072433f5eec9a6b90bba00cc9046a805e466.jpg?w=1920,"뱅맨 — 픽셀 아트 로그라이크가 어떤 게임인지 보여주는 완벽한 예시입니다. 이 게임은 여러분이 좋아하는 모든 것을 제공합니다. 수많은 몬스터, 개성 넘치는 캐릭터, 셀 수 없이 많은 사냥 방법, 그리고 수많은 시도까지. 도대체 뭐가 부족한 걸까요? 이 게임은 돈이 거의 들지 않습니다! 이건 언제나 좋은 거죠.
자, 이 글이 여러분뿐만 아니라 이 글을 쓴 사람도 지루해졌으니, 예고편을 보고 게임을 구매하세요!

특징:
– 모든 것이 너무 특별해서 일일이 나열하기 지겨울 정도입니다.",Bangman,ESDigital Games LTD,https://image.api.playstation.com/vulcan/ap/rnd/202507/2511/65eab9e38257072433f5eec9a6b90bba00cc9046a805e466.jpg?w=1920,액션,playstation
CORE.SYS,https://store.playstation.com/ko-kr/concept/10015625,2025-08-20,https://image.api.playstation.com/vulcan/ap/rnd/202506/1909/81ceb5a6e6f021e179305d5fb1ebc12333b8f415b6bd8f6a.png?w=1920,"레트로 아케이드 스타일로 점점 더 복잡해지는 컴퓨터 시스템을 해킹해 보세요! CORE.SYS는 두뇌를 자극하는 액션 퍼즐 게임입니다. 따르고 논리적인 전략으로 여러 레이어의 디지털 보안 체계를 무너뜨리세요. 알파벳과 숫자 키 패널로 이루어진 5x5 그리드 위에서 커서를 움직이고, 스캔 능력을 사용해서 필요한 다음 코드를 찾아내고, 해당 패널을 선택해서 코드 시퀀스를 완성하세요. 그렇게 보안 체계를 우회하고 다음 레이어로 넘어가세요.

하지만 조심하세요! 더 깊이 해킹할수록, 더욱 강력한 방화벽이 기다리고 있을 테니까요. 과연 당신은 필요한 데이터를 찾아 추출하고 무사히 빠져나올 수 있을까요?

• 최고 보안의 컴퓨터 시스템을 해킹하세요!
• 각 시스템 레이어의 5x5 그리드에서 커서를 움직이세요.
• 필요한 다음 코드를 발견해서 시퀀스를 완성하세요!
• 방화벽과 보안 검색을 피하세요.",CORE.SYS,eastasiasoft,https://image.api.playstation.com/vulcan/ap/rnd/202506/1909/81ceb5a6e6f021e179305d5fb1ebc12333b8f415b6bd8f6a.png?w=1920,"캐주얼, 퍼즐, 가족",playstation
DRAGON BALL GEKISHIN SQUADRA,https://store.playstation.com/ko-kr/concept/10007638,1985-09-13,https://image.api.playstation.com/vulcan/ap/rnd/202505/2709/d8d15ff5fd47b3a844017c16a371f7d58c00a705b12e3248.jpg?w=1920,"[드래곤 볼 최초 팀 대전 게임 개막!]

◆4vs4로 펼쳐지는 팀 대항 배틀
직접 전장을 누비며 동료와 함께 공략하는 등 자유로운 플레이!
시합 중 진화하는 히어로들을 조작하여 적 플레이어, 보스 캐릭터들도 전부 날려 버려라.

◆3개의 롤 중 하나를 선택하여 플레이
강력한 공격에 특화된 대미지 딜러, 벽이 되어 아군을 지키는 탱커, 엄호나 방해 능력이 다채로운 테크니컬.
역할에 따른 특징적인 히어로가 다수 등장.

◆커스터마이징
히어로들의 외형은 물론, 애니메이션 연출 등도 원하는 대로 커스터마이징 가능.
등장 장면이나 최후의 공격 기술 등 다양한 옵션이 존재.",DRAGON BALL GEKISHIN SQUADRA,Bandai Namco Entertainment Inc.,https://image.api.playstation.com/vulcan/ap/rnd/202505/2709/d8d15ff5fd47b3a844017c16a371f7d58c00a705b12e3248.jpg?w=1920,액션,playstation
Faye Falling,https://store.playstation.com/ko-kr/concept/10012836,2025-08-13,https://image.api.playstation.com/vulcan/ap/rnd/202506/2708/10f1f3eeac983aac77bb3c5116f532eec7e841d857dbbc42.png?w=1920,"얼마 전에 생을 마감했지만, 자신이 누구인지 어떻게 죽었는지도 기억하지 못하는 영혼이 되어 이야기를 진행하세요. 우연히 강력한 존재와 만난 당신은 자신의 기억을 되찾으면서 점점 세력을 키워가는 어둠을 물리치기 위한 장대한 여정을 시작하게 됩니다. 다양한 적을 상대로 빠른 속도로 진행되는 턴제 전투를 펼치고, 톡톡 튀는 미니게임 속에서 적의 공격을 회피하고, 강력한 주문을 시전해서 상대의 공격을 막아내세요.

같은 장르의 클래식 게임으로부터 영감을 받아 탄생한 Faye Falling은 톱다운 액션 RPG 스타일 게임 플레이를 통해 죽음, 고통, 삶의 의미를 탐험하는 예술적이면서도 감동적인 경험을 선사합니다. 어둠 속에서 빛을 발하는 픽셀 아트 스타일의 퍼즐과 비밀로 가득한 다채로운 천상의 세계 속에 푹 빠져 보세요.

• 사후 세계에서 펼쳐지는 독특한 분위기의 여정 속에 푹 빠져 보세요!
• 미로 같은 환경을 탐험하고 두뇌를 자극하는 퍼즐을 푸세요.
• 실시간 미니게임에 도전해서 전투나 다른 장애물의 시련을 이겨내세요!
• 플레이어의 행동과 선택에 따라 달라지는 다수의 결말과 진화하는 형태를 체험하세요!
• 새로운 게임+ 모드에서 더 많은 비밀과 더욱 어려운 도전을 발견하세요.
• 톱다운 픽셀 아트 스타일의 유려한 애니메이션을 즐기세요!",Faye Falling,eastasiasoft,https://image.api.playstation.com/vulcan/ap/rnd/202506/2708/10f1f3eeac983aac77bb3c5116f532eec7e841d857dbbc42.png?w=1920,"롤플레잉 게임, 어드벤처",playstation
Garfield Kart 2 - All You Can Drift,https://store.playstation.com/ko-kr/concept/10012444,2025-09-10,https://image.api.playstation.com/vulcan/ap/rnd/202505/2608/572ef7a78f893fe1fa9fdb8153625440e2f4a14e5c812242.jpg?w=1920,"사전 주문 콘텐츠 포함:

• 메인 게임
• Pack Lazy-nya


묵직하고 화끈한 레이스 한 판 준비 됐나요? 가필드, 오디, 너멜을 포함한 모든 친구들이 출발선에서 여러분을 기다리고 있어요!

가필드 유니버스의 여덟 캐릭터 중 하나가 되어 카트를 몰아보세요. 외관을 꾸미고, 짜릿한 속도감을 만끽하세요.
코너를 돌 때마다 깜짝 놀랄 반전이 기다리고 있는 대혼란 유니버스를 화끈하게 달려보세요. 가필드가 해적, 서부극, 탐정 배경의 화려한 서킷을 질주하며 꿈속에서조차 자신이 최고라는 것을 증명합니다!
지름길이나 보너스 아이템을 사용해 전세를 역전하고, 로컬 및 온라인 멀티플레이어 모드로 친구들과 잊지 못할 순간을 만들어보세요.

미스터리와 보물, 그리고 로데오!
익살과 재미가 넘치는 세 가지 서킷에서 친구들과 실력을 겨루세요! 수수께끼로 가득한 탐정의 수사현장은 물론, 해적이 득실대는 바다, 그리고 카우보이의 활주로를 통과하며 온갖 소동을 일으켜 보세요.

가필드와 친구들을 만나보세요
가필드, 오디, 존 등 만화에서 등장하는 유명 캐릭터들을 직접 플레이하세요! 저마다 확실한 개성을 가진 캐릭터가 레이스마다 색다르고 몰입감 넘치는 경험을 선사합니다.

복작복작 친구들과 즐기는 레이스!
최대 8인까지 지원하는 온라인 모드로 전 세계 플레이어들과 경쟁하거나, 4인까지 지원하는 분할 화면 모드로 소파 위에서 즐거운 시간을 보내세요! 친구, 가족과 짜릿한 경쟁을 펼쳐보세요.

입맛대로 꾸미는 카트
여러분의 운전 스타일에 맞게 카트를 만들고 꾸며보세요! 범퍼, 바퀴, 리어윙은 물론, 스타일과 색상까지 입맛대로 선택해 개성을 표현하세요. 트랙에서 나만의 멋을 뽐내며 서킷의 제왕이 누구인지 확실하게 알리세요!",Garfield Kart 2 - All You Can Drift,Microids,https://image.api.playstation.com/vulcan/ap/rnd/202505/2608/572ef7a78f893fe1fa9fdb8153625440e2f4a14e5c812242.jpg?w=1920,드라이빙/레이싱,playstation
Lost Twins 2,https://store.playstation.com/ko-kr/concept/10011224,1985-09-13,https://image.api.playstation.com/vulcan/ap/rnd/202408/0213/2f4b3adadcd05050151458d438652d514af53d3e9a5e0bcf.png?w=1920,"세계를 재배열하고, 쌍둥이를 재회시키며, 경이로움을 다시 발견하세요.
아비와 벤은 길을 잃었지만, 혼자가 아닙니다. Lost Twins 2에서 여러분은 세상의 타일을 움직이며 그들을 안내하게 됩니다. 아기자기하고 정성스럽게 만들어진 퍼즐 어드벤처에서 따뜻한 매력과 기발한 놀라움을 경험하세요.

🎮 게임 방식
- 타일을 이동하거나 교환하여 레벨을 재구성
- 스위치, 발판, 수문 등을 활용해 퍼즐 해결
- 마법의 숲, 장난감 성 같은 환상적인 환경 탐험
- 혼자 또는 친구와 함께 로컬 협동 플레이
- 비밀, 수집 요소, 따뜻한 서프라이즈 발견

적도, 시간 제한도, 스트레스도 없습니다. Lost Twins 2는 모든 연령대의 플레이어에게 완벽한 평화로운 퍼즐 여정을 선사합니다.

🔹 주요 특징
🧠 창의적인 퍼즐 메커니즘 – 타일을 슬라이드, 교체, 이동하며 길을 개척
👯‍♂️ 혼자 또는 협동 – 친구와 소파에서 함께 플레이
🎨 감성적인 세계 – 지브리풍 비주얼이 세상을 생동감 있게 표현
🎵 감정에 맞는 음악 – 여정에 감정을 더하는 오리지널 사운드
🔍 비밀과 수집 – 숨겨진 경로와 아트워크, 매력적인 수집품
🧩 매 스테이지마다 새로움 – 반복 없는 퍼즐 경험
🌱 스트레스 없는 플레이 – 적, 타이머, 사망 요소 없음",Lost Twins 2,PLAYDEW (PRIVATE) LIMITED,https://image.api.playstation.com/vulcan/ap/rnd/202408/0213/2f4b3adadcd05050151458d438652d514af53d3e9a5e0bcf.png?w=1920,"어드벤처, 퍼즐",playstation
Makis Adventure,https://store.playstation.com/ko-kr/concept/10012947,2025-08-27,https://image.api.playstation.com/vulcan/ap/rnd/202507/0109/47b4c9f3bda41a15ac7aed153354de2e5af3811b3d28dfb0.png?w=1920,"마키가 되어 독특한 섬을 탐험하고, 새로운 친구를 만나고, 3가지 상어 형태로 변신해서 물속을 질주하세요. Makis Adventure는 독특한 도전을 해결하는 방법을 스스로 결정하는 횡스크롤 액션 플랫포머입니다. 싸우는 걸 좋아하든 탐험에 더 관심이 있든, 이 게임 속에는 자신만의 플레이 스타일로 다양한 것들을 발견하고 경험할 수 있습니다.

뛰고, 벽 점프하고, 헤엄치고, 이빨로 물면서 던전을 헤쳐나가고, 상어의 가속도를 이용해서 치열한 2D 픽셀 아트 스타일의 레벨을 질주하고, 중간 보스와 최종 보스를 물리치세요. 그다음, 3D 허브 월드에서 미지의 땅 사이를 날아다니면서 고리 미니 게임 등을 클리어하세요!

• 인간 또는 상어의 형태로 변신하면서 거칠고 위험천만한 섬을 탐험하세요!
• 뛰고, 점프하고, 헤엄치고, 이빨로 물면서 횡스크롤 스테이지를 누비세요.
• 3D로 전환해서 미지의 섬으로 가득한 허브 월드를 탐험하세요!
• 전투 또는 탐험에 집중하세요.
• 미니 게임을 플레이하고, 숨겨진 보물을 찾고, 낚시에도 도전하세요!",Makis Adventure,eastasiasoft,https://image.api.playstation.com/vulcan/ap/rnd/202507/0109/47b4c9f3bda41a15ac7aed153354de2e5af3811b3d28dfb0.png?w=1920,"롤플레잉 게임, 어드벤처, 액션",playstation
Overpowered 1 - Mars Infestation,https://store.playstation.com/ko-kr/concept/10015620,2025-09-03,https://image.api.playstation.com/vulcan/ap/rnd/202507/0109/06bee0ce8b0a0df9b51ddfe6246eb9a2a7ed18c5192a10ef.png?w=1920,"때는 2050년. 인류는 어쩔 수 없이 지구를 떠나 화성에 식민지를 세워야만 하는 상황에 처했습니다! 이제부터 당신은 인류가 화성에 무사히 정착할 수 있게 행성을 잠식하고 있는 공격적인 외계 생물체 무리를 박멸하는 임무를 맡았습니다.

Overpowered 1 - Mars Infestation은 유려한 픽셀 아트 애니메이션으로 강렬한 액션을 선보이는 서바이벌 슈팅 게임입니다! 우주 병사가 되어 각각 다수의 목표와 레벨이 포함된 4개의 치열한 스토리 미션을 진행해 보세요.

직관적인 트윈 스틱 컨트롤을 사용해서 맹렬하고 빠르게 톱다운 환경을 탐험하고 다가오는 모든 위협을 총으로 제거하세요. 파워업을 모아 즉시 무기를 업그레이드하세요! 서바이벌 모드에서는 적을 빨리 처치할수록 더 높은 점수를 획득할 수 있으며, 높은 점수로 리더보드 정상을 노릴 수 있습니다. 과연 당신은 이 치열한 싸움 속에서 얼마나 오래 살아남을 수 있을까요?

• 다가오는 적 무리를 박멸하세요.
• 직관적인 트윈 스틱 컨트롤을 사용해서 달리고, 피하고, 조준하고, 발사하세요.
• 각각 다수의 목표를 선보이는 4개의 스토리 미션을 진행하세요!
• 서바이벌 모드에서 온라인 리더보드에 도전하세요.
• 레트로 픽셀 아트 스타일과 가슴이 뛰는 사운드트랙을 경험하세요!",Overpowered 1 - Mars Infestation,eastasiasoft,https://image.api.playstation.com/vulcan/ap/rnd/202507/0109/06bee0ce8b0a0df9b51ddfe6246eb9a2a7ed18c5192a10ef.png?w=1920,"슈팅, 슈팅, 액션",playstation
Sector Shooter,https://store.playstation.com/ko-kr/concept/10015750,2025-08-12,https://image.api.playstation.com/vulcan/ap/rnd/202507/1510/5b50767c7e62fcbaebc253fce4a058d98154182eb8c512cb.png?w=1920,"빠른 속도와 자동 사격 액션이 결합된 Sector Shooter의 혼돈 속으로 뛰어들어 보세요. 이동이 곧 생존이고, 모든 전장이 새로운 실력 테스트입니다. 태양에 바랜 서부 사막부터 어두운 산업 광산 깊숙한 곳까지 스타일리시한 전장을 질주하세요. 각 구역마다 새로운 도전이 기다립니다 — 더 많은 적, 좁아진 공간, 더 험난한 길들. 업그레이드를 해제하고, 반사 신경을 날카롭게 다듬으며, 최종 보스와의 대결에 대비하세요.",Sector Shooter,Aristo Studio s.r.o.,https://image.api.playstation.com/vulcan/ap/rnd/202507/1510/5b50767c7e62fcbaebc253fce4a058d98154182eb8c512cb.png?w=1920,슈팅,playstation
Space Adventure Cobra - The Awakening,https://store.playstation.com/ko-kr/concept/10008749,2025-08-26,https://image.api.playstation.com/vulcan/ap/rnd/202503/2609/852c39e723ab9ac06fcdd7b0f0ce2991aaa2171a116dcdcf.jpg?w=1920,"전설적인 모험가의 개성 넘치는 능력으로 무장하여 박진감 넘치는 액션 플랫폼 게임 속으로 빠져드세요

우주 해적 코브라가 되어 멋진 액션 플랫폼 세계를 탐험하세요. 영원한 파트너, 레이디 아머로이드와 함께 코브라의 전매특허 무기 사이코건으로 온 우주를 위기에 빠트릴지도 모를 수수께끼를 해결하세요.
행성을 넘나들며 무시무시한 우주 해적 길드가 쫓는 엄청난 보물과 운명이 얽힌 정체불명의 세 자매를 구하세요.
코브라의 다양한 무기와 도구를 영리하게 사용해 적을 물리치고 온갖 방해물과 함정으로 가득한 레벨을 헤쳐나가세요. 날고 긴다 하는 우주 해적에게도 쉽지 않은 도전이 될 것입니다.

액션과 플랫폼 장르의 짜릿한 만남
여러분의 게임 실력을 극한으로 밀어붙이는 함정과 덫으로 가득한 레벨이 잔뜩 준비되어 있습니다. 다양한 행성을 오가며 쉴 새 없이 달리고, 점프하고, 기어오르세요.
코브라의 초인적 능력을 활용해 적들을 무찌르세요. 성공을 위해서는 수단과 방법을 가려서는 안 됩니다.

다양한 장비와 무기
시가, 그래플링 훅 등 애니메이션을 통해 익히 알려진 도구들은 물론, 사이코건, 콜트 파이썬 77 등 코브라의 전매특허 무기를 다채롭게 활용해 적들을 쓰러트리세요. 여러분의 앞을 가로막는 강력한 보스들을 처치하기 위해서는 모든 장비를 활용해야 합니다.

싱글 및 멀티플레이어 모드
세 가지 난이도로 스토리 모드를 플레이하세요. 액션 플랫폼 장르에 익숙한 플레이어는 높은 난이도에서 실력을 시험해 볼 수 있으며, 그렇지 않은 플레이어는 낮은 난이도에서 스토리 위주의 게임을 즐길 수 있습니다. 2인 협동 모드에서 적을 피해 이리저리 도망 다녀 보세요.

짜릿한 SF 세계
카리스마 넘치는 강력한 영웅이 되어 멋진 스페이스 오페라 세계를 탐험하세요. 이 장대한 여정에서, 여러분은 로열 자매를 비롯해 코브라의 무시무시한 숙적인 크리스털 보위와 같은 개성 넘치는 인물들과 마주하게 될 것입니다.

원작에 충실한 게임
Space Adventure Cobra – The Awakening은 우주 해적 코브라를 최신 플랫폼으로 이식한 최초의 게임입니다. 동명 인기 애니메이션 시리즈의 12편까지의 내용을 다루고 있으며, 게임에서도 패기와 유머가 넘치는 원작의 감성을 고스란히 즐길 수 있습니다.",Space Adventure Cobra - The Awakening,Microids,https://image.api.playstation.com/vulcan/ap/rnd/202503/2609/852c39e723ab9ac06fcdd7b0f0ce2991aaa2171a116dcdcf.jpg?w=1920,액션,playstation
VARLET,https://store.playstation.com/ko-kr/concept/10010815,2025-08-28,https://image.api.playstation.com/vulcan/ap/rnd/202504/2300/5da6153df670bc3be49017a16036bfa5aed28a8163f388aa.jpg?w=1920,"그 누구도 아닌── 나(당신)를 찾는 이야기.

『VARLET』은 자신이 어떤 존재인지 고뇌하며 성장하는 소년 소녀들과의 만남을 통해 당신이 자각하지 못한 자아를 찾는 학원 RPG입니다.

■STORY - 스토리 -
주인공이 전학한 코세이학원에는
어떤 도시전설이 퍼져 있었다.

이 학원에는 괴물이 사는 「이계」가 나타나며
그곳에 흘러 들어가면 빠져나올 수 없게 된다──

어느 날, 이계 《글리치》의 존재를 목격한 주인공은 그곳에서 괴물이 수많은 사람들의 존재를 대체하고 있다는 사실을 깨닫게 된다.
붕괴가 임박한 학원을 구하기 위해 당신은 동료들과 함께 그들에 맞서 싸우는데──

동료를 인도하는 ""선도자""로서
혹은
힘으로 모든 것을 해결하는 ""지배자""로서──

■GAME SYSTEM - 게임 시스템 -
・""나만의 청춘""을 찾는 학원 생활
당신(주인공)이 실장 대행을 맡게 된 「SSS(생활상담실)」에서 학생들의 고민을 해결하고 방과 후에는 친해지고 싶은 동료와 외출하며 학원 생활을 즐기자.

・간단하고 시원시원한 타임라인 커맨드 배틀
동료를 인도하며 싸우는 ""선도자""와 강력한 스킬로 적을 압도하는 ""지배자"".
두 가지 스타일로 승리를 거머쥐자.

・당신의 선택이, 당신을 드러낸다── 트라이어드 파라미터
빛의 성질 「라이트 트라이어드(모럴, 심퍼시, 앨트루이즘)」.
어둠의 성질 「다크 트라이어드(마키아벨리즘, 사이코퍼시, 나르시시즘)」.
게임 내의 진단과 선택지에 따라 여섯 가지 파라미터가 변화한다.

트라이어드 파라미터에 따라 대화 선택지가 추가되거나
배틀에서 사용하는 패시브 스킬이 강화된다.
진정한 자신(당신)이 인도하는 미래의 모습이란──

■CREATOR - 크리에이터 -
캐릭터 테마 작곡: wotaku, NILFRUITS, OSTER project, Yoshida Yasei, Tadano Kaede / A4., Hitoshizuku and Yamasankakkei, KANON69, Daibakuhasin
BGM: Tsukasa Masuko
시나리오: Gakuto Mikumo, Ryutaro Ito
시나리오 감수: Kazunari Suzuki",VARLET,CLOUDED LEOPARD ENTERTAINMENT INC.,https://image.api.playstation.com/vulcan/ap/rnd/202504/2300/5da6153df670bc3be49017a16036bfa5aed28a8163f388aa.jpg?w=1920,롤플레잉 게임,playstation
Wander Stars,https://store.playstation.com/ko-kr/concept/10012972,2025-09-20,https://image.api.playstation.com/vulcan/ap/rnd/202503/2623/ebafbe04c364aad817cc3e4af404f2336220f07ec3a3cc38.png?w=1920,"오빠를 찾는 어린 무술가 링고와 과거를 피해 달아나는 수수께끼의 악당 울프가 예상치 못한 협력 관계를 맺고 함께 전설 속 방랑별 지도 조각을 찾아내야 합니다. 애니메이션에서 영감을 받아 제작된 10개 ""에피소드""의 모험에서 링고와 울프는 서로 힘을 합쳐 답을 찾고, 과거의 실수를 만회하고, 공통의 목표를 위해 우주를 누벼야 합니다. 또 모르죠. 그러다 보면 두 사람 사이가 좋아질 수도 있겠죠!

마법이 가미된 무술이자 전 우주에서 가장 인기 있는 TV 프로그램이기도 한 키아이 무술 훈련을 받은 링고는 치열한 턴제 전투에서 어휘를 조합하여 커스텀 공격을 만들어 낼 수 있습니다. 무시무시한 우주 해적과 신비한 악당, 귀여운 마녀, 불량 고등학생, 말하는 까마귀, 솜씨 좋은 무술가 등 다양한 인물들을 물리치거나 이들과 친구가 되고, 키아이 마스터가 되는 길을 향해 나아가세요.

어휘를 사용하세요
정신력 레벨의 한도까지 어휘를 결합하여 커스텀 공격을 생성하세요. 정신력 보유량이 늘어나면 어휘를 넣을 칸이 늘어나고, 그만큼 더 강력하고 복잡한 행동을 조합할 수 있습니다.

모든 어휘에는 재사용 대기시간이 있고, 각각의 상대에겐 특정 공격 및 원소에 대한 강점 및 약점이 있습니다. 실제 전투에서 싸워 보기 전까지는 상대가 강할지 약할지 알 수 없으니, 언제나 임기응변을 준비해야 합니다.

모두 수집하세요
게임 전체에서 수집할 수 있는 200개 이상의 어휘를 이용하면 거의 무한에 가까운 고유 공격을 만들어 낼 수 있습니다. 링고의 어휘가 확장됨에 따라 전투에 가져갈 어휘를 더욱더 신중하게 선택해야 합니다. 직접 조합한 범주에 따라 전략을 구축하고, 공격 및 방어 어휘를 결합하고, 상대의 약점과 강점에 대응할 선택지를 마련하고, 재사용 대기시간을 최적화할 수 있게 구성하고, 그러면서도 가장 멋지게 들리는 공격을 만들어 내야 합니다.

이런 구조를 바탕으로 누구나 쉽고 재미있게 배울 수 있지만 매우 깊이 있는 전투 시스템이 완성되었습니다.

펩업으로 성장하세요
키아이 무술의 핵심 정신은 명예로운 전투입니다. 명예롭게 상대를 물리치면 서로를 가장 미워하는 라이벌이라도 순식간에 친구가 될 수 있습니다. 라이벌과 친구가 되어 친구들에게 펩업의 형태로 격려의 어휘를 받고, 이를 장착해서 전투에서 특별 보너스를 받으세요.

별의 부름
롤러코스터를 타는 듯한 모험에서 전 우주를 누비며 방랑별 지도 조각과 링고의 실종된 오빠, 그리고 울프의 수수께끼 과거에 대한 답을 찾으세요.

예상치 못한 동료
그 길에 개성이 넘치고 각기 나름의 사연이 있는 캐릭터들을 만날 수 있습니다. 처음에는 잘 어울리기 힘들 수도 있지만, 우주에서의 가슴 뛰는 모험이 해결해 주지 못할 문제는 없죠! 혹시나 서로의 길이 어긋나더라도 절대 실망하지 마세요. 방랑하는 별들은 언젠가 서로를 만날 수밖에 없으니까요...",Wander Stars,SURPRISE ATTACK PTY LTD DBA Fellow Traveler,https://image.api.playstation.com/vulcan/ap/rnd/202503/2623/ebafbe04c364aad817cc3e4af404f2336220f07ec3a3cc38.png?w=1920,롤플레잉 게임,playstation
Bad Cat,https://store.playstation.com/ko-kr/concept/10015398,2025-09-18,https://image.api.playstation.com/vulcan/ap/rnd/202507/0911/320c8c03ed853577ffe3ad4be362d4237bedb69bc4b0c33b.jpg?w=1920,"할머니와 함께하는 고양이의 삶! 고양이와 할머니가 한 집에서 함께 사는 이 게임은 고양이 대 할머니의 짜릿한 복수극입니다. 이 동물 시뮬레이터 게임에서 가장 장난꾸러기 고양이가 되어 보세요.

이 유쾌한 장난꾸러기 게임에서, 할머니의 집을 엉망진창으로 만들며 엉뚱한 짓을 벌이세요. 지옥에서 온 작고 못된 새끼 고양이가 되어 보세요. 할머니와 강아지에게 온갖 장난을 쳐야 합니다.

혼란을 일으키고, 소시지를 훔치고, TV를 부수고, VR 게임을 하고, 보스 고양이처럼 마음껏 놀아보세요. 수족관에서 물고기를 모아 잡아 보세요! 할머니의 주의를 돌리기 위해 TV를 켤 수도 있습니다. 목표는 할머니와 강아지를 화나게 만드는 것입니다. 이 3D 반려동물 시뮬레이터 게임에서 모든 장난을 완벽하게 해내고 장난꾸러기들을 충분히 혼란스럽게 만들어 승리를 거둘 수 있을까요?

평범한 반려동물로 시작하지만, 장난꾸러기 고양이라는 타이틀을 얻게 되고, 그 순간부터 재미가 시작됩니다. 이 게임에서는 할머니를 항상 긴장하게 만들겠다는 깜찍한 장난꾸러기 역할을 맡게 됩니다.

다양한 임무를 완수하여 집안 곳곳을 최대한 어지럽히는 것이 목표입니다. 찬장에 숨거나, 테이블 위로 뛰어오르거나, 꽃병을 바닥에 떨어뜨리거나, 강아지를 밀쳐내는 등, 항상 다른 장난을 쳐볼 수 있습니다. 이곳에서는 나쁜 짓은 언제나 보상으로 주어집니다. 처벌은 없고, 순수한 고양이의 무질서함만 있을 뿐입니다.

심지어 장난기 넘치는 당신의 기분에 맞춰 다양한 고양이 스타일과 색깔을 잠금 해제할 수도 있습니다. 복슬복슬한 오렌지색 얼룩 고양이든, 매끈한 샴 고양이든, 당신은 언제나 주인공입니다.

게임의 특징:

• 파괴 가능한 아이템이 있는 할머니 집을 탐험하세요.
• 물고기 모으기, 강아지 밀기, 그리고 다양한 장난기 넘치는 활동 등 특별한 퀘스트를 즐겨보세요.
• 집안을 난장판으로 만드는 장난꾸러기 고양이를 조종하세요.
• 재미있는 도전과 과제를 해결하세요.
• 대도시를 탐험하세요.
• 휠을 돌려 게임을 더욱 재미있게 만들어 줄 보너스를 받으세요!
• 1인칭 컨트롤러로 즐기는 3D 고양이 시뮬레이터
• 할머니와 강아지의 역동적인 반응",Bad Cat,APPWILL COMPANY LTD,https://image.api.playstation.com/vulcan/ap/rnd/202507/0911/320c8c03ed853577ffe3ad4be362d4237bedb69bc4b0c33b.jpg?w=1920,시뮬레이터,playstation
Bendy: Lone Wolf,https://store.playstation.com/ko-kr/concept/10014263,2025-08-16,https://image.api.playstation.com/vulcan/ap/rnd/202507/0719/1ac4ca2bfec3f0586a1a7245bb6006ce6f97f60ebb4f8a36.png?w=1920,"Bendy: Lone Wolf®를 통해 잉크로 얼룩진 악몽을 경험하세요. 이 게임은 조이 드류 스튜디오의 일그러진 러버호스 스타일의 세계에서 펼쳐지는 스릴 넘치는 서바이벌 어드벤처입니다. 외로운 늑대 보리스가 되어 끝없이 변화하는 복도를 누비며 괴기스러운 만화 괴물, 치명적인 함정, 그리고 집요하게 추격하는 잉크 데몬과 맞서 싸우세요. 매일매일 새로운 도전이 펼쳐지는 이 심장 쫄깃한 여정에서 끝까지 살아남고 진실을 밝혀내세요.

• 극한의 생존: 점점 더 커지는 위험에 맞서 자신의 실력을 테스트하세요. 곳곳에 적과 장애물이 도사리는 위험한 복도를 헤쳐나가고, 물자를 찾고, 무기를 제작하고, 애니메이션 스튜디오의 수수께끼 같은 기계에 숨겨진 어두운 비밀을 밝혀내세요.

• 어둠과의 전투: 정확하고 적절한 공격과 영리한 함정 전력으로 다크 퍼들에서 튀어나오는 기괴한 괴물들과 맞서 싸우세요. 괴물에게 압도당하기 전에 그림자 속으로 다시 몰아넣어야 합니다. 이 무자비한 만화 호러에서 방심은 금물입니다.

• 잉크 데몬으로부터의 탈출: 잉크 데몬은 당신의 일거수일투족을 추적하고, 그가 다가오면 당신의 심장 박동 소리가 커지면서 위험을 알립니다. 이 숨막히는 쫓고 쫓기는 게임에서 달리고, 숨고, 머리를 써서 이 무자비한 존재를 따돌리세요. 어디에도 안전한 곳은 없습니다.

• 끝없는 공포의 세계: 절차적으로 생성되어 매번 플레이할 때마다 새롭고 예측 불가능한 환경을 탐험하세요. 공포의 스튜디오부터 악몽의 만화 세계까지, 변화무쌍한 Bendy: Lone Wolf®의 세계는 매번 새로운 여정을 선보입니다.

• 최적화된 경험: 콘솔에 어울리는 놀라운 비주얼과 반응성 높은 조작감으로 게임에 깊이 몰입하세요. 부드러운 게임플레이, 소름 끼치는 오디오, 직관적인 메커니즘이 잉크로 가득한 공포 속으로 당신을 더욱 깊이 끌어들일 것입니다.

조이 드류 스튜디오의 비밀을 파헤칠 마음의 준비가 되셨나요? 과연 당신은 어둠을 이겨낼 수 있을까요? 아니면 어둠에 삼켜지고 말까요? 지금 Bendy: Lone Wolf®를 플레이하고 궁극의 생존 도전을 시작하세요.",Bendy: Lone Wolf,JOEY DREW STUDIOS INC,https://image.api.playstation.com/vulcan/ap/rnd/202507/0719/1ac4ca2bfec3f0586a1a7245bb6006ce6f97f60ebb4f8a36.png?w=1920,"액션, 공포",playstation
BrokenLore: DON'T WATCH,https://store.playstation.com/ko-kr/concept/10014853,2025-08-18,https://image.api.playstation.com/vulcan/ap/rnd/202504/0514/ebcae75a631eee1d3300a6127c269da3e2bcb3ddf7607dd1.jpg?w=1920,"DON'T WATCH는 복잡한 시리즈BrokenLore의 1인칭 심리 공포 게임입니다.

신지는 작은 도쿄 아파트에 갇힌 젊은 히키코모리입니다. 미납된 임대료와 쌓여가는 청구서, 그리고 자신을 이해하지 못하는 가족 때문에 그는 세상과 자신으로부터 고립감을 느낍니다.

그의 유일한 탈출구는 비디오 게임이지만, 그것조차도 그의 불안감의 무거운 짐을 덜어줄 수 없습니다.

당신은 신지의 마음이 무너지는 것을 탐험하게 되지만, 조심해야 합니다. 백 개의 눈을 가진 악의 존재 하야쿠메가 지켜보고 있으며, 공격할 적절한 순간을 기다리고 있습니다.

당신의 노트북은 외부 세계와의 유일한 연결입니다. 그러나 거기에서도 안전은 환상일 뿐입니다...",BrokenLore: DON'T WATCH,Serafini Productions GK,https://image.api.playstation.com/vulcan/ap/rnd/202504/0514/ebcae75a631eee1d3300a6127c269da3e2bcb3ddf7607dd1.jpg?w=1920,공포,playstation
Bunny Rampage: History of Revenge,https://store.playstation.com/ko-kr/concept/10010762,2026-01-06,https://image.api.playstation.com/vulcan/ap/rnd/202403/2609/5e9c81a8a4fd512090b13cb7783850ee1fd5e342dc99216d.jpg?w=1920,"""지금 사전 주문하고 독점 보너스를 받으세요!
맥스의 복수를 향한 서사적인 여정에 가장 먼저 합류하세요.
Bunny Rampage: History of Revenge를 사전 주문하면 다음을 받을 수 있습니다:
• 48시간 빠른 접속 – 정식 출시 이틀 전에 플레이 시작.
• 10% 할인 – 지금 사전 주문하고 절약하세요!
혼돈을 풀어놓고, 비밀을 밝혀내며, 역사를 다시 써보세요 — 누구보다 먼저.""


살아 움직이는 봉제 토끼 맥스와 함께 매혹적인 모험을 시작하세요!
뉴욕의 번화한 거리에서 외계인 벙커의 신비로운 깊숙한 곳까지, 매혹적인 포털에 숨겨진 비밀을 밝혀내세요. 짜릿한 전투에서 적 무리에 맞서고, 정신을 쏙 빼놓는 퍼즐을 풀고, 까다로운 플랫폼 구간을 탐험하세요.

특징
- 구원의 이야기: 미친 과학자의 계략의 정체를 밝히고 놀라운 반전을 위한 길을 열어보세요.
- 경이로운 세계: 각기 다른 분위기와 비밀이 가득한 6개의 독특하고 매혹적인 환경을 탐험하세요.
- 전투 및 퍼즐: 권총부터 전설적인 투척검까지 다양한 무기를 마스터하고 두뇌를 자극하는 퍼즐을 통해 지능을 시험해 보세요.
- 다양한 보스 전투: 강력한 적을 상대로 스릴 넘치는 전투에 도전하세요.
- 복수 그 이상의 이야기: 예상치 못한 연결의 힘과 옳은 것을 선택하는 용기를 기념하는 가슴 따뜻한 이야기를 만나보세요.

""Bunny Rampage: History of Revenge""는 여러분에게 잊지 못할 여정에 영감을 주고 힘을 실어줄 것입니다. 그는 싸움에 참여할 준비가 되었나요?",Bunny Rampage: History of Revenge,404 GAMES LTD,https://image.api.playstation.com/vulcan/ap/rnd/202403/2609/5e9c81a8a4fd512090b13cb7783850ee1fd5e342dc99216d.jpg?w=1920,액션,playstation
Completely Stretchy,https://store.playstation.com/ko-kr/concept/10015015,1985-09-13,https://image.api.playstation.com/vulcan/ap/rnd/202506/0509/f607df4f59c74386c0a76afa5855e99c2359f6490422ab67.jpg?w=1920,"""그롬비 섬에 오신 것을 환영합니다!

Completely Stretchy and Uncomfortably Sticky는 이상하고 멋진 그롬비 섬을 배경으로 한 1인칭 탐험 플랫폼 게임입니다.

Elektro 공장에서 힘든 하루를 보낸 후, 당신은 파랗고 늘어나고 끈적거리는 몸으로 변신했습니다!

격리 중인 Elektros도 탈출해버렸어요! 늘어난 몸과 새롭게 생겨버린 신축성을 활용하여 이 이상한 세상을 오르고, 매달리고, 붙어서 탐험하세요.
숨겨진 Elektros를 추적하여 전원을 복구하고 당신이 이렇게 늘어나는(그리고 불편할 정도로 끈적거리는) 이유에 대한 미스터리를 알아보세요.

기능

🪱 매달리기, 오르기, 붙기: 손을 사용하여 표면을 잡고 매달려 세상을 누비고 다니세요

🖐️ 도움의 손길: 그롬비 섬의 예측불가 주민들을 돕고 신축성 업그레이드를 얻어 보세요

🎣 오늘의 어획물: 바다로 손을 뻗어 """"독특한"""" 물고기를 잡으세요

🤔 끈적끈적한 상황: 기묘하고 멋진 NPC와 대화하여 세상에 대해 더 자세히 알아보세요

🗺️ 새로운 높이에 도달하세요: 고유한 퀘스트와 활동이 있는 세 개의 다른 지역을 탐험하세요

🍄 직접 해 보는 재미: 호버바이크를 타고 바구니 몇 개를 담그고 이 게임에서 할 수 있는 모든 것을 해보세요!""",Completely Stretchy,Super Rare Games Limited,https://image.api.playstation.com/vulcan/ap/rnd/202506/0509/f607df4f59c74386c0a76afa5855e99c2359f6490422ab67.jpg?w=1920,어드벤처,playstation
Curse Rounds,https://store.playstation.com/ko-kr/concept/10014257,2025-08-13,https://image.api.playstation.com/vulcan/ap/rnd/202507/3021/1f270ca0502251acbeb42f4aecb58067a233d2a6ff43d8b7.jpg?w=1920,"Curse Rounds 는 60개 이상의 게임 내 카드에서 각 방마다 저주를 쌓아가며 랜덤 라운드를 생존해야 하는 혼란스러운 게임입니다. 권총 플래시와 다양한 놀라운 사격으로 적을 처치하세요. 두 번의 시도는 결코 같지 않습니다!

- 거대하고 강력한 보스들!
- 다양한 놀라운 사격으로 모든 적을 처치하세요!
- 독특한 특성을 가진 30종의 적",Curse Rounds,QUBYTE,https://image.api.playstation.com/vulcan/ap/rnd/202507/3021/1f270ca0502251acbeb42f4aecb58067a233d2a6ff43d8b7.jpg?w=1920,액션,playstation
DOOMCRUSH,https://store.playstation.com/ko-kr/concept/10013758,2025-09-26,https://image.api.playstation.com/vulcan/ap/rnd/202502/2111/f181547b52b8840e48d80fe70aff04e70abc33d685ba2f1c.jpg?w=1920,"DOOMCRUSH의 혼돈 속 리듬에 빠져보세요. 시각적으로 강렬한 아케이드 경험이 펼쳐집니다. 한 번의 터치가 생존을 가르는 순간이 되며, 빠른 반사 신경과 메타 서사가 결합된 게임 플레이가 펼쳐집니다. 시간과 파괴, 그리고 스스로를 소멸시키려는 반항적인 적 Dystro와 맞서 싸워야 합니다

주요 게임 특징
리듬 기반 액션 – 변화하는 템포에 맞춰 탭하고, 적을 부수고, 폭발을 피하며 사기 게이지를 유지하세요
메타 내러티브의 광기 – 게임이 스스로를 인식하며 존재를 거부합니다. 당신은 이를 막을 수 있을까요?
독창적인 비주얼 경험 – 레트로와 글리치 아트가 조화를 이루며 초현실적인 몰입감을 제공합니다
예측 불가한 도전 – 진행할수록 난이도가 급격히 변하며 혼돈에 적응해야 합니다

스피드런, 최고 점수 도전, 아케이드 퍼펙션을 원하는 플레이어를 위해 제작된 DOOMCRUSH. 배우기는 쉽지만 마스터하기는 거의 불가능합니다. 과연, 당신은 게임의 가장 깊은 비밀을 밝혀낼 수 있을까요?

게임의 소멸을 막을 것인가, 아니면 그대로 무너뜨릴 것인가?",DOOMCRUSH,Cudit Savunma Inovasyon Teknoloji Arastirma ve Gelistirme Ticaret Limited Sirketi,https://image.api.playstation.com/vulcan/ap/rnd/202502/2111/f181547b52b8840e48d80fe70aff04e70abc33d685ba2f1c.jpg?w=1920,"아케이드, 액션",playstation
Dorfromantik,https://store.playstation.com/ko-kr/concept/10014511,1985-09-13,https://image.api.playstation.com/vulcan/ap/rnd/202507/2315/20756635efa9c89b0b2f061c63b7b759f1ad20457b3aa4df.jpg?w=1920,"Dorfromantik에서는 절차적으로 생성된 타일 더미를 가지고 시작합니다. 더미 맨 위의 타일을 하나씩 뽑은 후 비어있는 슬롯에 배치하고 가장 알맞은 형태를 찾아 회전시켜야 하죠. 그러면 숲, 마을, 물줄기 등 풍경 그룹 및 조합이 형성되며, 타일이 얼마나 잘 맞는지에 따라 점수를 획득합니다.
일부 타일에서는 퀘스트를 주는 특수 오브젝트도 등장합니다. 예를 들어, 풍차는 6개의 경작지와 인접하기를 요구하며, 기관차는 철로 10개와 연결되기를 바라고, 사슴은 나무가 최소 50그루 있는 숲에서 살고 싶어 합니다. 이러한 퀘스트를 완료하면 타일을 더 획득하여 풍경을 계속 확장할 수 있게 됩니다. 타일 더미를 전부 소모하면 게임이 종료됩니다.
풍경을 확장할수록 다채로운 새 생물군계로 나아가거나 장기 과제를 주는 사전 배치 오브젝트를 발견할 수 있습니다. 장기 과제를 통해 새로운 타일, 생물군계, 퀘스트를 잠금 해제할 수 있습니다.

Dorfromantik에 있는 것
• 끝이 없고 아름다운 풍경 조성
• 전략과 퍼즐 메커니즘의 독특한 조합
• 편안하고 느긋한 게임플레이
• 목가적인 마을 풍경
• 신기록 달성을 위한 전략적 배치
• 세션마다 색다르게, 높은 다회차 플레이 가치
• 잠금 해제할 수 있는 수많은 타일 및 생물군계
• 손수 그린 보드게임 분위기의 독창적인 아트 스타일

Dorfromantik에 없는 것
• 4X 전략
• 교역
• 자원 관리
• 전투 및 폭력
• 멀티플레이
• 다양한 플레이어 유형에 맞는 다양한 게임 모드
• 매월 도전과제 추가",Dorfromantik,HEADUP GAMES,https://image.api.playstation.com/vulcan/ap/rnd/202507/2315/20756635efa9c89b0b2f061c63b7b759f1ad20457b3aa4df.jpg?w=1920,퍼즐,playstation
Dreams of Another,https://store.playstation.com/ko-kr/concept/10009629,2025-10-10,https://image.api.playstation.com/vulcan/ap/rnd/202503/2902/a91c6f03e62c53ec4a42610c76e579d479cc8f840ea9c626.png?w=1920,"사전 예약 시, 아래의 게임 내 아이템을 보너스로 받을 수 있습니다.

[예약 특전]
• 「Dreams of Another」에서 파자마 남자가 입을 수 있는 파자마 2종


PixelJunk Eden의 감독이자 멀티미디어 아티스트인 Baiyon이 새로운 예술적 도전을 담은 게임을 선보입니다. 이 게임은 순간적인 꿈의 세계를 배경으로 생명력을 담아냅니다.

Dreams of Another는 철학적 주제인 ""파괴 없이는 창조도 없다""를 중심으로 제작된 3인칭 탐험 액션 게임입니다. 기존 슈팅 게임처럼 대상을 파괴하는 것이 아니라, 여기서는 발사된 샷이 세계를 만들어냅니다. 이러한 독창적인 메커니즘은 기존 장르의 규범을 뛰어넘는 새로운 게임 경험을 제공합니다.

주요 특징:
파괴가 아닌 창조를 이루는 혁신적인 게임플레이
독창적인 포인트 클라우드 기술로 구현된 꿈의 세계
""잠옷을 입은 남자""와 ""떠도는 병사""를 중심으로 한 시적인 이야기, 그리고 독특한 캐릭터와 물체들과의 대화
다양한 지각 있는 객체가 전하는 유머러스하면서도 철학적인 인간 사회와 세계의 본질에 대한 통찰
Baiyon 감독이 직접 제작한 독특하고 실험적인 사운드트랙
PS VR2에서 즐길 수 있는 혁신적인 포인트 클라우드 경험
PS5 Pro의 높은 해상도로 생생한 포인트 클라우드 세계에 몰입",Dreams of Another,Q-GAMES,https://image.api.playstation.com/vulcan/ap/rnd/202503/2902/a91c6f03e62c53ec4a42610c76e579d479cc8f840ea9c626.png?w=1920,어드벤처,playstation
DUCK: Dangerous Ultimate Cartridge Kidnapper,https://store.playstation.com/ko-kr/concept/10016037,2025-08-14,https://image.api.playstation.com/vulcan/ap/rnd/202506/3018/1525e21113eaf1ae60dca8ebe6425c4c85de1a6a3fbe4e5f.png?w=1920,"아기 오리들이 신비한 100-in-1 카트리지를 발견하고, 그 안에 깃든 사악한 카트리지 정령에게서 벗어나기 위해 모든 게임을 플레이해야만 합니다! 100개의 마이크로게임, 재미있고 점점 어려워지는 난이도 — 흥미로운 모험에 더 무엇이 필요할까요?

DUCK: Dangerous Ultimate Cartridge Kidnapper 는 1분도 안 되는 짧은 100가지의 아주 다양한 마이크로게임으로 구성된 모음집입니다! 카우보이 결투, 집 짓기, 토마토 분류, 통나무 타기, 해전, 정글 모험, 미친 과학자의 일상 등등!

스토리
아기 오리들이 신비한 100-in-1 카트리지를 발견했지만, 그것은 D.U.C.K.라 불리는 사악한 정령이 설치한 함정이었습니다. 이제 아기 오리들은 가진 모든 게이머 실력을 발휘해야 하며, 그렇지 않으면 악당이 저주를 완수해 그들을 자신의 게임 속 캐릭터로 만들어버릴 것입니다. 2D 픽셀 형태로 변해 끊임없이 죽고 다시 태어나는 운명 — 피할 수 없는 숙명입니다!

특징
- 다양성
15개의 카테고리마다 5~10개의 마이크로게임, 3단계의 난이도, 그리고 보스 게임을 위한 별도의 카테고리가 준비되어 있습니다. 다양한 픽셀 아트 스타일, 수많은 독창적인 음악과 효과음이 포함됩니다. 심지어 게임을 진행하는 도중에도 어떤 일이 일어날지 알 수 없으니 재미가 배가 됩니다! 그리고 — 스토리 모드를 진행하며 게임을 클리어하고 특별 조건을 달성하면 16개의 장식 패널을 모두 잠금 해제할 수 있습니다. 아케이드풍, 그리스풍, 만화풍, 여름풍, 벽돌풍 등 다양합니다!
- 게임 모드
스토리 모드에서는 아기 오리들이 당신의 도움으로 100개의 게임을 전부 돌파합니다. 5마리의 아기 오리는 5개의 주요 챕터를 의미합니다. 해금한 게임은 보관함에서 자유롭게 선택해 연습하고 난이도를 모두 클리어할 수 있습니다. 마지막으로 생존 모드도 있으며, 최고 점수를 노려보세요! 게다가… 친구들과 함께 파티 모드 중 하나를 활성화해 미지의 세계로 뛰어드는 것도 가능합니다!
- 따뜻한 어린 시절의 분위기
정령은 아기 오리들을 그 시절의 전형적인 아기 오리 집안의 방 안에 가두었습니다. 작고 아늑한 방, 창문을 통해 스며드는 석양의 빛, 그리고 친구들과 함께 통통한 TV 앞에 모여 앉아 수많은 재미있는 게임이 들어 있는 카트리지를 꽂은 게임기를 바라보는 모습!

참고: 협동 플레이는 핫시트 방식으로 구현되었습니다. 즉, 플레이어가 차례대로 돌아가며 플레이해야 합니다.",DUCK: Dangerous Ultimate Cartridge Kidnapper,Valkyrie Initiative LLP,https://image.api.playstation.com/vulcan/ap/rnd/202506/3018/1525e21113eaf1ae60dca8ebe6425c4c85de1a6a3fbe4e5f.png?w=1920,"파티, 아케이드, 액션",playstation
Echoes of the End,https://store.playstation.com/ko-kr/concept/10012310,2025-08-13,https://image.api.playstation.com/vulcan/ap/rnd/202505/1207/d8338b65104a9134193bee4138e7c56f0d7ccaae615086be.jpg?w=1920,"Echoes of the End는 영화 같은 3인칭 액션 어드벤처 게임입니다. 캐릭터 중심의 깊이 있는 이야기와 마법과 검을 활용한 스릴 넘치는 전투, 흥미진진한 탐험, 사고를 자극하는 퍼즐이 결합된 게임이죠. 아이슬란드에서 영감을 얻은 이 장대한 모험을 통해, 숨이 멎을 듯한 독창적인 판타지 세계에서 성숙하고 풍부하고 몰입감 넘치는 경험을 해 보세요.

주인공의 여정

불안정하지만 강력한 마법을 사용하는 잔재인 린이 되어, 잔혹한 전체주의 제국으로부터 동생을 구하기 위해 싸우세요. 학자이자 과거의 기억에 사로잡힌 탐험가인 에이브럼 핀레이와 협력해, 다시 고대의 분쟁을 일으켜 에이마를 혼돈에 빠뜨리려 하는 음모를 밝혀내세요. 전쟁의 위기에 처한 세계에서 신뢰와 구원, 희생에 관한 진솔한 이야기에 푹 빠져 보세요.

역동적인 전투와 탐험

• 마스터 린의 뛰어난 마법 능력과 검술을 활용해 독특한 적을 물리치고 장대한 보스전을 펼치세요.
• 여정을 통해 린의 힘과 자신감을 키우고 여러 가지 강력한 능력을 활용하세요.
• 에이브럼과 함께 힘을 합쳐 전투 및 탐험 시에 창의적인 콤보를 사용하고 상호 작용을 하세요.
• 불타는 용암 지대부터 얼음 산봉우리에 이르기까지, 아이슬란드의 풍경에서 영감을 얻은 놀라운 환경을 탐험해 보세요.

도전 욕구를 자극하는 퍼즐과 탐험

• 중력 조작, 파괴, 환상 등 린의 힘을 활용해 동료와 함께 흥미진진한 퍼즐을 풀어 보세요.
• 더블 점프, 대시, 중력 제어 등 다양한 이동 메커니즘을 활용해 세계를 탐험하세요. 챕터마다 새롭고 독특한 도전 요소가 준비돼 있습니다.

영화 같은 비주얼과 현실감 넘치는 판타지

• Echoes of the End와 함께 깊이 있고 세밀한 묘사가 돋보이는 독창적이고 현실적인 판타지 세계에 푹 빠져 보세요.
• 캐릭터 중심의 이 모험 이야기는 모션 캡처로 구현된 연기, 정교하게 디자인된 캐릭터 모델, 놀라울 정도로 정교하게 제작된 환경을 통해 잊을 수 없는 감동을 선사합니다.
• 에이마의 숨겨진 역사를 탐험하고, 깨지지 않는 유대를 형성하고, 잠재된 마법의 힘을 활용해 국가의 운명을 결정하세요.",Echoes of the End,Deep Silver,https://image.api.playstation.com/vulcan/ap/rnd/202505/1207/d8338b65104a9134193bee4138e7c56f0d7ccaae615086be.jpg?w=1920,어드벤처,playstation
Find Sort Match,https://store.playstation.com/ko-kr/concept/10015552,2025-08-28,https://image.api.playstation.com/vulcan/ap/rnd/202507/2412/5a240f20a7a123a8da999781b51dfc055ea4dd09f3e67541.jpg?w=1920,"Find, Sort, Match는 주의력, 창의성, 논리적 사고를 향상시키는 편안한 퍼즐 게임입니다. 각 단계마다 상자를 풀고, 냉장고를 채우고, 색을 맞추는 등 새로운 시나리오가 기다립니다.

정돈과 디테일을 좋아하는 사람들에게 완벽한 게임으로, 단순한 색상 분류부터 복잡한 순서까지 다양한 정리 과제를 제공합니다. 플로피디스크를 정렬하거나, 뷰티 아이템을 정리하거나, 케이크를 배열하는 세심한 즐거움이 있습니다.

다양한 활동:
★ 병, 스티커, 숟가락, 문구류 정리
★ 전구와 오브젝트 정확하게 배치
★ 세밀한 그림 완성
★ 컬러 타일과 블록 퍼즐 배열
★ 상품과 아이템 완벽 매치

Find, Sort, Match는 캐주얼 퍼즐 팬부터 고난이도 퍼즐 애호가까지 모두 만족할 수 있는 레벨을 제공합니다. 집중력, 기억력, 문제 해결 능력을 차분하게 향상시키세요.",Find Sort Match,APPWILL COMPANY LTD,https://image.api.playstation.com/vulcan/ap/rnd/202507/2412/5a240f20a7a123a8da999781b51dfc055ea4dd09f3e67541.jpg?w=1920,"퍼즐, 캐주얼, 퍼즐",playstation
Firefighting Simulator: Ignite,https://store.playstation.com/ko-kr/concept/10008409,2025-09-09,https://image.api.playstation.com/vulcan/ap/rnd/202502/1911/634a7882424bf90da5f93bb0bd597a965b39c9fefb05c661.jpg?w=1920,"소방 시뮬레이터를 사전 주문하세요: 지금 이그나이트하고 개 시미와 전용 헬멧이 포함된 소방서 컴패니언 팩을 무료로 받으세요.


힘을 합쳐 화재를 진압하라. Firefighting Simulator: Ignite에서 다양한 미국 중서부 도시의 소방관으로 거듭나 대원들과 함께 힘을 합쳐 자신의 한계를 시험하는 예측 불가능한 위험과 화재에 맞서 싸우며 생명을 구조하세요. 직관적인 협동 멀티플레이어 모드에서 3명의 친구 또는 NPC 대원과 함께 놀라운 그래픽으로 구현된 화재 진압 현장을 경험하세요. Unreal Engine 5 기반의 최첨단 물리 및 그래픽 시스템이 실시간으로 구현하는 맹렬한 불길과 열기, 연기에 맞서며 전에 없는 방식으로 소방 활동에 푹 빠져보세요.

경력을 쌓아가며 고립된 시민, 전기 화재, 가연성 액체, 기름으로 인한 화재, 백드래프트, 섬락, 폭발 등 다양한 상황에 도전하세요. 소방용 호스, 전기톱, 할리건 장비, 도끼, 소화기 등 실제와 같이 구현된 소방 도구로 무장하고 충실한 고증을 바탕으로 구현된 소방차와 사다리차를 활용하세요. 적절한 소방 전략을 정확하게 수행해 격렬한 화마를 제압하세요. 임무마다 환기를 통한 화재 확산 방지, 과열된 물체 냉각, 장애물 제거, 공기 흐름 감소, 올바른 소화 약제 선택 등 실전과 같은 화재 진압 전략이 필요합니다. 그리고 닫힌 문을 뚫고 들어오는 엄청난 양의 연기처럼 대형 참사를 유발할 수 있는 현장의 위험 요소도 항상 주의하세요.

하지만 너무 걱정할 필요는 없습니다. 평상시 소방서에서 올바른 화재 진압 방법과 장비 사용법을 배울 수 있으니까요. 임무가 없을 때는 휴식을 취하며 충실하게 재현된 Rosenbauer 소방차를 둘러보고 다음 임무를 선택하세요.

그러면 긴급 신고가 접수됐을 때 가장 빠른 경로로 현장에 도착해 화재를 진압하고 대원들과 함께 사람들을 구할 수 있습니다.

일상생활 속 영웅: 미국 소방관으로 거듭나세요
불타는 열정: 싱글플레이어 또는 멀티플레이어 모드에서 맹렬한 화재에 맞서 싸우세요
팀워크: 4인 협동 모드
힘을 합쳐 화재를 진압: 싱글플레이어 모드에서는 NPC 대원들과 힘을 합치세요
충실한 고증: HAIX®, Fire-Dex, STIHL, Leatherhead Tools 등 미국을 대표하는 소방 장비를 사용해 보세요
신속 대응: TP3® Pumper, Viper®, Roadrunner 68 등 라이선스를 받아 현실과 똑같이 구현된 Rosenbauer America 소방차를 운전하세요
소방관 커리어: 6가지 캐릭터와 다양한 소방관복 세트 중에서 선택하세요
소방서: 화재 진압 실력을 키우고 다음 긴급 임무를 선택하세요.
시뮬레이션: Unreal Engine 5 물리 엔진을 기반으로 불길, 열기, 물, 연기가 실제와 같이 구현되었습니다
콘솔 모딩: Mod.io 허브에서 새로운 모딩 미션을 다운로드해 플레이하세요",Firefighting Simulator: Ignite,ASTRAGON ENTERTAINMENT GMBH,https://image.api.playstation.com/vulcan/ap/rnd/202502/1911/634a7882424bf90da5f93bb0bd597a965b39c9fefb05c661.jpg?w=1920,시뮬레이션,playstation
Fling to the Finish,https://store.playstation.com/ko-kr/concept/10007867,2025-09-05,https://image.api.playstation.com/vulcan/ap/rnd/202404/1606/5c4aa319dbc7b3896549f27f8a63f56bcdd50fa659b614de.png?w=1920,"무엇인가요?
Fling to the Finish에서는 두 명의 플레이어가 탄력 밴드로 연결된 한 팀이 되어 알록달록하면서도 혼란스러운 방해물 코스를 통과해야 합니다.

친구와 함께 처음으로 게임을 시작하면, 지나가며 있는 거의 모든 물건이 이 밴드에 얽히게 됩니다. 하지만 커뮤니케이션 스킬을 발전시키며 이 밴드를 제대로 활용하는 방법을 배워갈 수 있죠.

숙련된 플레이어는 이 밴드를 사용해 아주 위험한 방해물을 넘어가고, 파트너를 튕겨 보내 절체절명의 순간에서 빠져나올 수 있습니다. 파트너가 밴드 활용 방법을 마스터하게 되면, 다른 플랫포머에서는 할 수 없던 곡예도 가능하죠!

온라인 또는 로컬 경주를 통해 다른 플레이어와 경쟁하며 실력을 뽐낼 수 있습니다!

플레이 방법
혼자 또는 온라인으로 플레이하세요. 로컬 또는 온라인 협동 모드로 함께하세요. 로컬 화면 분할로 친구들과 레이스하세요. 자신에게 맞는 방식으로 Fling to the Finish를 즐기세요.


코스!
Fling to the Finish의 모든 코스는 고유한 테마와 스타일로 이루어져 있습니다. 떠다니는 정원, 거대한 카지노, 벌레로 가득한 소행성 지대까지 다양한 배경에서 경주하며 결승선을 통과하세요! 새로운 방식으로 밴드를 활용하도록 방해물을 배치해 놓았습니다. 그래서 매 순간 놀라우면서도 기억에 남는 경험이 가능하죠. 플레이하면서 경주 트랙도 진화하기 때문에, 매번 흥미진진한 게임을 즐기실 수 있습니다. 다음에 어떤 방해물이 눈앞에 나타날지 모르니까요.

공격!
뒤에 처진 상대는 뚫어뻥이나 추, 사악한 레이저를 사용해 방해합니다. 이런 아이템 덕분에 계속해서 흥미진진한 경주를 즐길 수 있을 뿐만 아니라, 두 플레이어 사이에 실력 차가 있더라도 점수를 낼 수 있습니다.

컨트롤러 공유
말 그대로 파트너에게 묶인 상태에서 진행해야 하는 Fling to the Finish는 진정한 협력 게임을 경험할 수 있게 해줍니다. 원한다면 파트너와 컨트롤러 하나를 공유해 Fling to the Finish를 플레이할 수도 있죠.

이런 컨트롤 방식은 로컬 협력 게임 시 이상적이며, 게임에 또 다른 차원의 재미를 더해줍니다. 현실이 아닌 게임에서만 서로를 밀고 당겨야 한다는 점을 명심하세요!",Fling to the Finish,DAEDALIC ENTERTAINMENT,https://image.api.playstation.com/vulcan/ap/rnd/202404/1606/5c4aa319dbc7b3896549f27f8a63f56bcdd50fa659b614de.png?w=1920,"드라이빙/레이싱, 파티",playstation
Goosebumps: Terror in Little Creek,https://store.playstation.com/ko-kr/concept/10013351,2025-08-29,https://image.api.playstation.com/vulcan/ap/rnd/202506/0913/c88b8479e21a18f478164417019fca72231905ce06bdc615.png?w=1920,"Goosebumps: Terror in Little Creek 속Goosebumps의 오싹한 세계로 입장하세요! 악몽의 마을에 갇힌 어린 십 대인 Sloane Spencer가 되어, R.L. Stine의 전설적인 책 시리즈에 영감을 받은 오싹한 미스터리를 풀고, 사악한 괴물을 상대하며, 유령이 출몰하는 장소를 살펴보세요. 퍼즐을 풀고, 생명체를 피하며, 어둠 속에 도사린 어두운 비밀을 파헤치세요. 수백만 명의 어린 팬들의 마음을 사로잡은 Goosebumps의 오싹한 모험과 유쾌한 복선의 독특한 조합을 경험하면서 말이죠.

주요 게임 특징:

오리지널 GOOSEBUMPS 스토리 – 본 게임만을 위해 제작된 새로운 Goosebumps 미스터리를 경험하세요. Little Creek 마을에 숨겨진 불안한 진실을 밝혀내면서 책 시리즈에서 영감을 받은 새로운 공포를 마주하세요.

긴장감 넘치는 탐색 – Little Creek의 안개로 가득한 거리를 가로지르고, 버려진 극장에서 조심히 움직이며, 비밀이 가득한 어두운 도서관에 몰래 들어가세요. 모든 어둠에는 오싹한 새 서프라이즈가 찾아주길 기다리며 숨어 있습니다.

수수께끼의 도전 – 여러분과 Little Creek의 초자연적 현상 뒤에 있는 진실 사이의 혼란스러운 퍼즐, 상호작용 장치, 영리한 수수께끼로 기지를 시험하세요.

도사린 위협에 한발 앞서세요! 잠행과 노련함으로 끔찍한 괴물을 피하거나 믿을 수 있는 새총과 발견한 유령 책의 도움을 사용해 물리치세요.

미지의 괴물 – 클래식 Goosebumps 공포에서 영감을 받았지만, 완전히 새로운 악몽으로 가득한 경험을 위해 재창조한 끔찍한 괴물들을 상대하세요. 이들의 가차 없는 추적에서 살아남아 그 어두운 근원을 밝혀내세요.

다양한 엔딩 – Sloane과 친구들의 운명을 선택하세요. Little Creek의 공포 뒤에 숨겨진 모든 진실을 파헤칠 수 있나요? 아니면 마을의 미스터리가 여러분을 집어삼킬 겁니다.",Goosebumps: Terror in Little Creek,GAMEMILL ENTERTAINMENT,https://image.api.playstation.com/vulcan/ap/rnd/202506/0913/c88b8479e21a18f478164417019fca72231905ce06bdc615.png?w=1920,공포,playstation
Herdling,https://store.playstation.com/ko-kr/concept/10013966,2025-08-21,https://image.api.playstation.com/vulcan/ap/rnd/202506/0617/e4c283f7ba3070cebc164e3d5f6082e0b0c6feb2bfea23f7.jpg?w=1920,"Herdling은 몰입감 있는 분위기로 찬사를 받은 FAR 게임의 제작사인 Okomotive와 Firewatch의 퍼블리셔인 Panic이 선사하는 새로운 어드벤처 게임입니다.

사랑스러운 짐승 무리와 함께 산맥으로 모험을 떠나보세요. 산길을 오르며 으스스한 위험과 예상 밖의 장애물을 마주하고, 수수께끼가 있는 정상을 향해 나아가야 합니다.

특징:
- 여러 Calicorn 무리를 이끌고, 보호하며, 이들과 사랑에 빠져보세요
- 멋진 풍경의 산맥, 안개가 자욱한 숲, 눈 덮인 고원, 잊힌 계곡을 여행하세요
- 여러 도전과 위협, 가벼운 환경 퍼즐을 해결하며 동물을 몰고 다니는 능력을 키워보세요
- 무리가 돌진하는 흥미진진한 순간에 산맥의 시원한 공기를 느껴보세요
- 몰락한 세상을 가로지르며 신뢰와 생존, 그리고 동료애가 가득한 대화 없이도 느껴지는 감동적인 이야기를 경험하세요",Herdling,Panic,https://image.api.playstation.com/vulcan/ap/rnd/202506/0617/e4c283f7ba3070cebc164e3d5f6082e0b0c6feb2bfea23f7.jpg?w=1920,어드벤처,playstation
Hook: Complete Edition,https://store.playstation.com/ko-kr/concept/10015622,2025-09-03,https://image.api.playstation.com/vulcan/ap/rnd/202508/1115/745320d839478d9c944c07cbfa148ebab3dd1b5ac4b3e855.jpg?w=1920,"Hook으로 궁극의 편안한 퍼즐 게임 컬렉션을 경험하세요: 후크 1과 후크 2가 하나의 패키지로 제공되는 후크: 컴플리트 에디션으로 편안한 시간을 보내세요.

후크 - 직관적인 메커니즘을 사용해 보드에서 모든 후크를 제거하는 것이 목표인 미니멀한 퍼즐 게임입니다. 타이머도 없고 점수도 없으며 차분한 주변 사운드트랙과 함께 스트레스 없는 순수한 게임 플레이를 즐길 수 있습니다.

후크 2 - 동일한 명상 경험을 유지하면서 새로운 메커니즘을 도입하여 도전을 다른 차원으로 확장합니다. 텍스트도, 방해 요소도 없이 몰입감 넘치는 미니멀한 퍼즐만 있습니다.

주요 특징:
- 미니멀하고 편안한 게임 플레이
- 광고, 점수, 시간 제한 없음
- 다크 모드 및 클라우드 저장
- 차분한 앰비언트 사운드트랙
- 개인 개발자가 만든 게임
- Hook으로 긴장을 풀고 마음에 도전하세요: 완전판 - 순수하고 단순하며 만족스러운 퍼즐 경험. 훅을 풀 준비가 되셨나요?",Hook: Complete Edition,ULTIMATE GAMES,https://image.api.playstation.com/vulcan/ap/rnd/202508/1115/745320d839478d9c944c07cbfa148ebab3dd1b5ac4b3e855.jpg?w=1920,"퍼즐, 캐주얼, 두뇌개발",playstation
Into Black,https://store.playstation.com/ko-kr/concept/10013367,2025-08-28,https://image.api.playstation.com/vulcan/ap/rnd/202503/2504/534b758dd8f7ab277dc50596359deb0b3b0a0d640efc1eb8.png?w=1920,"우주 가장자리의 고독한 방랑자, 우주만큼이나 오래된 미스터리, 그리고 단지 차를 만들고 싶어하는 작은 로봇.

Into Black은 신비한 외계 행성의 깊숙한 곳으로 여러분을 데려가는 1인칭 액션 어드벤처입니다. 배를 수리하고 탈출하기 위해 끝없는 어둠을 탐험하고, 귀중한 자원을 채굴하고, 외계 짐승과 싸우세요.

궁극의 Into Black 경험

PlayStation VR2용으로 향상된 Into Black은 다양한 최첨단 기능을 통해 몰입감을 완전히 새로운 차원으로 끌어올렸습니다.

- 리마스터링된 환경 – 손으로 제작한 모든 동굴은 더욱 깊고 분위기 있는 세계를 위해 향상된 기하학, 새로운 세부 사항, 풍부한 텍스처로 세심하게 업그레이드되었습니다.
- 향상된 조명 - 개선된 반사광 및 환경 조명
- 동적 실시간 조명 및 그림자 – 이제 싱글 플레이어에서 깜박이는 횃불의 빛부터 멀티 플레이어에서 빛과 그림자의 혼란스러운 상호작용에 이르기까지 완전한 실시간 그림자를 제공합니다.
- HDR 및 시선 추적 포비티드 렌더링 - 전체 HDR 지원은 놀라운 대비와 선명도를 보장하는 동시에 시선 추적 포비티드 렌더링은 진정한 몰입형 경험을 위해 성능과 이미지 품질을 최적화합니다.
- 고급 햅틱 및 적응형 트리거 - 무기 및 도구에 대한 DualSense 적응형 트리거와 심층적인 햅틱으로 모든 충격을 느껴보세요. 헤드셋 럼블은 현실감을 더해 전투에 깊이를 더해줍니다.

특징:

- 싱글 또는 협동 액션: 최대 3명의 친구와 함께 전체 캠페인을 플레이하거나, 장대한 솔로 모험에 뛰어드세요.
- 생존을 위한 싸움: 어둠 속에 숨어 있는 치명적인 외계 생명체들; 살아남으려면 다양한 강력한 무기를 숙달해야 합니다.
- 완전 성우 캠페인: 심우주 청소부 Ben Mitchell과 그의 불운한 조수 드로이드의 이야기를 따라가며 우주 중심의 미스터리에 빠져보세요.
- 마그마 챔버, 가라앉은 동굴, 미로 터널, 외계인 둥지 등 다양한 독특한 생물 군계에 걸쳐 20개 이상의 레벨을 탐색하세요.
- 자원 수집 및 업그레이드 도구: 캐릭터를 업그레이드하고 선박을 수리하는 데 필요한 자원을 수집하면서 채굴하고, 물건을 찾고, 약탈하세요.
- 'Singularity' PvPvE 모드: 이 온라인 경쟁 모드에서 최대 11명의 다른 플레이어와 대결하세요. 점점 작아지는 미로를 탐색하면서 불안한 동맹을 맺으세요. 전리품을 최대한 많이 모으되 너무 욕심을 부리면 전혀 성공하지 못할 수도 있습니다…

이전과는 전혀 다른 방식으로 Into Black의 깊이를 느껴보세요. PlayStation®VR2용으로 재탄생되었습니다.",Into Black,NEXTGEN REALITY PTY LIMITED,https://image.api.playstation.com/vulcan/ap/rnd/202503/2504/534b758dd8f7ab277dc50596359deb0b3b0a0d640efc1eb8.png?w=1920,"롤플레잉 게임, 액션",playstation
Metal Eden,https://store.playstation.com/ko-kr/concept/10008291,1985-09-13,https://image.api.playstation.com/vulcan/ap/rnd/202501/1516/70a9f0cb513ae1d2bd2dc684f2b121781564f7bff6791160.png?w=1920,"METAL EDEN은 짜릿함이 가득한 SF FPS 게임입니다.
최신 하이퍼 유닛 아스카가 되어 인류의 희망이 담긴 보금자리에서 치명적인 환경으로 변한 거대 집적 도시 뫼비우스로 침투해 시민들의 코어를 구하는 자살 임무를 수행하세요.
사이버네틱 전장에서 내부 방어 부대를 돌파하고, 엔지니어와 맞서며 에덴 프로젝트에 감춰진 비밀을 밝혀내세요.

사이버네틱 전장

사이버네틱 전장에 뛰어들어 인공물로 이루어진 세계의 비밀을 지키는 기계 부대와 맞서세요.
강하고 민첩한 기계 부대 및 원소 병력 등 다양한 적과 싸우세요. 에너지 코어를 추출하고 내부 방어 부대의 보호막을 파괴해 전투 지역에서 우위를 점하세요. 다양한 무기와 전투 능력을 개발해 무적의 하이퍼 유닛으로 거듭나세요.

하이퍼 유닛 아스카

여러분은 팬텀 코어를 동력으로 움직이는 보호 및 정찰 임무에 특화된 최신 전투형 안드로이드, 하이퍼 유닛입니다. 대시, 그래플, 월 러닝 등 뛰어난 파쿠르 스킬을 사용해 내부 방어 부대를 돌파하세요. 뛰어난 민첩성과 유연한 전투 기술을 활용해 위기 상황을 돌파하세요. 장갑을 두른 램볼로 변신해 적진에 돌격하고 치명적인 신형 기계 부대를 상대하세요. 그래비티 훅과 제트팩으로 하늘을 제압하고, 전장을 장악하세요.

사라진 낙원

지표 위에 위치하며 신비한 하이브 타워를 지키는 거대 집적 도시 뫼비우스, 정체불명의 엔지니어가 운영하던 희망찬 인류의 새 보금자리여야 할 이곳은 이제 치명적인 환경으로 변모하였습니다.
잔혹한 환경으로 가득한 버려진 궤도 도시와 그 아래 위치한 신비한 세계, 벌컨을 탐험하세요. 하이퍼 유닛 아스카가 되어 강화 저장 장치에 보존된 사라진 인류 식민지의 의식을 둘러싼 끝없는 갈등 속으로 뛰어드세요.",Metal Eden,Deep Silver,https://image.api.playstation.com/vulcan/ap/rnd/202501/1516/70a9f0cb513ae1d2bd2dc684f2b121781564f7bff6791160.png?w=1920,"슈팅, 액션",playstation
NODE: The Last Favor of the Antarii,https://store.playstation.com/ko-kr/concept/10014864,1985-09-13,https://image.api.playstation.com/vulcan/ap/rnd/202507/1001/c327119f0d071208b1df3b56d570eaafba09fe6e2ecd516c.jpg?w=1920,"방사능과 비밀로 가득한 버려진 세계, 단 하나의 인공지능이 구원의 열쇠이자 몰락의 경계선에 서 있다. 과거의 메아리가 이세계적 뒤틀림과 만나는 음산한 핵 미궁, 토스카를 탐험하라. 미지의 존재를 이겨내고 우리 모두를 구할 수 있을까?

NODE: 안타리가 남긴 마지막 호의에 발을 들여보세요. 냉전 시대의 폐허가 된 핵 시설을 무대로 한 2.5D 퍼즐 플랫폼 게임입니다. 당신은 자율 인공지능 NODE를 조작해, 붕괴 직전의 소련 유적을 탐험해야 합니다.

명령을 계획하고, 순서를 조정하며, 시간 기반 퍼즐을 풀어나가며 인류의 운명이 걸린 우주적 미스터리를 밝혀내세요. 모든 선택이 이야기를 바꾸고, 모든 재도전이 전략을 날카롭게 만듭니다.

타임라인 기반 내비게이션
NODE를 정밀하게 조작하세요. 플랫폼 게임의 퍼즐에 새로운 방식을 도입한 이 게임에서는, 시간의 흐름 속에서 행동을 순차적으로 계획합니다. 점프, 스위치 조작, 회피 등을 타이밍에 맞게 실행하며 위험한 체크포인트를 돌파하세요. 되풀이하고, 조정하고, 완벽하게 계획하세요. 모든 퍼즐은 두뇌를 자극하는 도전입니다.

차가운 핵 그림자
냉전 시기의 음산한 소련 핵 시설을 배경으로, 역사와 괴이한 SF 요소가 충돌합니다. 2D와 3D를 혼합한 리얼한 그래픽, 풍부한 시각적 스토리텔링, 정교한 레벨 디자인은 비밀로 가득 찬 세계를 만들어냅니다. 다이내믹한 조명과 섬뜩한 분위기의 사운드가 몰입감을 더합니다.

모든 단어가 기록되고, 모든 선택이 저장됩니다.
갈라진 자유 의지와 프로그램된 응답 사이, 당신의 선택이 이야기를 만듭니다. 모든 대화는 감시되고, 조작되며, 기억됩니다. NODE에서 당신의 선택은 단지 들리는 것이 아닙니다. 기록됩니다.

더 깊이 파고들기. 더 많은 발견.
NODE는 더 깊이 보는 자에게 보상을 줍니다. 표면 아래에는 숨겨진 도전 과제, 비밀 경로, 다층적인 이야기들이 존재합니다. 명확해 보이는 것에 의문을 던지는 이들에게, 세계의 역사와 건축에 대한 더 깊은 통찰을 제공합니다. 모든 우회로는 퍼즐러에게 새로운 발견을 약속합니다.","NODE: The Last Favor of the Antarii,NODE: 안타리가 남긴 마지막 호의",BEEP JAPAN INC.,https://image.api.playstation.com/vulcan/ap/rnd/202507/1001/c327119f0d071208b1df3b56d570eaafba09fe6e2ecd516c.jpg?w=1920,액션,playstation
Oh,https://store.playstation.com/ko-kr/concept/10016039,1985-09-13,https://image.api.playstation.com/vulcan/ap/rnd/202507/1314/b0e8acbfacbdf8407b0419a4ed3a98415de628c2a0a8796c.png?w=1920,"Oh, Canada!는 빠르게 진행되는 퀴즈 게임으로, 고위험 게임쇼 스타일로 캐나다에 대한 당신의 지식을 시험합니다. 캐나다의 지리, 역사, 대중문화 등을 포함한 40개 이상의 정선된 문제 중 15개의 점점 더 어려워지는 질문에 답하면서 $100에서 가상의 $1,000,000까지 도전하세요. 친구에게 전화, 관객에게 묻기, 50/50 등의 생존 기회를 활용하고, 완전한 게임패드 지원과 극적인 사운드트랙으로 긴장감을 유지하세요. 자랑스러운 캐나다인이든, 단순히 호기심 많은 사람이든, Oh, Canada!는 당신의 거실에 퀴즈 나이트의 즐거움을 선사합니다。","Oh, Canada!",GGMUKS INC.,https://image.api.playstation.com/vulcan/ap/rnd/202507/1314/b0e8acbfacbdf8407b0419a4ed3a98415de628c2a0a8796c.png?w=1920,퀴즈,playstation
Particle Hearts,https://store.playstation.com/ko-kr/concept/10013740,2025-08-26,https://image.api.playstation.com/vulcan/ap/rnd/202507/0501/5bcf66bc3e621036c3f6e6ce7b9d2b1ad52b5335e7882a7d.png?w=1920,"입자의 세계
파티클 하츠는 입자로만 이루어진 세계를 탐험할 수 있는 3인칭 어드벤처 게임입니다. 특수 능력을 사용해 입자를 조종하고, 퍼즐을 풀고, 추적을 따돌리며 아름답고도 불길한 땅을 헤쳐 나가세요.

우정 또는 싸움
여행 도중 다양한 생물과 만나 여러분이 해야 할 일을 알아내는 데 도움을 받을 수도 있지만, 그 비밀을 숨기려는 자들도 있을 것입니다.

숨겨진 진실
기억을 모으고, 숨겨진 길을 찾고, 이 땅과의 연결점을 조합해 이면의 진실을 파헤쳐 보세요.

핵심 특징
■ 여러 능력을 획득해 주위의 입자를 조종할 수 있습니다.
■ 능력을 사용해 퍼즐을 풀거나, 적에게서 도망치거나, 숨겨진 지역에 들어갈 수 있습니다.
■ 오픈 월드에서 원하는 곳을 자유롭게 탐험할 수 있습니다.
■ 친구와 적의 경계가 자주 흐려지는 스토리를 체험하세요. 여러분이 이 땅에서 해야 할 일을 밝히도록 돕는 다양한 생물을 만날 수 있습니다.",Particle Hearts,"FirstBlood Technologies, Inc.",https://image.api.playstation.com/vulcan/ap/rnd/202507/0501/5bcf66bc3e621036c3f6e6ce7b9d2b1ad52b5335e7882a7d.png?w=1920,어드벤처,playstation
Prison Architect 2,https://store.playstation.com/ko-kr/concept/10007831,1985-09-13,https://image.api.playstation.com/vulcan/ap/rnd/202311/0713/7ca5e6561f7270b69183c0ee0e1d5e76f4dbf4ee35cf6572.jpg?w=1920,"건축가 여러분, 환영합니다

Prison Architect 2에서 나만의 교도소를 세우고 발전시켜 보세요. 클래식 감옥 건설 게임이 3D로 나왔습니다. 통제는 여러분의 몫이죠!

주요 특징:

세계 최강의 교도소 게임 - 이제 3D로!
클래식 Prison Architect 플레이 스타일로 자원을 사용해 나만의 감옥을 건설, 관리, 통제하세요. 이제 3차원으로 생동감 넘치는 플레이가 가능하답니다! 감옥 구석구석을 설계하고 일과부터 급식 정책에 이르기까지 모든 것을 관리하고 감옥의 안전과 자급자족을 도모하세요.

궁극의 교도소 건설
여러 층에 걸쳐 감옥의 모든 인프라를 구축하고 엄청난 양의 멋진 도구를 사용해 최첨단 교정 시설을 건설하세요. 감옥의 설계는 재소자의 일거수일투족에 영향을 미칩니다. 그러니 알맞은 계획을 세워야겠죠!

사상 최고로 영리한 재소자
각 재소자에게는 저마다의 계획이 있습니다. 이제 재소자들이 행동에 변화를 주는 개별 관계를 형성하고, 욕구와 필요에 따라 의사결정을 내리고, 그 어느 때보다 각자의 갈 길을 진지하게 모색합니다. 재소자들이 상호작용하며 감옥 일과를 수행하는 모습을 지켜보세요. 내가 내리는 결정이 재소자의 교정 과정에 도움이 될 수도, 해가 될 수도 있다는 점을 기억해야 합니다. 재소자는 감옥과 어떤 관계를 맺을까요?

감옥의 왕
처음부터 하나하나 진정한 기관을 만들어 보세요. 새로 업그레이드된 커리어 모드로 개성 있는 교정 시설을 건설해 새로운 세계 지도를 누빌 수 있습니다. 나의 감옥은 교화의 상징이 될까요, 징벌의 상징이 될까요? 그리고 제일 중요한 문제, 감옥이 적자가 되지는 않겠죠?

행동에는 결과가 따른다
내가 내리는 선택이 감옥의 운명을 좌지우지하게 됩니다. 재소자, 교도소 정책, 건축 등 다양한 사안에 더 통제권을 쥐면 상황이 더 잘 풀리겠죠... 아닐 수도 있지만요! 계획을 신중히 세우지 않으면 탈옥과 갱단 전쟁, 거기에 비용, 기물 파손 문제까지 맞닥뜨리게 될지도 몰라요.",Prison Architect 2,PARADOX GAMES INC,https://image.api.playstation.com/vulcan/ap/rnd/202311/0713/7ca5e6561f7270b69183c0ee0e1d5e76f4dbf4ee35cf6572.jpg?w=1920,"전략, 시뮬레이션",playstation
Project Motor Racing,https://store.playstation.com/ko-kr/concept/10011465,2025-11-25,https://image.api.playstation.com/vulcan/ap/rnd/202507/0311/0dd689d6da946feec9b79dd15d31771bff8c8667b9c39d4e.png?w=1920,"지금 예약 주문하시면 추가 비용 없이 PMR - GTE Decade Pack DLC를 받으실 수 있습니다.


Project Motor Racing은 프로 모터스포츠의 열정과 아름다움, 강렬함을 완벽하게 구현합니다.

최고만을 경험하라
여러 시대를 아우르는 10개의 상징적인 클래스와 27개의 글로벌 트랙에서, 정교하게 재현된 총 70+대의 자동차로 질주하세요.

* 자동차: 현대의 혁신적인 LMDh 하이퍼카부터 모터스포츠 역사상 가장 상징적인 전설까지, 모든 차량이 공식 라이선스를 받은 걸작입니다.
* 서킷: 스캔을 통해 궁극의 정확도와 현실감을 선사합니다.

누구나 즐길 수 있는 레이싱
Project Motor Racing은 숙련된 시뮬레이션 레이서부터 입문자에 이르기까지 모두를 위한 경험을 제공합니다.
* 싱글 플레이어 커리어
* 온라인 레이싱 모드
* 게임 내 이벤트
* 4개 클래스가 어우러지는 레이스 경험

진화한 시뮬레이션
* 퍼스트 프린시플 피직스: 새로운 물리 엔진이 비교 불가능한 수준으로 현실적인 핸들링과 적확한 포스 피드백을 제공합니다.
* 새로운 기준이 되는 물리 엔진: 모딩 친화적인 GIANTS Engine 10을 기반으로 구축되었습니다.
* 팩토리 드라이버 프로그램: 모든 자동차의 핸들링을 브랜드 파트너 및 세계 최정상급 프로 레이서 100여 명이 직접 테스트하고 승인했습니다.
* 몰입형 사운드 디자인: 모터스포츠의 거칠고 강렬한 사운드를 이제껏 경험하지 못한 수준으로 구현했습니다.

한 순간도 놓치지 않는다
* 중력가속도, 아지랑이 등을 볼 수 있는 """"살아 숨 쉬는"""" 콕핏.
* True2Track
- 동적 날씨 변화
- 적응형 레이싱 라인 및 드라잉 라인
- 24시간 밤낮 주기",Project Motor Racing,Giants Software GmbH,https://image.api.playstation.com/vulcan/ap/rnd/202507/0311/0dd689d6da946feec9b79dd15d31771bff8c8667b9c39d4e.png?w=1920,드라이빙/레이싱,playstation
SCP-087 THE STAIRWELL HORROR VR,https://store.playstation.com/ko-kr/concept/10015743,2025-08-12,https://image.api.playstation.com/vulcan/ap/rnd/202506/0910/f87093dce7b9034488cdcdd6d9b1e5b6b5285de8cb68b46c.jpeg?w=1920,"안건:대소문자 대소문자 대소문자 대소문자
객체 클래스:유클리드

특수 격리 절차:
대상의 출입은 3 급 보안 허가를 받은 인원에게만 제한된다. 대상의 탐사는 최대 60 분으로 제한되며,탐사를 위해 디 클래스 인원을 사용하여 수행한다.

세부 정보:
대상은 계단과 비슷한 변칙적인 구조를 말한다. 계단 끝으로 도달하려는 시도는 실패했습니다.실험 대상자들은 구조물에 들어갔을 때 억압적인 분위기를 보고했습니다. 청각 환각,특히 멀리 떨어져 있고 괴로워하는 목소리의 소리가 자주 보고된다. 빛의 원천은 구조 내에서 몇 미터 이상 효과적으로 작동하지 않습니다.주변 어둠은 모든 조명을 흡수하는 것처럼 보입니다.

문서 087-0:
이 문서에서는 대상의 초기 활동을 상세히 설명하고 있다.

이것은 단지 시뮬레이션이 아닙니다. 그것은 테스트입니다.
모든 에코,빛의 모든 깜박임,그리고 당신 뒤의 모든 속삭임은 현실감을 느낍니다.
당신은 충분히 깊이 가서 그것을 다시 만들 수 있습니까?",SCP-087 THE STAIRWELL HORROR VR,CGI LAB SRL,https://image.api.playstation.com/vulcan/ap/rnd/202506/0910/f87093dce7b9034488cdcdd6d9b1e5b6b5285de8cb68b46c.jpeg?w=1920,"퍼즐, 공포, 액션",playstation
Steampunch: Lost Tombs,https://store.playstation.com/ko-kr/concept/10016081,2025-08-14,https://image.api.playstation.com/vulcan/ap/rnd/202507/2318/beb4d15b42ca70d19773c4c6c8f2e14da86a8a9a2fd15f92.png?w=1920,"Steampunch: Lost Tombs는 시리즈의 두 번째 게임으로, 간단한 전투, 레버를 활용한 진행, 정밀한 움직임이 특징인 캐주얼 2D 플랫폼 게임입니다. 달리고, 점프하고, 8방향으로 돌진하며 위험한 유적을 탐험하고 유물을 수집해 다음 스테이지로 나아가세요.
당신은 잃어버린 고대 문명의 비밀을 밝히려는 모험가입니다. 하지만 길에는 똑똑한 적들, 함정, 그리고 창의력과 기술이 필요한 장애물들이 가득합니다. 적은 한 번의 공격으로 쓰러뜨릴 수 있지만, 빠르게 움직여야 합니다.
총 30개의 스테이지는 세 가지 지역으로 구성되어 있습니다: 잉카 및 아즈텍에서 영감을 받은 고대 유적, 물에 잠긴 사원, 그리고 로봇만이 남은 사막. 난이도는 점점 높아지며 지금까지 배운 모든 것을 활용해야 합니다.
빠른 템포의 플랫폼 게임과 퍼즐, 그리고 모험을 좋아한다면 Steampunch: Lost Tombs가 딱 맞는 선택입니다.",Steampunch: Lost Tombs,Afil Games,https://image.api.playstation.com/vulcan/ap/rnd/202507/2318/beb4d15b42ca70d19773c4c6c8f2e14da86a8a9a2fd15f92.png?w=1920,"어드벤처, 캐주얼",playstation
The Sinking Forest - 沈んだ森,https://store.playstation.com/ko-kr/concept/10013232,1985-09-13,https://image.api.playstation.com/vulcan/ap/rnd/202504/2822/cec77842bc8c4a15e1925ddb29997c0271235d4d899d26e7.jpg?w=1920,"The Sinking Forest - 沈む森 - 는 일본 심리 공포 게임입니다.
내 여동생 사유리가 실종되었고 며칠째 전화도 받지 않습니다. 반드시 찾아야 합니다!

게임 특징:

환상적인 그래픽.
비극적이고 음산한 공포 이야기.
적이 당신을 죽일 수 있는 서바이벌 호러 (당신도 스스로를 방어할 수 있음!).
뛰어난 분위기를 자랑하는 일본 숲과 마을 배경.
적이 당신을 죽일 수 있습니다.",The Sinking Forest - 沈んだ森,Dojo System S.L.,https://image.api.playstation.com/vulcan/ap/rnd/202504/2822/cec77842bc8c4a15e1925ddb29997c0271235d4d899d26e7.jpg?w=1920,공포,playstation
Tobacco Business Simulator,https://store.playstation.com/ko-kr/concept/10015997,2025-08-08,https://image.api.playstation.com/vulcan/ap/rnd/202506/2607/4c6096fff134f4f2f6404ea67219b89b4f96a13f819de31c.jpg?w=1920,"담배 비즈니스 시뮬레이터에서는 담배 한 개비, 한 갑, 한 구매가 모두 중요한 전문점을 운영하게 됩니다. 롤링 페이퍼부터 프리미엄 시가, 세련된 라이터에 이르기까지 다양한 상품을 구비하고, 매장을 꾸미고, 고객이 다시 찾아올 수 있도록 하는 것이 여러분의 임무입니다.

맨손으로 시작하여 번화한 담배 가게로 성장시켜 보세요. 진열대를 디자인하고, 가격을 조정하고, 재고를 관리하고, 고객 수요에 한발 앞서 대응하세요. 밀려드는 주문을 처리할 직원을 고용하고, 장비를 업그레이드하고, 희귀하고 소장 가치가 있는 아이템으로 제품 라인을 확장하세요.

일반 흡연자부터 애호가까지 다양한 고객층을 대상으로 서비스를 제공하려면 좋은 맛과 현명한 선택, 화려한 재떨이 몇 개만 있으면 됩니다.",Tobacco Business Simulator,"""Oriplay"" S.R.L.",https://image.api.playstation.com/vulcan/ap/rnd/202506/2607/4c6096fff134f4f2f6404ea67219b89b4f96a13f819de31c.jpg?w=1920,시뮬레이터,playstation
ZOE Begone!,https://store.playstation.com/ko-kr/concept/10012728,1985-09-13,https://image.api.playstation.com/vulcan/ap/rnd/202503/1718/6dc63125a23f121072210725b615d29ac89447f9da454252.jpg?w=1920,"ZOE Begone!은 루프형 아레나에서 런앤건 메커니즘과 고전 슈팅 액션을 결합한 게임입니다. 1930년대 필름 위에 그려진 애니메이션에서 영감을 받아, 총을 쏘고, 대시하고, 애니메이터의 창조물을 분쇄하세요.

조이는 단지 평화로운 시간을 원하지만, 휴식을 취하기 전에 성가신 애니메이터를 처리해야 합니다.

애니메이터의 도구를 파괴하고, 그들의 창조물을 산산조각 내고, 파워업에 사용할 사과를 모으고, 배수를 쌓아 조이가 평온한 일상으로 최대한 빨리 돌아갈 수 있도록 도와주세요 (그리고 하이스코어도 노려보세요)!

특징:

탐험할 수 있는 3가지 멋진 게임 모드!

모든 플레이어를 위한 난이도 옵션!

메커니즘을 마스터하고 온라인 리더보드의 정상에 도전!

ZOE에게 우위를 제공하는 파워업과 업그레이드!

놀랍도록 아름다운 손그림 비주얼과 부기 사운드트랙!",ZOE Begone!,PM Studios,https://image.api.playstation.com/vulcan/ap/rnd/202503/1718/6dc63125a23f121072210725b615d29ac89447f9da454252.jpg?w=1920,액션,playstation
SpongeBob SquarePants: Titans of the Tide,https://store.playstation.com/ko-kr/concept/10013086,2025-11-18,https://image.api.playstation.com/vulcan/ap/rnd/202506/3014/038072da154eb3f3999768aee5f6f07aecd3f573e2b2823e.jpg?w=1920,"English/Chinese/Korean/Japanese Ver.

지금 예약 주문하고 자연 그대로의 아름다움을 담은 플레이어 의상을 잠금 해제하세요. 찢어진 바지와 알몸 뚱이입니다!

포함 콘텐츠:
바다의 거인들
바다의 거인들: 자연인 의상 팩


칠대양에서 가장 자존심이 센 두 존재의 싸움을 어떻게 막아야 할까요? 바다도깨비와 용왕이 충돌하며 비키니 시티 전역에 오싹한 대혼란이 퍼졌습니다. 스폰지밥과 뚱이는 모든 힘과 용기, 그리고 굳이 덧붙이자면... 재치까지 끌어모아야 합니다. 바다속 세상의 평범한 일상을 되찾아야 하니까요! 비키니 시티의 가장 악명 높은 콤비와 함께 최고로 오싹한 모험을 떠나보세요!

스폰지밥과 뚱이 사이를 마음껏 오가며 플레이하세요.
스폰지밥과 뚱이의 독특한 플랫포밍 능력을 조합하세요.
뚱이의 새 능력인 갈고리와 땅 파기의 달인이 되어보세요!
오싹한 새 이야기를 경험하세요.
프로그램 오리지널 출연진이 전체 더빙에 참여했습니다!
용궁, 비키니 산 같은 명소를 방문해 보세요.
바다도깨비, 용왕, 겨울잠 다람이 등 엄청난 보스들과 맞서 싸우세요.","SpongeBob SquarePants: Titans of the Tide,네모바지 스폰지밥: 바다의 거인들",THQ NORDIC GAMES GMBH,https://image.api.playstation.com/vulcan/ap/rnd/202506/3014/038072da154eb3f3999768aee5f6f07aecd3f573e2b2823e.jpg?w=1920,액션,playstation
Quit Today,https://store.playstation.com/ko-kr/concept/10014435,2025-10-23,https://image.api.playstation.com/vulcan/ap/rnd/202506/2410/baf3e3bb4a7d00ce2e24905847647e496e391f90327c2229.png?w=1920,"《즉시 퇴사》은 직장을 무대로 한 비뎀업 횡스크롤 액션 게임입니다.
짜증나는 상사와 동료들과 ‘퇴직’을 건 초대형 배틀에 도전하세요!

스토리:
지금 당장 정장을 벗어 던지고, 자유를 되찾아라!

평범해 보였던 어느 아침. 평소처럼 출근한 당신에게,
직장 동료들은 왜인지 """"오늘 퇴사할 사람""""이라 믿고, 가차 없이 공격해 온다!

무슨 일이 벌어지고 있는지 알아내기 위해, 당신은 서류가방을 무기 삼아 사무실에서의 전투에 나선다.
그리고 마침내 결심한다 — 이 회사를 박살내고, 즉시 퇴사!

랜덤 스킬:
지옥 같은 직장에서 자신을 단련하고,
습득한 스킬을 활용해 살아남아라!

다양한 아이템:
명함, 볼펜, 영수증—
사무실에 있는 모든 것이 무기가 된다!

파트너 소환:
깊은 어둠이 드리운 직장에도, 미세한 온기는 존재한다.
곤란할 때는, 당신을 전력으로 서포트해 줄 동료가 있다!","Quit Today,즉시 퇴사","Justdan International Co., Ltd.",https://image.api.playstation.com/vulcan/ap/rnd/202506/2410/baf3e3bb4a7d00ce2e24905847647e496e391f90327c2229.png?w=1920,액션,playstation
