title,url,date,imageurl,description,autokwd,company,screenshot,tag,platform
My Little Universe,https://www.xbox.com/ko-kr/games/store/my-little-universe/9MT5C35CCP0Q,2025-04-03,https://store-images.s-microsoft.com/image/apps.51202.13814991725076229.eeddf11e-e98e-44d9-b44f-af19f8bcbec2.2c667146-a43a-4e49-8e7c-78d2e16d5d19,"우주를 넘어 더 먼 곳으로 향하세요!
방대한 우주는 무한한 모험, 풀어야 할 미스터리, 싸워야 할 적들로 가득 차 있어요... 혹시 누가 알겠어요? 친한 친구들을 만날 수 있을지도 모르죠. 게다가 분할 화면으로 플레이하는 로컬 협력 모드에서 최대 3명의 친구와 여정을 함께할 수 있어요. 여행은 함께하면 더 재미있는 법이니까요!

탐험하라!
신화에서 영감을 받은 땅과 적대적인 외계인들의 세계를 포함한 9가지의 신화 기반 세계와 65개 이상의 다양한 던전이 여러분과 여러분의 친구를 기다려요. 여러분은 신비와 재물이 가득하고, 수많은 도전과 난관이 기다리는 이 세계에 과거의 영광을 가져다 줘야 해요!

자원을 수집하라!
이 세계에는 풍부한 광물이 가득해요. 믿음직스러운 도구로 자원을 채취할 수 있죠. 또한 봉인된 힘을 지닌 신비로운 유물을 강력한 적들이 지키고 있어요. 70가지 이상의 수집 가능한 자원을 사용하여 신비로운 위협의 손에 사라진 땅을 복원하세요.

도전에 당당히 맞서라!
우주를 되살리기는 쉽지 않을 거예요. 모든 도전을 성공적으로 완수하려면 적절한 도구가 필요하죠. 믿음직스러운 곡괭이, 날카로운 검, 튼튼한 도끼로 신비로운 생물체, 외계 괴물, 심지어는 반신 등 150가지 이상의 다양한 적들에 맞서야 해요!

장비를 업그레이드하라!
각 행성에서는 새로운 도전 과제가 등장해요. 따라서 가장 뛰어난 최신 도구로 업그레이드하여 준비를 단단히 해야 하죠. 그러면 한발짝 앞서서 적들에 맞설 수 있어요! 무기, 도구, 방어구를 30레벨 이상의 고레벨로 강화하세요!

모험을 마음껏 즐겨라!
게임의 아늑한 분위기에 푹 빠져서 마음의 안정을 가져다 주는 사운드트랙을 들으면서 단순하면서도 인상깊은 그래픽을 즐기세요. 이렇게 여정을 펼치면서 친구들을 사귀는 거예요!",My Little Universe,SayGames,"https://store-images.s-microsoft.com/image/apps.51202.13814991725076229.eeddf11e-e98e-44d9-b44f-af19f8bcbec2.2c667146-a43a-4e49-8e7c-78d2e16d5d19,https://store-images.s-microsoft.com/image/apps.14692.13814991725076229.eeddf11e-e98e-44d9-b44f-af19f8bcbec2.5c03a7cc-214a-4444-9ae2-2d940881b785,https://store-images.s-microsoft.com/image/apps.7696.13814991725076229.eeddf11e-e98e-44d9-b44f-af19f8bcbec2.5c609f06-c2d4-48ad-8eaa-3def908cbcbf,https://store-images.s-microsoft.com/image/apps.51473.13814991725076229.eeddf11e-e98e-44d9-b44f-af19f8bcbec2.2af4e60f-bff1-421c-91fd-d2e120a6559a,https://store-images.s-microsoft.com/image/apps.14585.13814991725076229.eeddf11e-e98e-44d9-b44f-af19f8bcbec2.8d128666-da10-472a-b838-6b551468b858,https://store-images.s-microsoft.com/image/apps.21487.13814991725076229.eeddf11e-e98e-44d9-b44f-af19f8bcbec2.19446c18-2d61-4791-9747-76e80ae5142b","시뮬레이션,액션,어드벤처",xbox
Light-It Up,https://www.xbox.com/ko-kr/games/store/light-it-up/9NWGTSFVJ3C4,2025-04-03,https://store-images.s-microsoft.com/image/apps.46266.14449979102903229.8d593d47-02a3-454b-8d39-60b550989db3.eee1cc63-8328-410c-804f-98f7af30fc0c,"In this big, dark world, you're a little stickman with a huge mission. Get ready to ignite the excitement and light your way through an epic adventure! Light up each figure, bringing it to life with vibrant colors. Get ready to test your reflexes and agility as you navigate through this colorful world of shapes and light!

Just when you start to feel like a stickman boss and love that color glow, things get complicated as you jump, flip and pass levels. Color shapes start moving, rotating, and even exploding, and lethal spikes become a constant threat to your little stickman's life. If you miss a jump, if your swing’s a dud, if your flip isn’t on point, or if you hit a spike… you fall into oblivion!

Features:
- jump, flip, slide and swing as a little stickman 
- light up 150 levels! 
- think how to use obstacles to your advantage 
- avoid falling and touching the spikes 
- use 3 different boosters when you have trouble passing any of the levels
- collect stars to unlock next levels
- listen to satisfying sounds as shapes become lit up 
- unlock and wear all the skins that will make your stickman look awesome!

So what do you say, stickman? Ready to swing, jump, flip, light-it up and glow, in the brightest of all jumping games?",Light-It Up,QubicGames S.A.,"https://store-images.s-microsoft.com/image/apps.46266.14449979102903229.8d593d47-02a3-454b-8d39-60b550989db3.eee1cc63-8328-410c-804f-98f7af30fc0c,https://store-images.s-microsoft.com/image/apps.2277.14449979102903229.8d593d47-02a3-454b-8d39-60b550989db3.6520b7c4-7d4b-4503-bf2d-d6e8b6f63eef,https://store-images.s-microsoft.com/image/apps.15696.14449979102903229.8d593d47-02a3-454b-8d39-60b550989db3.818e1b56-4507-4e93-8bc5-12fbd0b4a306,https://store-images.s-microsoft.com/image/apps.56668.14449979102903229.8d593d47-02a3-454b-8d39-60b550989db3.631ebd73-0b5e-4a3d-8486-a24dc47a451b,https://store-images.s-microsoft.com/image/apps.55279.14449979102903229.8d593d47-02a3-454b-8d39-60b550989db3.efa00836-6153-4de2-ba13-504b2019099f,https://store-images.s-microsoft.com/image/apps.2382.14449979102903229.8d593d47-02a3-454b-8d39-60b550989db3.af2041eb-025b-4a5c-99a4-41bda7f76091",플랫포머,xbox
Spirit Valor,https://www.xbox.com/ko-kr/games/store/spirit-valor/9PJ9988PQP0P,2025-04-03,https://store-images.s-microsoft.com/image/apps.21082.14215708864377966.389b4904-a85a-494b-8b7f-46b15776cfbf.af9fca05-f36c-4ee0-aab7-d2f14334186e,"Spirit Valor에서 당신은 마법과 운명 사이에서 고군분투하는 영혼이 됩니다. 마법 폭발로 인간 전사 리차드의 몸에 갇힌 그는 악마의 세력이 일어나는 것을 막기 위해 위험한 여정을 떠나게 됩니다. 세계의 법칙이 무너지고, 군주가 사라진 지금, 그들은 이 치명적인 적을 추적해야만 합니다. 강력한 마법석과 마법을 갖춘 영혼 전사는 세계의 균형을 회복하고 악마로 변하지 않도록 막기 위한 서사적 여행을 시작합니다.

이 게임은 모험과 전략이 결합된 풍부한 RPG 경험을 제공합니다. 영혼과 계약을 체결하고, 각 영혼은 당신의 모험을 돕는 독특한 마법 능력을 부여합니다. 아름답게 제작된 픽셀 아트 세계를 탐험하며, 영혼을 강화하고 진화시키며 강력한 마법을 잠금 해제하세요. 동적인 전투 시스템은 빈 마법석을 이용해 적의 기술을 흡수하고, 적의 강점을 자신의 무기로 바꿀 수 있게 합니다. 전략적인 전투와 깊이 있는 마법 시스템, 퀘스트와 탐험이 가득한 세계가 펼쳐지는Spirit Valor는 끝까지 빠져들게 하는 매력적인 판타지 경험을 선사합니다.",Spirit Valor,KEMCO,"https://store-images.s-microsoft.com/image/apps.21082.14215708864377966.389b4904-a85a-494b-8b7f-46b15776cfbf.af9fca05-f36c-4ee0-aab7-d2f14334186e,https://store-images.s-microsoft.com/image/apps.42941.14215708864377966.389b4904-a85a-494b-8b7f-46b15776cfbf.a90553be-8562-4941-b944-5045c1a8630d,https://store-images.s-microsoft.com/image/apps.33770.14215708864377966.389b4904-a85a-494b-8b7f-46b15776cfbf.9247a7b5-0aae-4aca-a22b-b7829d75b31b,https://store-images.s-microsoft.com/image/apps.35193.14215708864377966.389b4904-a85a-494b-8b7f-46b15776cfbf.637e1a53-d8aa-4a3e-9760-e7705987e8b5,https://store-images.s-microsoft.com/image/apps.51473.14215708864377966.389b4904-a85a-494b-8b7f-46b15776cfbf.2420054d-437c-4a3d-aee0-ea387c75b906,https://store-images.s-microsoft.com/image/apps.14874.14215708864377966.389b4904-a85a-494b-8b7f-46b15776cfbf.d7ad9795-2d4d-46e3-ae24-b5b0c58b64b4,https://store-images.s-microsoft.com/image/apps.14730.14215708864377966.389b4904-a85a-494b-8b7f-46b15776cfbf.1febe0ce-17d9-473e-af98-730d0b888a13,https://store-images.s-microsoft.com/image/apps.29093.14215708864377966.389b4904-a85a-494b-8b7f-46b15776cfbf.2acb4ff7-a061-4652-bea7-20ba69d3d8b8,https://store-images.s-microsoft.com/image/apps.39299.14215708864377966.389b4904-a85a-494b-8b7f-46b15776cfbf.d8437cd1-3642-4e25-8201-9f7cbca4f944,https://store-images.s-microsoft.com/image/apps.28967.14215708864377966.389b4904-a85a-494b-8b7f-46b15776cfbf.6b2b33a9-b25c-41cc-b9b2-d6cc1fc12b47",롤플레잉,xbox
Rally Rock 'N Racing,https://www.xbox.com/ko-kr/games/store/rock-n-racing-3-in-1/9NBVSZQM85PZ,2025-04-04,https://store-images.s-microsoft.com/image/apps.52581.14547192823319835.0b038442-d48a-4cf8-abc8-42fbd620d54a.714f6199-7830-4008-aab5-30844db53da0,"Get ready to skid around at full speed with your family and friends!

In Rally Rock 'N Racing, you’ll enjoy a wide variety of natural environments, such as deserts, snow-covered mountains, forests... where you can show your skill at the wheel, competing against everyone to become the fastest. The game has several modes, such as Championship, Time Trial, Arcade, and 4-player multiplayer.

Online leader board where you can compare your best times with those of your friends and players from around the world.",Rally Rock 'N Racing,Super PowerUp Games,"https://store-images.s-microsoft.com/image/apps.52581.14547192823319835.0b038442-d48a-4cf8-abc8-42fbd620d54a.714f6199-7830-4008-aab5-30844db53da0,https://store-images.s-microsoft.com/image/apps.34967.14547192823319835.0b038442-d48a-4cf8-abc8-42fbd620d54a.9db1f390-b9c4-4207-a340-f7eb737d105e,https://store-images.s-microsoft.com/image/apps.6356.14547192823319835.0b038442-d48a-4cf8-abc8-42fbd620d54a.278c9109-7ad0-4c70-adf8-8ab80547960c,https://store-images.s-microsoft.com/image/apps.27313.14547192823319835.0b038442-d48a-4cf8-abc8-42fbd620d54a.ce9ad6e5-e8e7-4dd6-ad83-b826c6a03639,https://store-images.s-microsoft.com/image/apps.28609.14547192823319835.0b038442-d48a-4cf8-abc8-42fbd620d54a.5fe32769-b1c4-41bb-8264-176681c0a723,https://store-images.s-microsoft.com/image/apps.59863.14547192823319835.0b038442-d48a-4cf8-abc8-42fbd620d54a.d354eae4-8bec-467d-b1e2-73aeafe9127a,https://store-images.s-microsoft.com/image/apps.21452.14547192823319835.0b038442-d48a-4cf8-abc8-42fbd620d54a.9320a6e8-4561-4c2b-822a-07ea2591d3ec,https://store-images.s-microsoft.com/image/apps.13469.14547192823319835.0b038442-d48a-4cf8-abc8-42fbd620d54a.feeab174-71c5-4a40-914e-2142b841685f,https://store-images.s-microsoft.com/image/apps.59370.14547192823319835.0b038442-d48a-4cf8-abc8-42fbd620d54a.48e48563-c4a3-4d0e-856e-c5c72fc6c047,https://store-images.s-microsoft.com/image/apps.16968.14547192823319835.0b038442-d48a-4cf8-abc8-42fbd620d54a.e13fce2e-9b61-4374-834e-4453d04ba9cc","레이싱,비행,시뮬레이션,스포츠,클래식",xbox
Is this Game Trying to Kill Me?,https://www.xbox.com/ko-kr/games/store/is-this-game-trying-to-kill-me-xbox-series-xs/9NW520SZTXWG,2025-04-04,https://store-images.s-microsoft.com/image/apps.21004.13684170147803370.0d5fc73b-6abb-4d4d-a0f1-7fa4e91f95a5.1d4ba3f6-b023-484e-9806-e2e427378df1,"깊은 숲 속 오래된 오두막, 이상한 컴퓨터, 그리고 당신을 죽이려는 게임!

Is this Game Trying to Kill Me? 는 공포 장르와 1인칭 퍼즐이 혼합된 게임입니다. 숲 속 깊은 오두막에 갇힌 주인공에게 이 오두막의 주인은 자유를 대가로 컴퓨터 게임을 하자고 제안합니다. 하지만 오두막과 게임은 생각보다 훨씬 더 밀접하게 연결되어 있습니다. 게임 속 함정이 실제로 나타나기 시작하고 오두막에서 여러분이 취하는 행동이 컴퓨터 게임에 영향을 미칩니다. 그리고 곧 여러분은 이 게임에 걸린 대가가 여러분의 목숨이라는 것을 깨닫게 됩니다!

특징:
- 게임을 플레이하면서 게임 속의 또다른 게임을 즐기실 수 있습니다!
- 공포 장르와 1인칭 퍼즐이 혼합되어 있습니다
- 비밀이 숨겨진 숲 속 깊은 곳의 오래된 오두막에서 이야기가 펼쳐집니다
- 여러 엔딩과 수많은 죽음 방식을 체험해 보세요",Is this Game Trying to Kill Me?,Sometimes You,"https://store-images.s-microsoft.com/image/apps.21004.13684170147803370.0d5fc73b-6abb-4d4d-a0f1-7fa4e91f95a5.1d4ba3f6-b023-484e-9806-e2e427378df1,https://store-images.s-microsoft.com/image/apps.23860.13684170147803370.0d5fc73b-6abb-4d4d-a0f1-7fa4e91f95a5.cfdff9e7-b584-40f6-a44f-3ec9258f4a58,https://store-images.s-microsoft.com/image/apps.46974.13684170147803370.0d5fc73b-6abb-4d4d-a0f1-7fa4e91f95a5.21ad10de-a238-42e5-84b0-86bd45e3890b,https://store-images.s-microsoft.com/image/apps.52433.13684170147803370.0d5fc73b-6abb-4d4d-a0f1-7fa4e91f95a5.105d1df1-669d-42d7-b2d5-862e5106f679,https://store-images.s-microsoft.com/image/apps.58328.13684170147803370.0d5fc73b-6abb-4d4d-a0f1-7fa4e91f95a5.6bd1db44-3ab5-4627-96cc-e73d7d8e94c4,https://store-images.s-microsoft.com/image/apps.47911.13684170147803370.0d5fc73b-6abb-4d4d-a0f1-7fa4e91f95a5.5fb8264f-5314-40ee-91d0-eb7f6b06b481,https://store-images.s-microsoft.com/image/apps.61635.13684170147803370.0d5fc73b-6abb-4d4d-a0f1-7fa4e91f95a5.d302a03a-c6d1-4af4-af37-cbba9a5e29ca","액션,어드벤처,퍼즐,퀴즈,기타",xbox
Is this Game Trying to Kill Me?,https://www.xbox.com/ko-kr/games/store/is-this-game-trying-to-kill-me/9P5CB8B5L3BT,2025-04-04,https://store-images.s-microsoft.com/image/apps.21004.14456335520212567.33bfbe83-281c-4397-909e-c9b8ea152277.64faa313-fb00-40b1-9741-64f0437177f9,"깊은 숲 속 오래된 오두막, 이상한 컴퓨터, 그리고 당신을 죽이려는 게임!

Is this Game Trying to Kill Me? 는 공포 장르와 1인칭 퍼즐이 혼합된 게임입니다. 숲 속 깊은 오두막에 갇힌 주인공에게 이 오두막의 주인은 자유를 대가로 컴퓨터 게임을 하자고 제안합니다. 하지만 오두막과 게임은 생각보다 훨씬 더 밀접하게 연결되어 있습니다. 게임 속 함정이 실제로 나타나기 시작하고 오두막에서 여러분이 취하는 행동이 컴퓨터 게임에 영향을 미칩니다. 그리고 곧 여러분은 이 게임에 걸린 대가가 여러분의 목숨이라는 것을 깨닫게 됩니다!

특징:
- 게임을 플레이하면서 게임 속의 또다른 게임을 즐기실 수 있습니다!
- 공포 장르와 1인칭 퍼즐이 혼합되어 있습니다
- 비밀이 숨겨진 숲 속 깊은 곳의 오래된 오두막에서 이야기가 펼쳐집니다
- 여러 엔딩과 수많은 죽음 방식을 체험해 보세요",Is this Game Trying to Kill Me?,Sometimes You,"https://store-images.s-microsoft.com/image/apps.21004.14456335520212567.33bfbe83-281c-4397-909e-c9b8ea152277.64faa313-fb00-40b1-9741-64f0437177f9,https://store-images.s-microsoft.com/image/apps.23860.14456335520212567.33bfbe83-281c-4397-909e-c9b8ea152277.4f66afb7-bbd3-4361-8525-f8aad67365b8,https://store-images.s-microsoft.com/image/apps.46974.14456335520212567.33bfbe83-281c-4397-909e-c9b8ea152277.fe608491-3871-4d3a-a5c1-99f2d82a0a15,https://store-images.s-microsoft.com/image/apps.52433.14456335520212567.33bfbe83-281c-4397-909e-c9b8ea152277.1d1d10bd-4dba-487c-99cf-acbcd5c7655a,https://store-images.s-microsoft.com/image/apps.58328.14456335520212567.33bfbe83-281c-4397-909e-c9b8ea152277.71799da9-f349-4aa2-948f-052bff8b2896,https://store-images.s-microsoft.com/image/apps.47911.14456335520212567.33bfbe83-281c-4397-909e-c9b8ea152277.0674dd6a-32a6-4fb4-8533-094f14dbb3d5,https://store-images.s-microsoft.com/image/apps.61635.14456335520212567.33bfbe83-281c-4397-909e-c9b8ea152277.b189e19e-1a80-46e7-a7d2-6085a53cebd1","액션,어드벤처,퍼즐,퀴즈,기타",xbox
The Renovator: Origins,https://www.xbox.com/ko-kr/games/store/the-renovator-origins/9NXR7KBJBFWL,2025-04-04,https://store-images.s-microsoft.com/image/apps.7640.14495090030059079.dbce5e14-53b2-4c9a-b05e-b483c9d606ab.1bbbb3ef-3ba7-48ae-ac5d-7e8c50ba1875,"The Renovator: Origins is a first-person psychological horror game. Explore the mysterious world of art, where each exhibit contains the mysteries and secrets of its era and its creator. The game will immerse you in the past and another world that is behind the paintings.

You play as the son of a restorer, a museum worker who died tragically. While searching for the memorabilia, the door suddenly closes and strange things begin to happen. The hero is waiting for immersion in the world of art and the paranormal.",The Renovator: Origins,Axyos Games,"https://store-images.s-microsoft.com/image/apps.7640.14495090030059079.dbce5e14-53b2-4c9a-b05e-b483c9d606ab.1bbbb3ef-3ba7-48ae-ac5d-7e8c50ba1875,https://store-images.s-microsoft.com/image/apps.24274.14495090030059079.dbce5e14-53b2-4c9a-b05e-b483c9d606ab.f71cde09-0a98-43a4-8862-01f2ff49d66f,https://store-images.s-microsoft.com/image/apps.31505.14495090030059079.dbce5e14-53b2-4c9a-b05e-b483c9d606ab.0cb45f63-d08a-46d6-ae96-be456f188276,https://store-images.s-microsoft.com/image/apps.48374.14495090030059079.dbce5e14-53b2-4c9a-b05e-b483c9d606ab.e13882ae-44cd-4f0b-8123-117c1c577c8c,https://store-images.s-microsoft.com/image/apps.19404.14495090030059079.dbce5e14-53b2-4c9a-b05e-b483c9d606ab.7555d0f9-5a3f-498c-a03b-7b99507373fc,https://store-images.s-microsoft.com/image/apps.52762.14495090030059079.dbce5e14-53b2-4c9a-b05e-b483c9d606ab.9045cc65-3f6e-42ab-912e-9e177752c724,https://store-images.s-microsoft.com/image/apps.46348.14495090030059079.dbce5e14-53b2-4c9a-b05e-b483c9d606ab.12f503d9-325e-4be3-a2ec-fed7467b45c1,https://store-images.s-microsoft.com/image/apps.10140.14495090030059079.dbce5e14-53b2-4c9a-b05e-b483c9d606ab.1587e7a5-bce1-475d-b2f5-e619e65b9608,https://store-images.s-microsoft.com/image/apps.7305.14495090030059079.dbce5e14-53b2-4c9a-b05e-b483c9d606ab.842ac08e-dbcc-4c17-ae54-0442e4322b82,https://store-images.s-microsoft.com/image/apps.51506.14495090030059079.dbce5e14-53b2-4c9a-b05e-b483c9d606ab.0dc9e7ee-02da-46da-8ec3-3ad5b7fa0d2f","액션,어드벤처,퍼즐,퀴즈,기타",xbox
Monster Energy Supercross 25 - The Official Video Game,https://www.xbox.com/ko-kr/games/store/monster-energy-supercross-25-x-monster-jam-showdown---dirt-master-edition/9NRQBPWDCGJ2,2025-04-06,https://store-images.s-microsoft.com/image/apps.35467.13840042827499362.7880e589-aeef-4988-908d-4fbda781f51f.64483ebe-f390-4f8d-a96d-21834cf46a02,"Monster Energy Supercross 25와 함께 공식 2025년 Supercross 시즌을 맞이할 준비를 하세요!

현실 세계의 이벤트를 재현한 새로운 트랙을 질주하는 스릴을 만끽하고 새롭게 추가된 최신 프로 라이더와 경쟁하세요. 치열한 대회, 경쟁, 전략적 선택을 선보이는 개선된 커리어 모드에서 자신의 길을 개척해 나가세요.

Unreal Engine 5을 통해 구현된 새로운 게임플레이를 즐겨 보세요. 현실적인 물리와 역동적인 트랙 진화가 더해진 새로운 게임플레이는 매번 특별하고 놀라운 경험을 선사합니다. 오픈 튜토리얼, 포괄적인 위키, 신경 기술 라이딩 보조 기능을 통해 경주의 흐름을 마스터하세요.

고급 에디터로 경험을 취향에 맞게 조정하고 직접 만든 창작물을 여러 플랫폼에서 공유하세요.

캐주얼 레이스에서 경쟁하든, 랭크 리더보드에서 최고 자리를 노리든, 몰입도 높은 온라인 멀티플레이어 모드에서 플랫폼에 구애받지 않고 전 세계 플레이어와 경쟁하세요.",Monster Energy Supercross 25 - The Official Video Game,Milestone S.r.l.,"https://store-images.s-microsoft.com/image/apps.35467.13840042827499362.7880e589-aeef-4988-908d-4fbda781f51f.64483ebe-f390-4f8d-a96d-21834cf46a02,https://store-images.s-microsoft.com/image/apps.45158.13840042827499362.c216ca69-f644-403e-942e-1bf0072a29b1.4890db11-da2d-4469-9f2e-a83f9000a68d,https://store-images.s-microsoft.com/image/apps.35206.13840042827499362.7880e589-aeef-4988-908d-4fbda781f51f.486c546c-ea2d-48e1-89d7-5d6c3ecd40d2,https://store-images.s-microsoft.com/image/apps.18759.13840042827499362.7880e589-aeef-4988-908d-4fbda781f51f.3343e665-1df2-4cab-a7dd-a1d335d37636,https://store-images.s-microsoft.com/image/apps.49482.13840042827499362.c216ca69-f644-403e-942e-1bf0072a29b1.027b8849-7ef9-4e50-af7b-74d045413e2d,https://store-images.s-microsoft.com/image/apps.53661.13840042827499362.c216ca69-f644-403e-942e-1bf0072a29b1.c89a957b-1dc3-4413-8e2f-b672166e3572,https://store-images.s-microsoft.com/image/apps.8442.13840042827499362.7880e589-aeef-4988-908d-4fbda781f51f.d850e58a-beae-479f-a405-2fdee036110b,https://store-images.s-microsoft.com/image/apps.54652.13840042827499362.c216ca69-f644-403e-942e-1bf0072a29b1.4f2ba39d-96ff-4ed1-80c1-df3d0f74c1a7,https://store-images.s-microsoft.com/image/apps.16345.13840042827499362.c216ca69-f644-403e-942e-1bf0072a29b1.230c6e79-bead-467c-9afa-110c8c62f26b,https://store-images.s-microsoft.com/image/apps.39419.13840042827499362.7880e589-aeef-4988-908d-4fbda781f51f.df779b76-ae1d-40e2-9d62-ea10749ecf60","레이싱,비행,스포츠,시뮬레이션",xbox
South of Midnight,https://www.xbox.com/ko-kr/games/store/south-of-midnight/9NJCVGS6T30K,2025-04-08,https://store-images.s-microsoft.com/image/apps.30256.13678609147241298.c742bfe1-6624-4d6a-800e-503c12872c58.748c2e43-c463-4109-8df7-771ea5be0cd1,"Contrast, We Happy Few의 제작진이 선보이는 South of Midnight는 미국 남부를 배경으로 한 매력적인 3인칭 액션 어드벤처 게임입니다. 

헤이즐이 되어 음산하면서도 환상적인 세계에서 남부 민간 신화에 등장하는 괴물들을 만나보세요. 고향에 재난이 닥치자 헤이즐은 위버가 되라는 부름을 받습니다. 끊어진 인연과 영혼을 마법으로 다시 잇는 자로서 새로운 능력을 부여받은 헤이즐은 이제 위험한 괴물들과 맞서 싸우고, 자신의 가족이 지닌 과거의 얽힌 실타래를 풀어내야 합니다. 혹시나 운이 좋으면 헤이즐도 새로운 고향처럼 느껴지는 곳을 찾아낼 수 있을지도요.

어둡고 현대적인 민간 설화
프로스페로를 강타한 허리케인으로 인해 헤이즐은 기억이 실체가 되는 남부 고딕의 세계로 빨려 들어갑니다. 이 세계에서 헤이즐은 어머니를 구하고 고향을 지키기 위해 현대적으로 재해석된 민간 설화 속으로 모험을 떠나게 되며 가족, 역사, 그리고 과거의 유산을 자신의 정체성과 하나로 엮어내야 합니다.

전설의 괴물들과의 대결
고대의 힘으로 괴물을 복원하고 이 괴물들을 집어삼킨 아픔을 밝혀내세요. 위버의 마법을 사용해 무시무시한 유령과 맞서 싸우고, 남부의 다양한 지역을 탐험하며, 위대한 태피스트리의 찢어진 곳을 다시 직조하세요.

남부 고딕의 섬뜩한 아름다움
아름답지만 이제는 퇴락해 버린 프로스페로 지역과 그곳의 주민들을 만나보세요. 복잡하고 풍요로운 남부의 역사에서 영감을 얻은 정교한 비주얼 스타일과 감동적인 서사, 몰입감 넘치는 음악을 직접 체험하세요.",South of Midnight,Xbox Game Studios,"https://store-images.s-microsoft.com/image/apps.30256.13678609147241298.c742bfe1-6624-4d6a-800e-503c12872c58.748c2e43-c463-4109-8df7-771ea5be0cd1,https://store-images.s-microsoft.com/image/apps.5705.13678609147241298.c2420b2f-1bfe-4433-8158-b80a204f2674.9e030504-d2dd-4e63-8718-7d0b1e51aa40,https://store-images.s-microsoft.com/image/apps.37621.13678609147241298.93d37d8e-2d68-45c1-af01-ab657654fc19.c150fb6f-2955-4c5d-8918-a9b76448655c,https://store-images.s-microsoft.com/image/apps.60449.13678609147241298.93d37d8e-2d68-45c1-af01-ab657654fc19.57b456a2-5cf8-42d4-a0fd-48e554619ea1,https://store-images.s-microsoft.com/image/apps.22235.13678609147241298.93d37d8e-2d68-45c1-af01-ab657654fc19.480b03b1-1523-41bb-a360-6454819a6cf0,https://store-images.s-microsoft.com/image/apps.40280.13678609147241298.c742bfe1-6624-4d6a-800e-503c12872c58.b98502d6-6fb1-44be-8a97-a7e712c7df7a,https://store-images.s-microsoft.com/image/apps.41012.13678609147241298.93d37d8e-2d68-45c1-af01-ab657654fc19.0c427fef-86de-41bf-a722-320c0a941554,https://store-images.s-microsoft.com/image/apps.40451.13678609147241298.c742bfe1-6624-4d6a-800e-503c12872c58.dad6a0c1-fda5-468e-960e-2fa3d89ea626,https://store-images.s-microsoft.com/image/apps.26073.13678609147241298.93d37d8e-2d68-45c1-af01-ab657654fc19.c410397a-e9e6-4a78-9085-c65b81d246b1,https://store-images.s-microsoft.com/image/apps.24453.13678609147241298.93d37d8e-2d68-45c1-af01-ab657654fc19.784a9661-51a9-45e9-b05f-5b7783b01426,https://store-images.s-microsoft.com/image/apps.40536.13678609147241298.c742bfe1-6624-4d6a-800e-503c12872c58.97131bef-6922-4724-8f5b-e826e155bf15,https://store-images.s-microsoft.com/image/apps.64644.13678609147241298.c742bfe1-6624-4d6a-800e-503c12872c58.a1d8eac3-cd0f-44b4-adfc-888d7f2e1660,https://store-images.s-microsoft.com/image/apps.64174.13678609147241298.c742bfe1-6624-4d6a-800e-503c12872c58.e372652c-155c-458a-a00e-fe41e878c2be,https://store-images.s-microsoft.com/image/apps.53245.13678609147241298.93d37d8e-2d68-45c1-af01-ab657654fc19.1462efdb-ce9d-4793-8e98-28818004a8da,https://store-images.s-microsoft.com/image/apps.30473.13678609147241298.c2420b2f-1bfe-4433-8158-b80a204f2674.bf249279-cbd7-46c2-8e87-5d69168b3877,https://store-images.s-microsoft.com/image/apps.7026.13678609147241298.93d37d8e-2d68-45c1-af01-ab657654fc19.1c26e942-b63f-4e5d-bdd7-9bfcfed485be,https://store-images.s-microsoft.com/image/apps.9813.13678609147241298.c2420b2f-1bfe-4433-8158-b80a204f2674.7cb5acbb-afcb-47f0-89e1-fbd2d89d611f,https://store-images.s-microsoft.com/image/apps.43933.13678609147241298.c2420b2f-1bfe-4433-8158-b80a204f2674.19a5518f-e451-4430-8a35-319b3b949a9f,https://store-images.s-microsoft.com/image/apps.6634.13678609147241298.c2420b2f-1bfe-4433-8158-b80a204f2674.29a9025b-e061-4102-8600-d9bc4904375e,https://store-images.s-microsoft.com/image/apps.46833.13678609147241298.93d37d8e-2d68-45c1-af01-ab657654fc19.9f8b0716-fc40-4dd0-ae84-65f303f15546,https://store-images.s-microsoft.com/image/apps.61414.13678609147241298.93d37d8e-2d68-45c1-af01-ab657654fc19.d8a4463b-6f7d-4039-9360-c355bd6c7e40,https://store-images.s-microsoft.com/image/apps.9804.13678609147241298.93d37d8e-2d68-45c1-af01-ab657654fc19.47fe3928-9285-4f01-959d-e15e61e2ef7c,https://store-images.s-microsoft.com/image/apps.43512.13678609147241298.93d37d8e-2d68-45c1-af01-ab657654fc19.212a5c60-4961-433c-947a-942cb3f6bd67","액션,어드벤처",xbox
Detective From The Crypt,https://www.xbox.com/ko-kr/games/store/detective-from-the-crypt-xbox-series-xs/9NB385H3SSNH,2025-04-09,https://store-images.s-microsoft.com/image/apps.32077.13520778316696560.f04935aa-5ec3-4081-88aa-cf7ad9ff3ca6.447dd538-8963-46c0-acb1-daff617ff3f0,"Detective From The Crypt는 유령 고양이의 도움을 받는 유령 소녀로 플레이하는 신비로운 빅토리아 시대의 탐정 이야기입니다.

제인은 유령이 되어 무덤에서 깨어납니다. 그녀의 가족의 죽음을 함께 조사하고 증거를 찾고 분석하여 기소를 구성합니다. 증거를 연구할 수 있는 실험실이 있습니다. 플레이하며 진정한 빅토리아 시대 탐정이 된 느낌을 경험하세요.

게임을 하며 오래된 저택의 비밀을 밝혀보세요.

특징:
- 게임에는 친구이자 조수인 고양이가 있습니다
- 무덤과 묘지의 주민들과 대화해야 합니다
- 집 박물관에서 이집트 미라를 만날 수 있습니다
- 왜 죽었는지 밝혀내고 부모님의 죽음에 대한 비밀을 밝혀야 합니다
- 고전적인 “포인트 앤 클릭” 어드벤처",Detective From The Crypt,Sometimes You,"https://store-images.s-microsoft.com/image/apps.32077.13520778316696560.f04935aa-5ec3-4081-88aa-cf7ad9ff3ca6.447dd538-8963-46c0-acb1-daff617ff3f0,https://store-images.s-microsoft.com/image/apps.7010.13520778316696560.f04935aa-5ec3-4081-88aa-cf7ad9ff3ca6.c8ea40bf-feec-4650-ad13-36e833a810aa,https://store-images.s-microsoft.com/image/apps.16794.13520778316696560.f04935aa-5ec3-4081-88aa-cf7ad9ff3ca6.187ff07f-1c24-4b0f-8fe7-66e36294a13e,https://store-images.s-microsoft.com/image/apps.64389.13520778316696560.f04935aa-5ec3-4081-88aa-cf7ad9ff3ca6.428523f8-ed07-4fde-b48b-1b815dd596ae,https://store-images.s-microsoft.com/image/apps.63563.13520778316696560.f04935aa-5ec3-4081-88aa-cf7ad9ff3ca6.7315b8dd-506e-49ca-9ce7-81c9808f5a60,https://store-images.s-microsoft.com/image/apps.20938.13520778316696560.f04935aa-5ec3-4081-88aa-cf7ad9ff3ca6.a64d29ca-a91c-4525-9881-7ceed63fa5cf,https://store-images.s-microsoft.com/image/apps.54014.13520778316696560.f04935aa-5ec3-4081-88aa-cf7ad9ff3ca6.36593332-4997-4bd0-8c8a-d6e764204646,https://store-images.s-microsoft.com/image/apps.22696.13520778316696560.f04935aa-5ec3-4081-88aa-cf7ad9ff3ca6.215c050c-2966-4635-9dfb-35938aa0881f,https://store-images.s-microsoft.com/image/apps.57765.13520778316696560.f04935aa-5ec3-4081-88aa-cf7ad9ff3ca6.00e699e2-e5b5-48b8-833f-b880ff2506d8","액션,어드벤처,가족,어린이,퍼즐,퀴즈,기타",xbox
Little Droid,https://www.xbox.com/ko-kr/games/store/little-droid/9NJC8V9NMFQX,2025-04-09,https://store-images.s-microsoft.com/image/apps.59236.13679166089332363.7f96c866-778b-4491-88be-b29c46517a60.bb75169e-4e04-4b80-9313-9a7aea31b584,"Little Droid는 신비롭고 강력한 적들과 숨겨진 위험으로 가득한 세계에 몰입할 수 있는 어드벤처 플랫폼 게임입니다. 드로이드의 에너지 수준을 주의 깊게 관리하여 중요한 순간에 에너지가 고갈되지 않도록 해야 합니다. 모험은 정교하게 설계된 장소들을 통해 진행되며, 장애물을 극복하기 위한 무기를 찾고, 신비한 신호의 비밀을 풀기 위한 단서를 발견할 수 있습니다.

게임 특징:
 • 메트로배니아 스타일의 탐험을 통해 새로운 능력을 획득할 때마다 새로운 지역에 접근 가능.
 • 도전적인 플레이를 찾는 유저들을 위한 높은 난이도.
 • 수작업으로 제작된 아름다운 2D 픽셀 아트가 게임의 분위기를 살리며, 세부 사항을 더욱 돋보이게 합니다.",Little Droid,Stamina Zero LLC,"https://store-images.s-microsoft.com/image/apps.59236.13679166089332363.7f96c866-778b-4491-88be-b29c46517a60.bb75169e-4e04-4b80-9313-9a7aea31b584,https://store-images.s-microsoft.com/image/apps.31537.13679166089332363.7f96c866-778b-4491-88be-b29c46517a60.310daf5f-d8a2-4424-a52f-dcc843b0d033,https://store-images.s-microsoft.com/image/apps.1874.13679166089332363.7f96c866-778b-4491-88be-b29c46517a60.db0aeb2f-8b51-4193-9060-08d3da1359cb,https://store-images.s-microsoft.com/image/apps.59164.13679166089332363.7f96c866-778b-4491-88be-b29c46517a60.4be9ad4d-f2e7-4bf8-ab47-eabb58d2599a,https://store-images.s-microsoft.com/image/apps.32276.13679166089332363.7f96c866-778b-4491-88be-b29c46517a60.ce9d9cb8-e3b0-447e-bca1-ab2e5ac44f5a,https://store-images.s-microsoft.com/image/apps.4098.13679166089332363.7f96c866-778b-4491-88be-b29c46517a60.afdea1f3-d939-4409-b129-94561ce0b2e6,https://store-images.s-microsoft.com/image/apps.54581.13679166089332363.7f96c866-778b-4491-88be-b29c46517a60.114ff674-ce8f-4017-8b43-7cd25bafe529","플랫포머,액션,어드벤처,슈팅",xbox
Detective From The Crypt,https://www.xbox.com/ko-kr/games/store/detective-from-the-crypt/9NKTHXTK706R,2025-04-09,https://store-images.s-microsoft.com/image/apps.32077.13654334760413412.87ad2923-cefe-4356-b995-6d6990fe6e59.47c1820f-6992-4de4-842d-dd2b8f33ebd5,"Detective From The Crypt는 유령 고양이의 도움을 받는 유령 소녀로 플레이하는 신비로운 빅토리아 시대의 탐정 이야기입니다.

제인은 유령이 되어 무덤에서 깨어납니다. 그녀의 가족의 죽음을 함께 조사하고 증거를 찾고 분석하여 기소를 구성합니다. 증거를 연구할 수 있는 실험실이 있습니다. 플레이하며 진정한 빅토리아 시대 탐정이 된 느낌을 경험하세요.

게임을 하며 오래된 저택의 비밀을 밝혀보세요.

특징:
- 게임에는 친구이자 조수인 고양이가 있습니다
- 무덤과 묘지의 주민들과 대화해야 합니다
- 집 박물관에서 이집트 미라를 만날 수 있습니다
- 왜 죽었는지 밝혀내고 부모님의 죽음에 대한 비밀을 밝혀야 합니다
- 고전적인 “포인트 앤 클릭” 어드벤처",Detective From The Crypt,Sometimes You,"https://store-images.s-microsoft.com/image/apps.32077.13654334760413412.87ad2923-cefe-4356-b995-6d6990fe6e59.47c1820f-6992-4de4-842d-dd2b8f33ebd5,https://store-images.s-microsoft.com/image/apps.7010.13654334760413412.87ad2923-cefe-4356-b995-6d6990fe6e59.cc85499f-973d-494d-81ed-f035e4ebe206,https://store-images.s-microsoft.com/image/apps.16794.13654334760413412.87ad2923-cefe-4356-b995-6d6990fe6e59.720aafe8-7638-4a4d-a2c3-393db8b4f804,https://store-images.s-microsoft.com/image/apps.64389.13654334760413412.87ad2923-cefe-4356-b995-6d6990fe6e59.e51a457e-875a-45f2-adce-863d62921a81,https://store-images.s-microsoft.com/image/apps.63563.13654334760413412.87ad2923-cefe-4356-b995-6d6990fe6e59.f7765366-9645-4e49-b73a-c9b0c7ed1756,https://store-images.s-microsoft.com/image/apps.20938.13654334760413412.87ad2923-cefe-4356-b995-6d6990fe6e59.f93e04a1-cb3b-4b2a-b044-0ac98e0a6988,https://store-images.s-microsoft.com/image/apps.54014.13654334760413412.87ad2923-cefe-4356-b995-6d6990fe6e59.c2d833ac-4c9e-41a4-ab46-7c71c1487a47,https://store-images.s-microsoft.com/image/apps.22696.13654334760413412.87ad2923-cefe-4356-b995-6d6990fe6e59.6d8beace-6ac3-45df-b953-b9c892a11b5d,https://store-images.s-microsoft.com/image/apps.57765.13654334760413412.87ad2923-cefe-4356-b995-6d6990fe6e59.89e46e8c-e4fa-4a40-90e7-f6f11a79f934","액션,어드벤처,가족,어린이,기타,퍼즐,퀴즈",xbox
Commandos: Origins,https://www.xbox.com/ko-kr/games/store/commandos-origins/9NNRCR6MBNDR,2025-04-09,https://store-images.s-microsoft.com/image/apps.62782.13737393634442056.a42f3bd3-1ca9-420d-a018-a1064d15638e.1ddff48c-c385-4162-af99-d557ac7e3ce4,"경고! 당신은 세계 전체를 바꿀 엄청난 임무에 선정되었습니다. Commandos: Origins에서 전설의 엘리트 2차 세계 대전 특수 부대의 탄생을 지켜보세요. 오랫동안 기다려온 Commandos 시리즈의 후속편으로 실시간 전술 게임 장르의 뿌리를 직접 체험하세요. ""그린 베레"" Jack O’Hara와 다섯 명의 동료가 악명 높은 유닛을 구성하고 누구도 감히 수행하지 못한 임무를 완수하는 것을 지켜보세요.

역사적으로 가장 중요한 순간, 조용한 그림자 속에서 영웅이 태어나고, 전설이 만들어지고, 새 챕터가 시작됩니다. 대담한 습격, 비밀 사보타주, 용감한 구조 임무 등을 그린 베레와 공병, 저격수, 드라이버, 마린, 스파이들의 능력을 조합하여 해결하세요. 이러한 임무들은 신중한 계획과 스텔스 및 파괴의 적절한 조합, 그리고 엘리트 부대의 특별한 스킬셋을 조합해야만 해결할 수 있습니다.

극지방의 넓은 평원에서부터 아프리카의 광활한 사막, 유럽의 해안과 동부 전선에 이르기까지 다양한 배경에서 코만도들을 이끌고 미션을 성공적으로 수행하세요. 점점 커지는 나치의 침공에서 세상을 해방시키세요.

• 도전 정신을 자극하는 실시간 전술 스텔스 게임플레이: Commandos의 특별 능력을 활용하여 적 기지에 침투하여 급습한 뒤 그림자 속으로 들어가세요.

• 특별한 팀: 각자의 배경 스토리가 있는 6명의 악명 높은 캐릭터를 모아 특별한 팀을 구성하세요. 코만도인 ""그린 베레"" Jack O’Hara, ""공병"" Thomas Hancock, ""저격수"" Francis T. Woolridge, ""드라이버"" Samuel Brooklyn, ""마린"" James Blackwood, ""스파이"" Rene Duchamp를 조종하여 성공으로 이끄세요. 

• 승리로 가는 다양한 길: 디테일하고 다양한 상호작용 환경에서는 여러 가지 방법으로 목표를 달성할 수 있습니다. 잠입, 오르기, 다양한 차량 운전, 숨기 등으로 승리로 가는 길을 닦으세요!

• 준비: 현대적인 사용자 환경이 제공하는 정밀하고 직관적인 컨트롤을 통해 전문적으로 코만도를 제어할 수 있습니다. 복잡한 액션을 동시에 여러 개 수행하며 엄중한 방비가 되어 있는 목표를 정복하세요.

• 전방에서의 전투: 충실하게 고증된 2차 세계 대전 환경에서 10개 이상의 임무를 수행하세요. 황량한 극지방에서부터 아프리카 사막에 이르기까지, 다양한 배경에서 자신의 전문적인 전술 능력을 발휘하며 여러 중요한 자원 임무를 수행하세요.

• 절대적인 팀 협동: 2인 협동 멀티플레이어 모드에서 친구와 온라인 또는 로컬 화면 분할로 플레이하세요.",Commandos: Origins,Kalypso Media,"https://store-images.s-microsoft.com/image/apps.62782.13737393634442056.a42f3bd3-1ca9-420d-a018-a1064d15638e.1ddff48c-c385-4162-af99-d557ac7e3ce4,https://store-images.s-microsoft.com/image/apps.55263.13737393634442056.a42f3bd3-1ca9-420d-a018-a1064d15638e.217bd3fb-846b-4fab-9fea-3e0965985bb3,https://store-images.s-microsoft.com/image/apps.36870.13737393634442056.a42f3bd3-1ca9-420d-a018-a1064d15638e.fa4ee232-0b47-4916-8565-fb9dfcde4627,https://store-images.s-microsoft.com/image/apps.21.13737393634442056.a42f3bd3-1ca9-420d-a018-a1064d15638e.87637eb1-59ea-4703-aa6f-4a6a7a5ceffa,https://store-images.s-microsoft.com/image/apps.65095.13737393634442056.a42f3bd3-1ca9-420d-a018-a1064d15638e.e526322c-b3e6-438d-bc0f-4eafca519684,https://store-images.s-microsoft.com/image/apps.15763.13737393634442056.0e44fc6f-e14b-46fe-b0b4-5f9ff152b330.7bf87a4a-4ed8-4746-b969-61fa41643053",전략,xbox
HordeCore Console Edition,https://www.xbox.com/ko-kr/games/store/hordecore-console-edition/9MT48GX0Z3BB,2025-04-09,https://store-images.s-microsoft.com/image/apps.9369.13815395812896061.b3d9cdae-1e58-4bec-a0b7-7f3ec0088c24.1525e9df-d73e-4e4b-9f23-33aecf95dd0f,"Become the leader of an ever-expanding group of survivors. Manage supplies, upgrade your team, and craft deadly contraptions to defend yourself! Remember, exploration is vital in this harsh new world. Prepare to forge bizarre alliances and, together, face the many dangers of the wastelands. Take survival gameplay, combine it with base management, add RPG elements, and spice it up with a fully-fledged collectible card game - and you get HordeCore!


SURVIVE through the hardships of a zombie-infested apocalyptic world!
UPGRADE AND DEFEND your team's safe haven!

EXPLORE the vast wastelands through randomly generated environments!
WAGE WAR against endless hordes of undead and living threats!

LOOT UP and collect rare materials to craft outstanding weapons!
TEAM UP with your friends and face the world of HordeCore in Co-op Mode!


Collect unique survivors and strategically pick your team of apocalypse-hardened characters to fight through the outstanding number of living dead trying to get your brains for a snack.
Keep your base camp safe and develop your defenses while growing a community of bad-asses that you can command into the constant fight for survival.
Explore the wastelands in search of supplies. Face the unexpected dangers of the zombie-apocalyptic world of HordeCore!


Besides all the zombie-killing and loot-grabbing you can handle, HordeCore also includes a complete, fully-featured Collectible Card Game!

Horde Tactics is a deck building card game, featuring 60+ cards that you'll gather and unlock during your time in the Wasteland. Each card represents an item, character or a Hordeling that you encounter in the game—that way, your collection grows alongside your progress in HordeCore!

Horde Tactics features:
-Easy to pick up gameplay
-Over 60 cards available
-Power up your deck by building synergy combos
-Best part... it's entirely optional!",HordeCore Console Edition,"E-Home Entertianment Development Co., Ltd","https://store-images.s-microsoft.com/image/apps.9369.13815395812896061.b3d9cdae-1e58-4bec-a0b7-7f3ec0088c24.1525e9df-d73e-4e4b-9f23-33aecf95dd0f,https://store-images.s-microsoft.com/image/apps.40854.13815395812896061.b3d9cdae-1e58-4bec-a0b7-7f3ec0088c24.38a04a48-0b55-4a55-a1cf-6b20e14acb59,https://store-images.s-microsoft.com/image/apps.30456.13815395812896061.b3d9cdae-1e58-4bec-a0b7-7f3ec0088c24.0dd83579-0bfb-49e5-b4cf-892f72f1a747,https://store-images.s-microsoft.com/image/apps.64383.13815395812896061.b3d9cdae-1e58-4bec-a0b7-7f3ec0088c24.ea7afc27-4b4d-481d-b272-daf6418ff2ed,https://store-images.s-microsoft.com/image/apps.56207.13815395812896061.b3d9cdae-1e58-4bec-a0b7-7f3ec0088c24.deb468ca-5f0d-4981-842c-45058349e8e8,https://store-images.s-microsoft.com/image/apps.571.13815395812896061.b3d9cdae-1e58-4bec-a0b7-7f3ec0088c24.d64a0c3b-babc-4466-ae86-534f33b730ad","슈팅,롤플레잉,액션,어드벤처",xbox
Monster Energy Supercross 25 - The Official Video Game,https://www.xbox.com/ko-kr/games/store/monster-energy-supercross-25---the-official-video-game/9P3SK1H1QWN7,2025-04-09,https://store-images.s-microsoft.com/image/apps.35467.13840042827499362.7880e589-aeef-4988-908d-4fbda781f51f.64483ebe-f390-4f8d-a96d-21834cf46a02,"Monster Energy Supercross 25와 함께 공식 2025년 Supercross 시즌을 맞이할 준비를 하세요!

현실 세계의 이벤트를 재현한 새로운 트랙을 질주하는 스릴을 만끽하고 새롭게 추가된 최신 프로 라이더와 경쟁하세요. 치열한 대회, 경쟁, 전략적 선택을 선보이는 개선된 커리어 모드에서 자신의 길을 개척해 나가세요.

Unreal Engine 5을 통해 구현된 새로운 게임플레이를 즐겨 보세요. 현실적인 물리와 역동적인 트랙 진화가 더해진 새로운 게임플레이는 매번 특별하고 놀라운 경험을 선사합니다. 오픈 튜토리얼, 포괄적인 위키, 신경 기술 라이딩 보조 기능을 통해 경주의 흐름을 마스터하세요.

고급 에디터로 경험을 취향에 맞게 조정하고 직접 만든 창작물을 여러 플랫폼에서 공유하세요.

캐주얼 레이스에서 경쟁하든, 랭크 리더보드에서 최고 자리를 노리든, 몰입도 높은 온라인 멀티플레이어 모드에서 플랫폼에 구애받지 않고 전 세계 플레이어와 경쟁하세요.",Monster Energy Supercross 25 - The Official Video Game,Milestone S.r.l.,"https://store-images.s-microsoft.com/image/apps.35467.13840042827499362.7880e589-aeef-4988-908d-4fbda781f51f.64483ebe-f390-4f8d-a96d-21834cf46a02,https://store-images.s-microsoft.com/image/apps.45158.13840042827499362.c216ca69-f644-403e-942e-1bf0072a29b1.4890db11-da2d-4469-9f2e-a83f9000a68d,https://store-images.s-microsoft.com/image/apps.35206.13840042827499362.7880e589-aeef-4988-908d-4fbda781f51f.486c546c-ea2d-48e1-89d7-5d6c3ecd40d2,https://store-images.s-microsoft.com/image/apps.18759.13840042827499362.7880e589-aeef-4988-908d-4fbda781f51f.3343e665-1df2-4cab-a7dd-a1d335d37636,https://store-images.s-microsoft.com/image/apps.49482.13840042827499362.c216ca69-f644-403e-942e-1bf0072a29b1.027b8849-7ef9-4e50-af7b-74d045413e2d,https://store-images.s-microsoft.com/image/apps.53661.13840042827499362.c216ca69-f644-403e-942e-1bf0072a29b1.c89a957b-1dc3-4413-8e2f-b672166e3572,https://store-images.s-microsoft.com/image/apps.8442.13840042827499362.7880e589-aeef-4988-908d-4fbda781f51f.d850e58a-beae-479f-a405-2fdee036110b,https://store-images.s-microsoft.com/image/apps.54652.13840042827499362.c216ca69-f644-403e-942e-1bf0072a29b1.4f2ba39d-96ff-4ed1-80c1-df3d0f74c1a7,https://store-images.s-microsoft.com/image/apps.16345.13840042827499362.c216ca69-f644-403e-942e-1bf0072a29b1.230c6e79-bead-467c-9afa-110c8c62f26b,https://store-images.s-microsoft.com/image/apps.39419.13840042827499362.7880e589-aeef-4988-908d-4fbda781f51f.df779b76-ae1d-40e2-9d62-ea10749ecf60","레이싱,비행,스포츠,시뮬레이션",xbox
Mortisomem,https://www.xbox.com/ko-kr/games/store/mortisomem/9N2JHXNZWWZM,2025-04-11,https://store-images.s-microsoft.com/image/apps.17996.13951293840598458.68362c62-fbe5-4fc0-ae89-be19f1a26f5b.0e77e440-8d46-42b3-800c-efbcb65ae113,"Mortisomem은 레트로 비주얼 스타일을 갖춘 모험, 미스터리, 공포 게임입니다. 이 게임은 브라질 내륙 지역의 광대한 숲에서 1917년에 배경이 설정되어 있습니다.

도널드 바네스(Donald Barnes)는 이민자이자 브라질에서 성공한 미국 상인입니다. 그러나 어느 날 그는 그 지역의 전통 이야기를 듣게 되어 크게 주목하게 됩니다; 수백 년 전에 살았던 남자에 관한 이야기로, 그는 아내의 가족에 의해 잔인하게 살해되고, 그의 죽음 후에는 증오와 원한으로 지역 주민을 죽이는 잔인한 악마가 되었습니다. 이 악마는 Mortisomem이라고 불립니다.

그러나 집에 돌아가는 길에 도널드 바네스는 Mortisomem의 신체적 특징과 완벽하게 일치하는 강력하고 무시무시한 생물에 추적당하기 시작합니다. 미국 상인은 이 생물로부터 탈출하고 집으로 가는 다른 길을 찾기 위해 더욱 내륙 지역의 농촌 지역으로 모험을 떠나야 합니다.

브라질 내륙의 숲을 탐험하고 사람들을 만나 지역의 역사를 발견하며 Mortisomem으로부터 생존을 노리십시오.

게임 특징:
- 중간 길이의 게임: 플레이어의 스킬에 따라 엔딩 하나를 언락하는 데 약 1시간 소요됩니다.
- 훌륭한 분위기와 미학: 다양한 효과, 소리 및 복고풍 그래픽이 있는 놀라운 농촌 및 야간 설정.
- 자유로운 탐사 맵: 상호 작용과 비밀로 가득한 풍부한 세계를 자유롭게 탐험할 수 있습니다.
- 다양한 엔딩: 플레이어의 결정이 다양한 결과로 이끌 수 있습니다.",Mortisomem,Sometimes You,"https://store-images.s-microsoft.com/image/apps.17996.13951293840598458.68362c62-fbe5-4fc0-ae89-be19f1a26f5b.0e77e440-8d46-42b3-800c-efbcb65ae113,https://store-images.s-microsoft.com/image/apps.22372.13951293840598458.68362c62-fbe5-4fc0-ae89-be19f1a26f5b.36cf7378-7e35-4044-96e4-b0bada49a98c,https://store-images.s-microsoft.com/image/apps.55418.13951293840598458.68362c62-fbe5-4fc0-ae89-be19f1a26f5b.2cf05c8a-2da0-4440-9aef-aea26016b019,https://store-images.s-microsoft.com/image/apps.29139.13951293840598458.68362c62-fbe5-4fc0-ae89-be19f1a26f5b.2d202e56-1f39-4bf0-b930-052e7b9dcfe5,https://store-images.s-microsoft.com/image/apps.12686.13951293840598458.68362c62-fbe5-4fc0-ae89-be19f1a26f5b.98fb40c2-a4dd-41bf-996e-0f1a94c0d1ec,https://store-images.s-microsoft.com/image/apps.11303.13951293840598458.68362c62-fbe5-4fc0-ae89-be19f1a26f5b.ff5faa35-ff7b-437a-ac27-b9046b2b6ad2,https://store-images.s-microsoft.com/image/apps.17899.13951293840598458.68362c62-fbe5-4fc0-ae89-be19f1a26f5b.e3c78657-3bb7-4982-b4d3-996ec744506f,https://store-images.s-microsoft.com/image/apps.16364.13951293840598458.68362c62-fbe5-4fc0-ae89-be19f1a26f5b.f7af2199-1b00-4a4e-a8b0-84e2cb6f5841,https://store-images.s-microsoft.com/image/apps.47841.13951293840598458.68362c62-fbe5-4fc0-ae89-be19f1a26f5b.e3563857-54c8-4a61-acb2-9a36981f3d90,https://store-images.s-microsoft.com/image/apps.43881.13951293840598458.68362c62-fbe5-4fc0-ae89-be19f1a26f5b.d7fa7a71-2e56-4079-8d1f-691013ac3a73","액션,어드벤처,기타,슈팅",xbox
Windborn - Concrete Jungle,https://www.xbox.com/ko-kr/games/store/windborn---concrete-jungle/9NNWH7MVKKFH,2025-04-11,https://store-images.s-microsoft.com/image/apps.38729.13735002418216374.8da806c9-d558-4c1f-8cb6-477a4264426c.1830836c-a8c0-43ea-b301-b3cc9fafa4bd,"Embark on an exhilarating journey as a bird navigating the skies alongside your flock. In this beautifully crafted adventure, you will soar through 11 vibrant and diverse levels, each offering unique challenges and breathtaking landscapes. Your mission isn’t just about speed—it’s about staying connected with your flock as you all journey together, guided by instinct and unity.
Feel the rush as you fly through speed boosts that propel you forward, but be careful! Lose track of your flock, and you risk being left behind. The world around you is full of wonder—experience the thrill of wide-open skies, the serenity of soaring with your companions, and the subtle strategy of maintaining the perfect pace to stay with your flock.
From lush forests to vast oceans and sweeping mountain ranges, every level introduces a new environment that tests your ability to adapt and stay with your group. The game combines exciting, fast-paced moments with relaxing, meditative flights, creating a balance that makes every moment enjoyable.
Will you master the skies and ensure that no one gets left behind? The freedom of the skies is yours to explore—let the journey begin!",Windborn - Concrete Jungle,EpiXR Games,"https://store-images.s-microsoft.com/image/apps.38729.13735002418216374.8da806c9-d558-4c1f-8cb6-477a4264426c.1830836c-a8c0-43ea-b301-b3cc9fafa4bd,https://store-images.s-microsoft.com/image/apps.16598.13735002418216374.8da806c9-d558-4c1f-8cb6-477a4264426c.d5c34b68-a7b9-4503-81d0-ea74ea0fe4ea,https://store-images.s-microsoft.com/image/apps.55893.13735002418216374.8da806c9-d558-4c1f-8cb6-477a4264426c.6ab6aac9-96b6-4792-ad13-70c709c6494b,https://store-images.s-microsoft.com/image/apps.53460.13735002418216374.8da806c9-d558-4c1f-8cb6-477a4264426c.7a226a5b-cd55-4146-aca7-aaed962e97c4,https://store-images.s-microsoft.com/image/apps.15357.13735002418216374.8da806c9-d558-4c1f-8cb6-477a4264426c.4eae4b04-210c-4af6-8f4e-975f4039580d,https://store-images.s-microsoft.com/image/apps.31491.13735002418216374.8da806c9-d558-4c1f-8cb6-477a4264426c.a68013c4-9bd2-4d47-aeb7-3fa5cc012bd8","시뮬레이션,가족,어린이,레이싱,비행,기타",xbox
Mortisomem,https://www.xbox.com/ko-kr/games/store/mortisomem-xbox-series-xs/9PCRMQD4RFHH,2025-04-11,https://store-images.s-microsoft.com/image/apps.17996.14168370041488490.a1c4aff8-9551-4f96-8c33-e7c2cfdd43c6.4bd9c085-cf66-45d1-b91f-36fb55370b21,"Mortisomem은 레트로 비주얼 스타일을 갖춘 모험, 미스터리, 공포 게임입니다. 이 게임은 브라질 내륙 지역의 광대한 숲에서 1917년에 배경이 설정되어 있습니다.

도널드 바네스(Donald Barnes)는 이민자이자 브라질에서 성공한 미국 상인입니다. 그러나 어느 날 그는 그 지역의 전통 이야기를 듣게 되어 크게 주목하게 됩니다; 수백 년 전에 살았던 남자에 관한 이야기로, 그는 아내의 가족에 의해 잔인하게 살해되고, 그의 죽음 후에는 증오와 원한으로 지역 주민을 죽이는 잔인한 악마가 되었습니다. 이 악마는 Mortisomem이라고 불립니다.

그러나 집에 돌아가는 길에 도널드 바네스는 Mortisomem의 신체적 특징과 완벽하게 일치하는 강력하고 무시무시한 생물에 추적당하기 시작합니다. 미국 상인은 이 생물로부터 탈출하고 집으로 가는 다른 길을 찾기 위해 더욱 내륙 지역의 농촌 지역으로 모험을 떠나야 합니다.

브라질 내륙의 숲을 탐험하고 사람들을 만나 지역의 역사를 발견하며 Mortisomem으로부터 생존을 노리십시오.

게임 특징:
- 중간 길이의 게임: 플레이어의 스킬에 따라 엔딩 하나를 언락하는 데 약 1시간 소요됩니다.
- 훌륭한 분위기와 미학: 다양한 효과, 소리 및 복고풍 그래픽이 있는 놀라운 농촌 및 야간 설정.
- 자유로운 탐사 맵: 상호 작용과 비밀로 가득한 풍부한 세계를 자유롭게 탐험할 수 있습니다.
- 다양한 엔딩: 플레이어의 결정이 다양한 결과로 이끌 수 있습니다.",Mortisomem,Sometimes You,"https://store-images.s-microsoft.com/image/apps.17996.14168370041488490.a1c4aff8-9551-4f96-8c33-e7c2cfdd43c6.4bd9c085-cf66-45d1-b91f-36fb55370b21,https://store-images.s-microsoft.com/image/apps.22372.14168370041488490.a1c4aff8-9551-4f96-8c33-e7c2cfdd43c6.d8717468-a164-4f06-b82f-2693245ea333,https://store-images.s-microsoft.com/image/apps.55418.14168370041488490.a1c4aff8-9551-4f96-8c33-e7c2cfdd43c6.74ea9ce8-5a77-4893-9f89-948ca92609fe,https://store-images.s-microsoft.com/image/apps.29139.14168370041488490.a1c4aff8-9551-4f96-8c33-e7c2cfdd43c6.fa5b1af1-0231-4a9f-8cf7-a59baa0679c6,https://store-images.s-microsoft.com/image/apps.12686.14168370041488490.a1c4aff8-9551-4f96-8c33-e7c2cfdd43c6.f0f4df0f-445e-49e9-a9b0-7437a0c1e90e,https://store-images.s-microsoft.com/image/apps.11303.14168370041488490.a1c4aff8-9551-4f96-8c33-e7c2cfdd43c6.a52f7523-ec81-460f-904f-7344d5e3d18a,https://store-images.s-microsoft.com/image/apps.17899.14168370041488490.a1c4aff8-9551-4f96-8c33-e7c2cfdd43c6.a04e1b6b-05d7-48a8-8c79-89fd6513bfea,https://store-images.s-microsoft.com/image/apps.16364.14168370041488490.a1c4aff8-9551-4f96-8c33-e7c2cfdd43c6.e9fdd0f5-87b7-42da-aaee-26100915d550,https://store-images.s-microsoft.com/image/apps.47841.14168370041488490.a1c4aff8-9551-4f96-8c33-e7c2cfdd43c6.53fe655b-6a78-404d-8bd1-d97982156d6a,https://store-images.s-microsoft.com/image/apps.43881.14168370041488490.a1c4aff8-9551-4f96-8c33-e7c2cfdd43c6.42cb0161-f64e-4397-bfae-5cfca2113299","액션,어드벤처,슈팅,기타",xbox
Hot Rod Mayhem,https://www.xbox.com/ko-kr/games/store/hot-rod-mayhem/9P5TWZN4G3FB,2025-04-15,https://store-images.s-microsoft.com/image/apps.7610.14632317104995915.830eb68d-3696-45c4-8696-608d95d1edfa.6f343477-0c19-4a72-a29d-e4a41a9dcc8f,"엔진을 켜세요, 기어헤드 여러분 - 핫 로드 메이헴의 시간입니다! 와일드한 레이스와 독특한 시험에서 속도와 기술을 시험하며 궁극의 작은 레이서로 자신을 증명하세요! 까다로운 마블이나 유도 다트 같은 위험한 아이템을 사용하여 라이벌들을 먼지 속에 남겨두세요!",Hot Rod Mayhem,Casual Brothers Ltd.,"https://store-images.s-microsoft.com/image/apps.7610.14632317104995915.830eb68d-3696-45c4-8696-608d95d1edfa.6f343477-0c19-4a72-a29d-e4a41a9dcc8f,https://store-images.s-microsoft.com/image/apps.17777.14632317104995915.830eb68d-3696-45c4-8696-608d95d1edfa.439bb07d-b7bc-406c-a554-1763d5bed7a1,https://store-images.s-microsoft.com/image/apps.17380.14632317104995915.830eb68d-3696-45c4-8696-608d95d1edfa.e1784a62-279b-4e2b-8c6a-6d72bc0e1907,https://store-images.s-microsoft.com/image/apps.15259.14632317104995915.830eb68d-3696-45c4-8696-608d95d1edfa.61eac644-e83f-44e3-bdb2-3771c2b4a867,https://store-images.s-microsoft.com/image/apps.54143.14632317104995915.830eb68d-3696-45c4-8696-608d95d1edfa.4cb2b7f1-2b70-4139-b880-e15c35f6fdf3,https://store-images.s-microsoft.com/image/apps.50000.14632317104995915.830eb68d-3696-45c4-8696-608d95d1edfa.93d05fd3-7711-497c-a843-7c790573af5d","레이싱,비행,카드,보드,액션,어드벤처,스포츠",xbox
I,https://www.xbox.com/ko-kr/games/store/i-robot/9PHF27SH4QC4,2025-04-16,https://store-images.s-microsoft.com/image/apps.28773.14233160234811217.559f46ce-2d8c-406c-ba88-c62ff50f6950.694d662b-55f3-46da-9133-6f47a4000fde,"Jeff Minter가 1980년대 Atari 아케이드 게임 I, Robot을 새롭게 재해석한 버전을 들고 돌아왔습니다. 개성 넘치는 고전 아케이드 게임이 Minter 특유의 다양한 색상과 형태와 사운드의 향연으로 재탄생해 새로운 도전거리와 반전과 라마떼를 선사합니다.

I, Robot의 설정은 단순합니다. 황소 머리 로봇을 조종해 섭리의 눈을 물리치는 것입니다. 우선, 밟으면 뒤집히는 타일을 모두 밟아야 합니다. 눈이 떠진 상태에서 점프하면 순식간에 광선을 맞고 나가떨어지니 조심하세요. 타일 부분을 넘어가면 튜브 형태의 길을 달리면서 앞을 가로막는 온갖 형태의 적을 쏘아 맞혀야 합니다. 이 모든 게 Minter의 만화경 같은 비주얼의 3D 공간에서 이루어집니다.

무시무시한 적의 공세에 맞서야 하는 까다로운 아레나 레벨도 Minter가 정성스레 준비했으니 방심은 금물입니다.

Llamasoft의 게임다운 비주얼 요소가 풍부합니다. 게임을 진행할수록 웅장해지는 음악과 함께 온갖 색채가 눈앞에 펼쳐집니다. 아케이드 액션을 충분히 즐겼다 싶으면 언게임을 통해 내면의 Jeff Minter를 일깨워 게임의 모든 그래픽 및 사운드 요소를 가지고 놀아볼 수도 있습니다.

특징

- 저마다 다른 도전거리가 있는 55개의 레벨
- 레벨을 넘어갈 때마다 즐기는, 매번 다른 튜브 슈터 보너스 스테이지
- Llamasoft 특유의 강렬한 비주얼
- 점수를 쌓을수록 절차적으로 웅장해지는 음악
- 순위를 올려서 자랑할 수 있는 온라인 순위표","I, Robot",Atari,"https://store-images.s-microsoft.com/image/apps.28773.14233160234811217.559f46ce-2d8c-406c-ba88-c62ff50f6950.694d662b-55f3-46da-9133-6f47a4000fde,https://store-images.s-microsoft.com/image/apps.30582.14233160234811217.559f46ce-2d8c-406c-ba88-c62ff50f6950.960f7f9e-4448-48cc-9a65-d90b97f2cad1,https://store-images.s-microsoft.com/image/apps.64237.14233160234811217.559f46ce-2d8c-406c-ba88-c62ff50f6950.e4828f5a-65d6-4b0a-bce8-2fc3500bbf20,https://store-images.s-microsoft.com/image/apps.43500.14233160234811217.559f46ce-2d8c-406c-ba88-c62ff50f6950.9bee9cda-dfff-43a2-be03-b95d8540ac7d,https://store-images.s-microsoft.com/image/apps.28943.14233160234811217.559f46ce-2d8c-406c-ba88-c62ff50f6950.b4ed6e61-dbc8-4a0b-91b3-59ec3cffc3f9,https://store-images.s-microsoft.com/image/apps.13932.14233160234811217.559f46ce-2d8c-406c-ba88-c62ff50f6950.ca0a644e-5583-4e82-83e0-8124f9e9228f,https://store-images.s-microsoft.com/image/apps.27212.14233160234811217.559f46ce-2d8c-406c-ba88-c62ff50f6950.75e5f6c4-34c1-4fdb-be38-6b65eea4d69e,https://store-images.s-microsoft.com/image/apps.38252.14233160234811217.559f46ce-2d8c-406c-ba88-c62ff50f6950.4ec4d3d9-044a-4c4e-afe8-7b46923ff52c,https://store-images.s-microsoft.com/image/apps.34915.14233160234811217.559f46ce-2d8c-406c-ba88-c62ff50f6950.27dab929-ec58-43aa-97e9-c1cad09bbf79","클래식,액션,어드벤처,슈팅",xbox
Once Upon A Puppet,https://www.xbox.com/ko-kr/games/store/once-upon-a-puppet/9MV8T4C45MXL,2025-04-23,https://store-images.s-microsoft.com/image/apps.33304.13792963634004921.5b4d9ab9-9313-471c-8963-e72daa4ed3f0.bb4b7a0f-8bde-4664-adc9-ee5919ec35c8,"개막:
생생한 극장 세계에서 펼쳐지는 2.5D 퍼즐 플랫포머 게임, Once Upon a Puppet에 오신 것을 환영합니다. 우정, 자아 발견, 구원에 관한 매력적인 이야기 속에서, 고전 플랫포머와 인형극 테마를 결합한 게임 플레이로 마법 같은 이야기 속에 빠져보세요.

언더스테이지로 추방된 무대 담당자 니에브의 장갑을 끼고, 마법에 묶인 인형 드레브의 줄을 조종하세요. 위의 프론트스테이지로 돌아가는 여정에서, 그들은 잊힌 이야기를 다시 들려주고, 어두운 비밀을 밝혀내며, 극장 왕국과 자신의 운명이 뒤엉켜 있다는 것을 알게 됩니다.

하이라이트:
인형과 인형사: 액션, 이동, 창의적인 퍼즐 풀이에 독특하게 접근한 이 게임에서, 줄을 당기고 인형극 기술을 마스터하세요. 
캐릭터들의 공연단: 수많은 주/조연 캐릭터로 구성된 공연단과 손으로 쓴 수백 줄의 대사가 펼쳐집니다. 
죽음의 그림자: 빛을 거두고 공연을 영원히 끝내려는 사악한 존재들에 맞서 싸우세요. 
촘촘하게 만들어진 세계: 과거와 현재를 넘나드는 무대를 통해, 극장의 마법을 강화하는 멋지고 세밀한 그래픽을 감상하세요. 
장면 세팅: 소품, 배경, 캐릭터를 배치하고 옮겨 연극 무대를 재구성하고, 한때 자랑스러웠던 월드 스테이지의 모습을 재현해 장면을 되살리세요. 
매혹적인 사운드: Once Upon a Puppet의 세계에 생동감을 불어넣는 풍부한 연극풍 사운드트랙과, 몰입감 넘치는 음향 효과에 매료되어 보세요.


주연:
자신들도 모르게 마법의 실로 엮인 드레브와 니에브는, 마음이 무너진 왕에 맞서 극장에서 자신의 자리를 되찾는 여정을 마지못해 떠나게 됩니다.

자신을 믿지 못하는 유능한 재단사 니에브는, 순진하지만 야심만만한 배우 드레브와 강한 유대감을 갖게 됩니다. 드레브의 자유분방한 연극과 니에브의 명석함이 만나, 두 사람은 마음 깊이 숨겨진 두려움을 극복하고 공허의 진실을 드러낼 것입니다.",Once Upon A Puppet,Daedalic Entertainment,"https://store-images.s-microsoft.com/image/apps.33304.13792963634004921.5b4d9ab9-9313-471c-8963-e72daa4ed3f0.bb4b7a0f-8bde-4664-adc9-ee5919ec35c8,https://store-images.s-microsoft.com/image/apps.37479.13792963634004921.5b4d9ab9-9313-471c-8963-e72daa4ed3f0.2d1f0bc5-b9cf-46da-83f0-5946abec14e3,https://store-images.s-microsoft.com/image/apps.31517.13792963634004921.5b4d9ab9-9313-471c-8963-e72daa4ed3f0.e162fcb9-7c9f-4313-81bf-bf7ec27a75be,https://store-images.s-microsoft.com/image/apps.7389.13792963634004921.5b4d9ab9-9313-471c-8963-e72daa4ed3f0.c704cb74-c56c-4a8d-95a3-1c9a149d26a4,https://store-images.s-microsoft.com/image/apps.18637.13792963634004921.5b4d9ab9-9313-471c-8963-e72daa4ed3f0.3cd23a9f-520b-410a-b34a-1055f0c1b7e5,https://store-images.s-microsoft.com/image/apps.24102.13792963634004921.5b4d9ab9-9313-471c-8963-e72daa4ed3f0.769576b4-8b9c-4848-98c1-1e575564d968,https://store-images.s-microsoft.com/image/apps.14180.13792963634004921.5b4d9ab9-9313-471c-8963-e72daa4ed3f0.e2c0d02e-77bd-43e9-b5ee-c8119d2d98c3,https://store-images.s-microsoft.com/image/apps.52749.13792963634004921.5b4d9ab9-9313-471c-8963-e72daa4ed3f0.04f489d4-e911-47ea-a125-60128706de51,https://store-images.s-microsoft.com/image/apps.4982.13792963634004921.5b4d9ab9-9313-471c-8963-e72daa4ed3f0.6cc0a3a7-fbe0-4830-8814-96e2f4917d0c,https://store-images.s-microsoft.com/image/apps.39151.13792963634004921.5b4d9ab9-9313-471c-8963-e72daa4ed3f0.2e1063e4-ed71-429e-8e70-59ded96d0070",플랫포머,xbox
Amerzone - The Explorer's Legacy,https://www.xbox.com/ko-kr/games/store/amerzone--/9MXTN71QMQWK,2025-04-23,https://store-images.s-microsoft.com/image/apps.59405.13887515052390684.1cd283da-d7ca-4207-bd07-5412c329797e.a5350980-dc86-4859-b548-b363688512b4,"그레이트 화이트 버드를 찾아 비밀로 가득한 미지의 땅으로 모험을 떠나보세요

어느 탐험가의 유지를 받들어 남미의 잊힌 나라, Amerzone으로 날아가 탐험을 시작해보세요.

자연과 하나가 된 이 비밀스러운 땅의 폐허를 조사하며, 각자의 풍부한 스토리를 가진 흥미진진한 캐릭터들을 만나고 복잡한 퍼즐을 풀어 진실을 밝혀내세요.

전설 속의 그레이트 화이트 버드를 둘러싼 미스터리를 파헤칠 수 있을까요?

특징
- Benoît Sokal의 컬트 명작 리메이크
Syberia 사가를 앞서는 Benoît Sokal의 작품을 (다시) 만나보세요

- 탐험에 대한 헌사
으스스하면서도 아름다운 환경을 여행하며 이 땅에 얽힌 미스터리와 비밀을 파헤쳐 보세요

- 수많은 난관을 이겨내고 진실을 밝혀 내세요
깊고 풍부한 스토리 속에서 단서를 찾고 복잡한 퍼즐을 풀며, 그레이트 화이트 버드를 찾아내세요

- 매력적인 캐릭터들을 만나보세요
풍부한 스토리를 가진 사람들을 만나고, 이들의 이야기를 들어 과거의 오류를 바로잡으세요

- 누구나 모험을 즐길 수 있는 두 가지 난이도

- 데모 버전에서 정식 버전으로 세이브 파일 연동 가능

- Syberia 시리즈와 더불어 Benoît Sokal 특유의 세계관으로 빠져보세요","Amerzone - The Explorer's Legacy,Amerzone: 탐험가의 유산",Microids,"https://store-images.s-microsoft.com/image/apps.59405.13887515052390684.1cd283da-d7ca-4207-bd07-5412c329797e.a5350980-dc86-4859-b548-b363688512b4,https://store-images.s-microsoft.com/image/apps.61055.13887515052390684.1cd283da-d7ca-4207-bd07-5412c329797e.240cbc83-0700-4036-bab2-c32624ec5045,https://store-images.s-microsoft.com/image/apps.13365.13887515052390684.1cd283da-d7ca-4207-bd07-5412c329797e.30f0b012-e4c8-4b08-a570-d4571ce38530,https://store-images.s-microsoft.com/image/apps.57829.13887515052390684.1cd283da-d7ca-4207-bd07-5412c329797e.01e83f80-b49c-4beb-b0c3-d8fdd2065ca7,https://store-images.s-microsoft.com/image/apps.64656.13887515052390684.1cd283da-d7ca-4207-bd07-5412c329797e.b9edcb47-dd89-4641-9fdf-f89945c1a49c","액션,어드벤처,퍼즐,퀴즈",xbox
Once Upon A Puppet,https://www.xbox.com/ko-kr/games/store/once-upon-a-puppet---backstage-edition/9P2C3J4K5T2S,2025-04-23,https://store-images.s-microsoft.com/image/apps.33304.13792963634004921.5b4d9ab9-9313-471c-8963-e72daa4ed3f0.bb4b7a0f-8bde-4664-adc9-ee5919ec35c8,"개막:
생생한 극장 세계에서 펼쳐지는 2.5D 퍼즐 플랫포머 게임, Once Upon a Puppet에 오신 것을 환영합니다. 우정, 자아 발견, 구원에 관한 매력적인 이야기 속에서, 고전 플랫포머와 인형극 테마를 결합한 게임 플레이로 마법 같은 이야기 속에 빠져보세요.

언더스테이지로 추방된 무대 담당자 니에브의 장갑을 끼고, 마법에 묶인 인형 드레브의 줄을 조종하세요. 위의 프론트스테이지로 돌아가는 여정에서, 그들은 잊힌 이야기를 다시 들려주고, 어두운 비밀을 밝혀내며, 극장 왕국과 자신의 운명이 뒤엉켜 있다는 것을 알게 됩니다.

하이라이트:
인형과 인형사: 액션, 이동, 창의적인 퍼즐 풀이에 독특하게 접근한 이 게임에서, 줄을 당기고 인형극 기술을 마스터하세요. 
캐릭터들의 공연단: 수많은 주/조연 캐릭터로 구성된 공연단과 손으로 쓴 수백 줄의 대사가 펼쳐집니다. 
죽음의 그림자: 빛을 거두고 공연을 영원히 끝내려는 사악한 존재들에 맞서 싸우세요. 
촘촘하게 만들어진 세계: 과거와 현재를 넘나드는 무대를 통해, 극장의 마법을 강화하는 멋지고 세밀한 그래픽을 감상하세요. 
장면 세팅: 소품, 배경, 캐릭터를 배치하고 옮겨 연극 무대를 재구성하고, 한때 자랑스러웠던 월드 스테이지의 모습을 재현해 장면을 되살리세요. 
매혹적인 사운드: Once Upon a Puppet의 세계에 생동감을 불어넣는 풍부한 연극풍 사운드트랙과, 몰입감 넘치는 음향 효과에 매료되어 보세요.


주연:
자신들도 모르게 마법의 실로 엮인 드레브와 니에브는, 마음이 무너진 왕에 맞서 극장에서 자신의 자리를 되찾는 여정을 마지못해 떠나게 됩니다.

자신을 믿지 못하는 유능한 재단사 니에브는, 순진하지만 야심만만한 배우 드레브와 강한 유대감을 갖게 됩니다. 드레브의 자유분방한 연극과 니에브의 명석함이 만나, 두 사람은 마음 깊이 숨겨진 두려움을 극복하고 공허의 진실을 드러낼 것입니다.",Once Upon A Puppet,Daedalic Entertainment,"https://store-images.s-microsoft.com/image/apps.33304.13792963634004921.5b4d9ab9-9313-471c-8963-e72daa4ed3f0.bb4b7a0f-8bde-4664-adc9-ee5919ec35c8,https://store-images.s-microsoft.com/image/apps.37479.13792963634004921.5b4d9ab9-9313-471c-8963-e72daa4ed3f0.2d1f0bc5-b9cf-46da-83f0-5946abec14e3,https://store-images.s-microsoft.com/image/apps.31517.13792963634004921.5b4d9ab9-9313-471c-8963-e72daa4ed3f0.e162fcb9-7c9f-4313-81bf-bf7ec27a75be,https://store-images.s-microsoft.com/image/apps.7389.13792963634004921.5b4d9ab9-9313-471c-8963-e72daa4ed3f0.c704cb74-c56c-4a8d-95a3-1c9a149d26a4,https://store-images.s-microsoft.com/image/apps.18637.13792963634004921.5b4d9ab9-9313-471c-8963-e72daa4ed3f0.3cd23a9f-520b-410a-b34a-1055f0c1b7e5,https://store-images.s-microsoft.com/image/apps.24102.13792963634004921.5b4d9ab9-9313-471c-8963-e72daa4ed3f0.769576b4-8b9c-4848-98c1-1e575564d968,https://store-images.s-microsoft.com/image/apps.14180.13792963634004921.5b4d9ab9-9313-471c-8963-e72daa4ed3f0.e2c0d02e-77bd-43e9-b5ee-c8119d2d98c3,https://store-images.s-microsoft.com/image/apps.52749.13792963634004921.5b4d9ab9-9313-471c-8963-e72daa4ed3f0.04f489d4-e911-47ea-a125-60128706de51,https://store-images.s-microsoft.com/image/apps.4982.13792963634004921.5b4d9ab9-9313-471c-8963-e72daa4ed3f0.6cc0a3a7-fbe0-4830-8814-96e2f4917d0c,https://store-images.s-microsoft.com/image/apps.39151.13792963634004921.5b4d9ab9-9313-471c-8963-e72daa4ed3f0.2e1063e4-ed71-429e-8e70-59ded96d0070",플랫포머,xbox
FATAL FURY: City of the Wolves,https://www.xbox.com/ko-kr/games/store/-----special-edition/9NPPW057HBDW,2025-04-24,https://store-images.s-microsoft.com/image/apps.61090.14135920026106660.b06e746a-f873-48df-a492-ee166984619a.70610c0a-7b51-4589-9a59-e85a30f07a94,"26년의 세월을 넘어, ""아랑전설"" 프로젝트 재시동.",FATAL FURY: City of the Wolves,SNK CORPORATION,"https://store-images.s-microsoft.com/image/apps.61090.14135920026106660.b06e746a-f873-48df-a492-ee166984619a.70610c0a-7b51-4589-9a59-e85a30f07a94,https://store-images.s-microsoft.com/image/apps.63122.14135920026106660.b06e746a-f873-48df-a492-ee166984619a.43bea5f7-1515-41fb-9fe0-a41f1f6d829c,https://store-images.s-microsoft.com/image/apps.48880.14135920026106660.b06e746a-f873-48df-a492-ee166984619a.31ce048b-cff1-4699-a347-c322945143dc,https://store-images.s-microsoft.com/image/apps.60342.14135920026106660.b06e746a-f873-48df-a492-ee166984619a.a71abf95-acec-48c5-ad39-075659f18812,https://store-images.s-microsoft.com/image/apps.16181.14135920026106660.b06e746a-f873-48df-a492-ee166984619a.e5be915a-52db-4aae-8e61-33364b563776,https://store-images.s-microsoft.com/image/apps.36124.14135920026106660.b06e746a-f873-48df-a492-ee166984619a.79bd4044-a129-45b8-b9e9-a334e14ed364,https://store-images.s-microsoft.com/image/apps.25482.14135920026106660.b06e746a-f873-48df-a492-ee166984619a.5b49016d-3a48-4071-9608-64132338b1e9,https://store-images.s-microsoft.com/image/apps.56658.14135920026106660.b06e746a-f873-48df-a492-ee166984619a.b9453fb2-a3d8-4d2e-bbe3-1e32711765a8,https://store-images.s-microsoft.com/image/apps.54732.14135920026106660.b06e746a-f873-48df-a492-ee166984619a.47ab39a1-a6f7-4340-b2be-e717befa4c07,https://store-images.s-microsoft.com/image/apps.51359.14135920026106660.b06e746a-f873-48df-a492-ee166984619a.e10e9372-2a63-4ea1-b8b3-32625c37baa1",격투,xbox
NanoApostle,https://www.xbox.com/ko-kr/games/store/nanoapostle/9P3RPVRMKV8W,2025-04-24,https://store-images.s-microsoft.com/image/apps.11644.14532666948281308.2bc2a169-3f26-4373-9763-206e68cae8ff.784d2a77-9fac-405e-bd84-d03aafc65f92,음지의 연구 시설 깊숙한 곳에서 실험체로 태어난 소녀 아니타에게는 자의식 있는 나노 머신 '어포슬'이 이식됐습니다. 아니타는 악몽 같은 감옥에서 탈출할 길을 찾으면서 나나이트 동료들과 힘을 합쳐 일련의 위험한 프로토타입 생체 병기들을 무찔러야 합니다.,NanoApostle,PQube,"https://store-images.s-microsoft.com/image/apps.11644.14532666948281308.2bc2a169-3f26-4373-9763-206e68cae8ff.784d2a77-9fac-405e-bd84-d03aafc65f92,https://store-images.s-microsoft.com/image/apps.2312.14532666948281308.2bc2a169-3f26-4373-9763-206e68cae8ff.c30d256f-da36-4004-9627-40f216331d74,https://store-images.s-microsoft.com/image/apps.14353.14532666948281308.2bc2a169-3f26-4373-9763-206e68cae8ff.22856aa2-43e5-40ff-9ba1-2267b4668164,https://store-images.s-microsoft.com/image/apps.59431.14532666948281308.2bc2a169-3f26-4373-9763-206e68cae8ff.3821d565-4845-46c3-a94a-bf70caaf776b,https://store-images.s-microsoft.com/image/apps.13047.14532666948281308.2bc2a169-3f26-4373-9763-206e68cae8ff.2df1359a-525a-46fc-9058-361e02d0c9ed,https://store-images.s-microsoft.com/image/apps.9029.14532666948281308.2bc2a169-3f26-4373-9763-206e68cae8ff.9f6b13c6-8987-4224-8162-e6cc2beda6c6,https://store-images.s-microsoft.com/image/apps.23104.14532666948281308.2bc2a169-3f26-4373-9763-206e68cae8ff.cdd9272c-1700-47c0-94db-e42c70aa8e37,https://store-images.s-microsoft.com/image/apps.2991.14532666948281308.2bc2a169-3f26-4373-9763-206e68cae8ff.f0e44ec3-bae4-479c-9181-210f80b9b105","격투,액션,어드벤처",xbox
Clair Obscur: Expedition 33,https://www.xbox.com/ko-kr/games/store/--33-/9PPT8K6GQHRZ,2025-04-24,https://store-images.s-microsoft.com/image/apps.20955.14322280443288156.36e7f1cd-07a6-4e2a-a35d-485380706ab1.9069c813-937b-49e4-a0c4-994b2f184c6c,"""해가 지날 때마다, 우리는 지워진다.""

일 년에 한 번씩, 페인트리스는 잠에서 깨어나 거석 위에 저주받은 숫자를 적습니다. 그러면 페인트리스가 그린 숫자와 나이가 같은 모든 사람이 연기로 변해 사라져 버립니다. 해가 지날 때마다 그 숫자는 줄어들고, 더 많은 사람들의 존재가 지워집니다. 내일이면 그녀가 다시 깨어나 숫자 ""33""을 그릴 겁니다. 그리고 내일이면 우리는 페인트리스를 처치하는 최후의 임무를 수행하러 떠납니다. 그녀가 다시는 죽음을 그리지 못하게 할 겁니다.

우리는 33 원정대입니다.

클레르 옵스퀴르: 33 원정대는 독특한 실시간 메커니즘이 가미된 혁신적인 턴제 RPG로, 그 어느 때보다 몰입도 높고 스릴 넘치는 전투를 경험할 수 있습니다. 벨 에포크 시대의 프랑스에서 영감을 받은 판타지 세계를 탐험하며 무시무시한 적들과 맞서 싸우세요.

반응형 턴제 전투
새롭게 진화한 JRPG의 정수를 보여주는 이 게임에서는 실시간 액션이 턴제 전투의 핵심적인 재미를 보강해 줍니다. 장비, 능력치, 기술, 캐릭터 시너지 효과를 활용하여 나만의 플레이스타일에 맞춘 고유한 원정대원 빌드를 구성하세요. 전투에서는 실시간 회피와 쳐내기, 카운터 등으로 적극적인 공세를 펼치고, 공격 리듬에 숙달하여 연쇄 콤보를 쌓고, 자유 조준 시스템을 이용해서 적의 약점을 직접 공략하세요. 

""내일은 온다.""
시간이 단 일 년 밖에 남지 않은 상황에서 구스타브와 마엘, 동료 원정대원들을 이끌고 페인트리스의 죽음의 굴레를 끊어내기 위한 필사적인 여정에 오르세요. 이전 원정대의 흔적을 따라가며 그들이 맞이한 운명을 알아내세요. 불가능한 역경에 맞서 함께 싸우는 33 원정대의 원정대원들과 조금씩 가까워지세요.

아찔하리만큼 아름다운 세계
초현실적인 적들이 배회하는 매혹적인 세계를 탐험하세요. 비사주의 섬부터 잊힌 전장까지, 숨 막히게 아름다운 풍경 속을 거닐며 수많은 비밀과 숨겨진 임무를 찾아내세요. 전설 속 존재들을 동료로 맞이하세요. 특별한 친구를 만나 새로운 이동 수단을 확보하고, 세계 지도 속 비밀 지역을 발견해 보세요.

언리얼 엔진 5의 경이로운 그래픽으로 구현되고 가슴 시린 사운드트랙이 함께하는 Sandfall Interactive의 놀라운 데뷔 게임을 경험해 보세요.","Clair Obscur: Expedition 33,클레르 옵스퀴르: 33 원정대",Kepler Interactive,"https://store-images.s-microsoft.com/image/apps.20955.14322280443288156.36e7f1cd-07a6-4e2a-a35d-485380706ab1.9069c813-937b-49e4-a0c4-994b2f184c6c,https://store-images.s-microsoft.com/image/apps.13360.14322280443288156.36e7f1cd-07a6-4e2a-a35d-485380706ab1.6103cfc0-0ee8-4135-8ca6-d183226adcf0,https://store-images.s-microsoft.com/image/apps.32698.14322280443288156.36e7f1cd-07a6-4e2a-a35d-485380706ab1.b8c029cd-4b4b-49e3-bff6-9cf63e3729eb,https://store-images.s-microsoft.com/image/apps.21736.14322280443288156.36e7f1cd-07a6-4e2a-a35d-485380706ab1.3404e0f9-e9ba-49ea-8d92-16a87828ea3b,https://store-images.s-microsoft.com/image/apps.31356.14322280443288156.36e7f1cd-07a6-4e2a-a35d-485380706ab1.ecb7ad40-dbbe-495a-8b51-3a10fc78d4c9,https://store-images.s-microsoft.com/image/apps.35516.14322280443288156.36e7f1cd-07a6-4e2a-a35d-485380706ab1.75ae6bab-fe3b-49f7-9c6f-7ec55d2618b4,https://store-images.s-microsoft.com/image/apps.50424.14322280443288156.36e7f1cd-07a6-4e2a-a35d-485380706ab1.335cf189-a24c-4d7a-908b-67de386188f5,https://store-images.s-microsoft.com/image/apps.44087.14322280443288156.36e7f1cd-07a6-4e2a-a35d-485380706ab1.5f2b7f44-ccc4-4144-a029-544d33f1c432,https://store-images.s-microsoft.com/image/apps.63942.14322280443288156.36e7f1cd-07a6-4e2a-a35d-485380706ab1.2a724642-916b-4649-8222-3b11f1baebe6,https://store-images.s-microsoft.com/image/apps.24647.14322280443288156.36e7f1cd-07a6-4e2a-a35d-485380706ab1.c4845462-09d1-4ac2-a733-aabea83b15a4","롤플레잉,액션,어드벤처",xbox
Paper Dash - Las Vegas,https://www.xbox.com/ko-kr/games/store/paper-dash---las-vegas/9NQ31DW6BC1S,2025-04-25,https://store-images.s-microsoft.com/image/apps.8333.13782088279713653.4fdf0c72-2e91-4f3a-8b9c-dbeffd052bd7.2a5198ae-c76b-4dae-920d-23bfa0664b72,"Jump into Paper Dash – Las Vegas, where your paper plane takes flight through the dazzling lights and vibrant nights of the city that never sleeps. Fly, glide, dash, scare away ghosts, and enjoy a peaceful journey, facing the ghosts of greed in exciting, relaxing, and jaw-dropping environments.",Paper Dash - Las Vegas,EpiXR Games,"https://store-images.s-microsoft.com/image/apps.8333.13782088279713653.4fdf0c72-2e91-4f3a-8b9c-dbeffd052bd7.2a5198ae-c76b-4dae-920d-23bfa0664b72,https://store-images.s-microsoft.com/image/apps.45018.13782088279713653.4fdf0c72-2e91-4f3a-8b9c-dbeffd052bd7.d6be1ce7-9e43-4395-9bcf-ba144df1e6ed,https://store-images.s-microsoft.com/image/apps.29473.13782088279713653.4fdf0c72-2e91-4f3a-8b9c-dbeffd052bd7.6d2d3840-ef1c-4e74-9e22-90044ade7e72,https://store-images.s-microsoft.com/image/apps.45177.13782088279713653.4fdf0c72-2e91-4f3a-8b9c-dbeffd052bd7.b93d5167-53c4-4314-8fb6-f56f898e0d6c,https://store-images.s-microsoft.com/image/apps.59371.13782088279713653.4fdf0c72-2e91-4f3a-8b9c-dbeffd052bd7.25b4ca69-6f65-4e41-a4f6-523214208caa,https://store-images.s-microsoft.com/image/apps.31620.13782088279713653.4fdf0c72-2e91-4f3a-8b9c-dbeffd052bd7.cc99a396-e60c-4533-bb87-f7d935424642,https://store-images.s-microsoft.com/image/apps.45379.13782088279713653.4fdf0c72-2e91-4f3a-8b9c-dbeffd052bd7.3b019ef6-6f60-4937-8456-e4460e6ae299,https://store-images.s-microsoft.com/image/apps.36515.13782088279713653.4fdf0c72-2e91-4f3a-8b9c-dbeffd052bd7.b826dae7-e4f9-497a-a3c9-3fc4b54202bf,https://store-images.s-microsoft.com/image/apps.28695.13782088279713653.4fdf0c72-2e91-4f3a-8b9c-dbeffd052bd7.fbd98d0c-09f1-4596-8457-92e1c618cac0","가족,어린이,레이싱,비행,시뮬레이션,슈팅",xbox
MotoGP25 -,https://www.xbox.com/ko-kr/games/store/motogp25---xbox-series-xs/9NS4D0D2QXGK,2025-04-29,https://store-images.s-microsoft.com/image/apps.6573.14285087882067131.494eac53-50f8-41d6-a10a-e0a96fcf643c.7a504684-0a59-447e-b045-39b8e42640b5,"MotoGP™25에 참가하세요!

2025 시즌의 모든 디테일을 느껴보세요
공식 챔피언십에 참가하고 좋아하는 라이더들과 함께 경쟁하면서 유명한 바이크와 시즌 트랙을 마스터하세요. 언리얼 엔진 5, 공정한 전투를 보장하는 MotoGP™ Stewards, 공식 바이크를 현장에서 녹음하여 개선한 사운드 디자인을 통해 가장 사실적인 경주의 스릴을 경험하세요.

레이싱 유산을 만들어가세요
MotoGP™ Legend가 되는 길은 여기에서부터 시작됩니다! 바이크의 진화 속으로 뛰어들고, 시즌 중에 자신만의 커리어 Turning Point를 선택하고, 트랙 밖에서 사회적 관계를 쌓으세요. 그리고 이런 다양한 선택이 주말 동안 어떻게 진화해 나가는지 직접 확인하세요. 라이더 마켓의 분위기를 익히고 항상 개성 넘치는 여정을 만들어가세요.

실력을 키우세요
커리어 및 퀵 모드에서 이용할 수 있는 새로운 Race Off 규칙을 통해 챔피언이 되는 법을 배우세요. 2개의 오리지널 환경에 펼쳐져 있는 4개의 전용 트랙에서 Motard, Flat Track, Minibike 바이크를 타고 질주하세요. 일리미네이션과 릴레이 레이스 같은 챌린지에 도전하고, 라이더의 신체 능력을 끌어올리고, 액세서리를 잠금 해제하고, 스킬을 날카롭게 다듬어서 트랙을 지배하세요!

자신만의 길을 질주하세요
끝없는 플레이, 아니면 풀 시뮬레이션 챌린지? 새로운 Arcade 경험을 통해 즉시 아드레날린이 솟구치는 재미를 느끼세요. 아니면 Pro 경험에서 트랙의 모든 세밀한 정보, 연료 소비량, 전자 장치를 마스터하면서 실감 나는 MotoGP™의 세계를 체험하세요! 적응형 난이도 모드, 신경 지원 시스템, 새로운 튜토리얼을 통해 바이크를 완벽하게 조종하세요.

현장을 장악하세요
랭킹 레이스와 완벽한 크로스 플레이를 통해 자신이 속한 플랫폼*에 상관없이 비슷한 스킬을 가진 친구 및 상대에게 도전할 수 있습니다. 게임 내 에디터를 통해 창의력을 발휘하고 온 세상에 자신만의 개성을 표출하세요.

*Nintendo Switch 제외",MotoGP25 -,Milestone S.r.l.,"https://store-images.s-microsoft.com/image/apps.6573.14285087882067131.494eac53-50f8-41d6-a10a-e0a96fcf643c.7a504684-0a59-447e-b045-39b8e42640b5,https://store-images.s-microsoft.com/image/apps.41720.14285087882067131.494eac53-50f8-41d6-a10a-e0a96fcf643c.60f98761-3946-4ab6-a416-37e78eed557e,https://store-images.s-microsoft.com/image/apps.34349.14285087882067131.494eac53-50f8-41d6-a10a-e0a96fcf643c.fac63909-c1a2-40be-aca9-5fffe57577f6,https://store-images.s-microsoft.com/image/apps.35388.14285087882067131.a0165374-8174-41b4-8cd8-0ba928e7b4b9.878c8d26-84ab-48bf-bab4-51952dbda36d,https://store-images.s-microsoft.com/image/apps.11105.14285087882067131.494eac53-50f8-41d6-a10a-e0a96fcf643c.830eef6d-17d1-45d2-929b-9e056ea35488,https://store-images.s-microsoft.com/image/apps.25327.14285087882067131.494eac53-50f8-41d6-a10a-e0a96fcf643c.bf4b41d6-e25a-4b45-b1a2-98b7dd2727bd,https://store-images.s-microsoft.com/image/apps.14761.14285087882067131.494eac53-50f8-41d6-a10a-e0a96fcf643c.4f55221a-8e19-47ef-85f5-ffdce97cd56e,https://store-images.s-microsoft.com/image/apps.20357.14285087882067131.494eac53-50f8-41d6-a10a-e0a96fcf643c.bbccc991-fbca-4588-8042-df6acdf202c0,https://store-images.s-microsoft.com/image/apps.24981.14285087882067131.494eac53-50f8-41d6-a10a-e0a96fcf643c.a46416ea-3cff-4da2-b87e-7964b92db54c,https://store-images.s-microsoft.com/image/apps.54600.14285087882067131.494eac53-50f8-41d6-a10a-e0a96fcf643c.bba70548-40eb-4284-9cf8-eb1ce96012f6","레이싱,비행,스포츠,시뮬레이션",xbox
MotoGP25 -,https://www.xbox.com/ko-kr/games/store/motogp25---xbox-one/9P8L9XSDRWWV,2025-04-29,https://store-images.s-microsoft.com/image/apps.6573.14531044349101622.1af2abb3-f8e4-4168-8708-9eeda4ad1e98.be262626-2d97-4cec-9a16-c21d61551280,"MotoGP™25에 참가하세요!

2025 시즌의 모든 디테일을 느껴보세요
공식 챔피언십에 참가하고 좋아하는 라이더들과 함께 경쟁하면서 유명한 바이크와 시즌 트랙을 마스터하세요. 언리얼 엔진 5, 공정한 전투를 보장하는 MotoGP™ Stewards, 공식 바이크를 현장에서 녹음하여 개선한 사운드 디자인을 통해 가장 사실적인 경주의 스릴을 경험하세요.

레이싱 유산을 만들어가세요
MotoGP™ Legend가 되는 길은 여기에서부터 시작됩니다! 바이크의 진화 속으로 뛰어들고, 시즌 중에 자신만의 커리어 Turning Point를 선택하고, 트랙 밖에서 사회적 관계를 쌓으세요. 그리고 이런 다양한 선택이 주말 동안 어떻게 진화해 나가는지 직접 확인하세요. 라이더 마켓의 분위기를 익히고 항상 개성 넘치는 여정을 만들어가세요.

실력을 키우세요
커리어 및 퀵 모드에서 이용할 수 있는 새로운 Race Off 규칙을 통해 챔피언이 되는 법을 배우세요. 2개의 오리지널 환경에 펼쳐져 있는 4개의 전용 트랙에서 Motard, Flat Track, Minibike 바이크를 타고 질주하세요. 일리미네이션과 릴레이 레이스 같은 챌린지에 도전하고, 라이더의 신체 능력을 끌어올리고, 액세서리를 잠금 해제하고, 스킬을 날카롭게 다듬어서 트랙을 지배하세요!

자신만의 길을 질주하세요
끝없는 플레이, 아니면 풀 시뮬레이션 챌린지? 새로운 Arcade 경험을 통해 즉시 아드레날린이 솟구치는 재미를 느끼세요. 아니면 Pro 경험에서 트랙의 모든 세밀한 정보, 연료 소비량, 전자 장치를 마스터하면서 실감 나는 MotoGP™의 세계를 체험하세요! 적응형 난이도 모드, 신경 지원 시스템, 새로운 튜토리얼을 통해 바이크를 완벽하게 조종하세요.

현장을 장악하세요
랭킹 레이스와 완벽한 크로스 플레이를 통해 자신이 속한 플랫폼*에 상관없이 비슷한 스킬을 가진 친구 및 상대에게 도전할 수 있습니다. 게임 내 에디터를 통해 창의력을 발휘하고 온 세상에 자신만의 개성을 표출하세요.

*Nintendo Switch 제외",MotoGP25 -,Milestone S.r.l.,"https://store-images.s-microsoft.com/image/apps.6573.14531044349101622.1af2abb3-f8e4-4168-8708-9eeda4ad1e98.be262626-2d97-4cec-9a16-c21d61551280,https://store-images.s-microsoft.com/image/apps.41720.14531044349101622.1af2abb3-f8e4-4168-8708-9eeda4ad1e98.b223820b-2e3e-46df-be1c-158ce9d96cb0,https://store-images.s-microsoft.com/image/apps.34349.14531044349101622.1af2abb3-f8e4-4168-8708-9eeda4ad1e98.1f3b6acb-ec68-4fdb-a6f2-9cd6b3b40fc8,https://store-images.s-microsoft.com/image/apps.35388.14531044349101622.e863047b-dc3a-4acd-a6c1-c684e354a50e.b0328083-03b6-4da6-907d-d28563f8b4cb,https://store-images.s-microsoft.com/image/apps.11105.14531044349101622.1af2abb3-f8e4-4168-8708-9eeda4ad1e98.ea9b551e-892f-4ca0-b047-62510a21eba6,https://store-images.s-microsoft.com/image/apps.25327.14531044349101622.1af2abb3-f8e4-4168-8708-9eeda4ad1e98.e2073582-d44e-4c15-ae8c-f193dc43e441,https://store-images.s-microsoft.com/image/apps.14761.14531044349101622.1af2abb3-f8e4-4168-8708-9eeda4ad1e98.9ba5527c-3bb8-4c2a-9b79-c235def350e4,https://store-images.s-microsoft.com/image/apps.20357.14531044349101622.1af2abb3-f8e4-4168-8708-9eeda4ad1e98.17817dd8-1204-4836-98b8-4cbfd5f229c7,https://store-images.s-microsoft.com/image/apps.24981.14531044349101622.1af2abb3-f8e4-4168-8708-9eeda4ad1e98.039fb748-3304-459a-b769-c680e8f4df4e,https://store-images.s-microsoft.com/image/apps.54600.14531044349101622.1af2abb3-f8e4-4168-8708-9eeda4ad1e98.8e817ea4-543e-4908-be45-4484acb2b9aa","레이싱,비행,스포츠,시뮬레이션",xbox
KIBORG,https://www.xbox.com/ko-kr/games/store/kiborg/9N6GLJSQBNZD,2025-04-30,https://store-images.s-microsoft.com/image/apps.33086.14019020280751797.7d3cfbef-0865-46a7-843a-3c01e233c787.32aaa3d1-102c-4203-88db-64b885b66335,"KIBORG is a relentless rogue-lite beat’em up where you enhance your body with new cybernetic implants each run. You’ve been sent to the worst prison in the galaxy for crimes you didn’t commit. Death won’t provide an escape, but a violent reality show may offer a way out.

FIGHT FOR YOUR FREEDOM

In the future, even death can’t free you. If a criminal dies while serving their sentence, they are reconstructed to return to their suffering. And you’re serving a 1300-year sentence. The only way to shorten this sentence? Win on “The Last Ticket.” The rules are simple: there is a shuttle on the roof of the prison, and if you can fight your way through hordes of other inmates and reach it in time, you will be given your freedom.

NO COMPROMISES

KIBORG is a hybrid of old-school beat’em ups, shooters, and rogue-likes. The fights are fast, brutal, and deadly. Sever limbs, squash heads, and tear cybernetic cores apart from living foes. There are dozens of enemy types with unique abilities and tactics, and they are mixed and matched to create hundreds of challenging encounters. If you’re here for blood and gore, you’ve come to the right place.

IMMENSE BUILD VARIETY

Replace your body parts with an array of cybernetic implants, enabling a wide variety of playstyles. Experiment with hundreds of power-enhancing augmentations and apply dozens of mutations to create deadly synergies. Wield a variety of melee weapons and firearms of all types. Use combos and special attacks to devastate your foes. Unleash millions of possible combinations and countless potential viable builds to destroy those standing between you and freedom.",KIBORG,Sobaka Studio,"https://store-images.s-microsoft.com/image/apps.33086.14019020280751797.7d3cfbef-0865-46a7-843a-3c01e233c787.32aaa3d1-102c-4203-88db-64b885b66335,https://store-images.s-microsoft.com/image/apps.50447.14019020280751797.7d3cfbef-0865-46a7-843a-3c01e233c787.9da25458-3484-47e4-906d-9dbfb82c08eb,https://store-images.s-microsoft.com/image/apps.10030.14019020280751797.7d3cfbef-0865-46a7-843a-3c01e233c787.6899275d-bcb7-4bc7-8f3e-6be876c8a89f,https://store-images.s-microsoft.com/image/apps.8027.14019020280751797.7d3cfbef-0865-46a7-843a-3c01e233c787.eb60250c-eb14-424e-9297-0aaddeb15c48,https://store-images.s-microsoft.com/image/apps.41550.14019020280751797.7d3cfbef-0865-46a7-843a-3c01e233c787.6edc7a96-568e-4d1b-8ce2-dd923914dd91,https://store-images.s-microsoft.com/image/apps.52347.14019020280751797.7d3cfbef-0865-46a7-843a-3c01e233c787.192728b3-39fd-4b6d-b5d0-287dbcb06096,https://store-images.s-microsoft.com/image/apps.15021.14019020280751797.7d3cfbef-0865-46a7-843a-3c01e233c787.ab5427d5-52c7-4671-8431-5050747653e3","액션,어드벤처,슈팅,격투",xbox
DOOM: The Dark Ages,https://www.xbox.com/ko-kr/games/store/doom-the-dark-ages-standard-edition/9NN2BX6QXFZH,2025-05-15,https://store-images.s-microsoft.com/image/apps.15478.14239344665439398.f72b7e9e-0a95-4e76-b1e3-8989c4d70e2e.250e8b5d-d015-4c60-9fb6-ecc278c79521,"슬레이어가 되어 지옥을 상대로 중세 전쟁을 벌여라
DOOM: The Dark Ages는 비평가들의 찬사를 받은 DOOM(2016)과 DOOM Eternal의 프리퀄로, 둠 슬레이어의 전설에 걸맞은 이야기가 장대한 시네마틱으로 펼쳐집니다. 이 모던 DOOM 시리즈의 세 번째 작품에서 플레이어들은 둠 슬레이어의 피로 얼룩진 여정을 떠나 지옥을 상대로 이제껏 한 번도 본 적 없는 어둡고 사악한 중세 전쟁을 벌이게 됩니다. 

DOOM: The Dark Ages는 최신 idTech 엔진으로 만들어진 독보적인 DOOM 프랜차이즈의 화끈한 전투와 압도적인 그래픽을 선보이는 다크 판타지/SF 싱글 플레이어 게임입니다.

맞서 싸워라 
신과 왕들의 결전 병기가 되어 슈퍼 샷건과 같은 가공할 위력의 무기로 적들을 찢고, 다목적 병기인 방패 톱을 포함해 적들을 뼈까지 갈아 마셔 버릴 다양한 신규 무기를 사용해 보세요. 플레이어들은 오리지널 DOOM 시리즈 특유의 지상에서 펼쳐지는 무자비한 전투를 통해 악마로 득실대는 전장을 헤쳐 나가게 됩니다. 새로 등장하는 포악한 메카 드래곤을 타고 하늘로 날아오르거나 거대한 아틀란 메크를 위풍당당하게 타고 새롭게 향상된 글로리 킬 시스템으로 악마들을 마음껏 박살 내 보세요. 오직 슬레이어만이 혼돈을 불러일으키는 이 무시무시한 무기들을 다룰 수 있습니다.

지옥을 지배하라 
신과 왕들의 결전 병기라는 굴레에 속박된 둠 슬레이어는 악마들의 대장이 슬레이어를 없애고 자신이 유일한 공포의 대상으로 등극하기 위해 보낸 수많은 악마 무리를 상대하게 됩니다. 슬레이어가 지옥의 모든 적과 맞서 싸우고 전쟁의 흐름을 바꿔 전설이 되는 과정을 직접 확인하세요. 

미지의 영역을 발견하라 
슬레이어는 지옥의 군단을 박살 내기 위한 여정을 떠나, 이제껏 보지 못한 영역에서 전투를 치러야만 합니다. 황폐해진 성, 장대한 전장, 어두운 숲, 고대 지옥과 그 너머 다양한 장소에 각종 수수께끼와 챌린지, 그리고 보상이 기다리고 있습니다. 잔인하리만치 강력한 방패 톱으로 무장하고, id Software 역사상 가장 광대하며 위협과 비밀로 가득한 어둠의 세계를 헤쳐 나가세요.",DOOM: The Dark Ages,Bethesda Softworks,"https://store-images.s-microsoft.com/image/apps.15478.14239344665439398.f72b7e9e-0a95-4e76-b1e3-8989c4d70e2e.250e8b5d-d015-4c60-9fb6-ecc278c79521,https://store-images.s-microsoft.com/image/apps.59998.14239344665439398.f72b7e9e-0a95-4e76-b1e3-8989c4d70e2e.1cdcfd69-4b68-445e-ab7e-9957a3dc428f,https://store-images.s-microsoft.com/image/apps.50698.14239344665439398.f72b7e9e-0a95-4e76-b1e3-8989c4d70e2e.c68df532-84d3-4cd9-9762-f0808253259b,https://store-images.s-microsoft.com/image/apps.47290.14239344665439398.f72b7e9e-0a95-4e76-b1e3-8989c4d70e2e.4b3ff77d-7277-41ea-9156-245785bea58f,https://store-images.s-microsoft.com/image/apps.22605.14239344665439398.f72b7e9e-0a95-4e76-b1e3-8989c4d70e2e.edbbf2ce-017e-47af-835d-f3fc7e165d21,https://store-images.s-microsoft.com/image/apps.21194.14239344665439398.f72b7e9e-0a95-4e76-b1e3-8989c4d70e2e.b97db3b8-a69d-4e56-a4ad-e008f9c2ed0b",슈팅,xbox
Capcom Fighting Collection 2,https://www.xbox.com/ko-kr/games/store/capcom-fighting-collection-2/9N61WC19B7KF,2025-05-15,https://store-images.s-microsoft.com/image/apps.26456.14306127038728243.79e6c1cf-ffb1-4443-88cf-39f0d0b62670.45057e58-0c6c-49dc-8b4d-143bc0bc99d4,"「CAPCOM FIGHTING COLLECTION」시리즈 제2탄!

「Capcom vs. SNK 2: Mark of the Millennium 2001」, 「Project Justice」 등의 격투 타이틀에 더해 3D 대전 액션 「Power Stone」, 「Power Stone 2」 등 굴지의 명작 총 8 타이틀을 수록!

물론 모든 타이틀에서 온라인 대전 및 협력 전투가 가능!

그 때 그 시절 모두가 뜨겁게 달아올랐던 드림 매치가 지금 다시 개막된다!
당시의 라이벌들과 함께 마음가는 대로 즐겨라!

■쾌적한 네트워크 대전!
랭크 매치에서 진검 승부를 하기, 캐주얼 매치에서 간편하게 대전하기, 로비를 만들어 친구들과 모여서 대전하기&협력 플레이 하기&관전하기 등등, 다양한 스타일로 플레이가 가능합니다.
롤백 넷코드를 채용한 쾌적한 온라인 환경에서 플레이하세요!
대전 뿐만 아니라 자신의 한계에 도전하는 「하이 스코어 챌린지」 모드도 탑재. 전 세계의 플레이어와 점수를 겨뤄보세요.

■처음으로 플레이하는 경우에도 안심할 수 있는 다양한 기능을 구현!
난이도 변경, 원버튼 필살기, 만족할 때까지 연습할 수 있는 트레이닝 모드 등, 초보자가 유용하게 활용할 수 있는 다양한 기능을 탑재하였습니다.
또한 어디서든 저장, 로드가 가능해 언제든지 게임을 다시 시작할 수 있습니다!

■보너스 콘텐츠도 충실!
8 타이틀을 대상으로 총 700점 이상의 일러스트, 제작 현장을 엿볼 수 있는 개발 자료를 수록! 처음으로 공개되는 자료들도 포함되어 있습니다.
또한 각 타이틀의 아케이드 오리지널 버전의 악곡 음원을 300곡 이상 시청할 수도 있습니다!

■수록 타이틀(게임 안에서 일본어 버전과 영어 버전을 선택 가능)
Capcom vs. SNK: Millennium Fight 2000 Pro
Capcom vs. SNK 2: Mark of the Millennium 2001
Capcom Fighting Evolution
Street Fighter Alpha 3 UPPER
Power Stone
Power Stone 2
Project Justice
Plasma Sword: Nightmare of Bilstein

©CAPCOM
CAPCOM FIGHTING COLLECTION is a trademark and/or registered trademark of CAPCOM CO., LTD and/or its subsidiaries in the U.S. and/or other countries.",Capcom Fighting Collection 2,"CAPCOM Co., Ltd.","https://store-images.s-microsoft.com/image/apps.26456.14306127038728243.79e6c1cf-ffb1-4443-88cf-39f0d0b62670.45057e58-0c6c-49dc-8b4d-143bc0bc99d4,https://store-images.s-microsoft.com/image/apps.33704.14306127038728243.79e6c1cf-ffb1-4443-88cf-39f0d0b62670.3ac42cfb-94a8-4c96-b5f5-1b232f9259e8,https://store-images.s-microsoft.com/image/apps.14033.14306127038728243.79e6c1cf-ffb1-4443-88cf-39f0d0b62670.97674b7e-183a-45b9-acd4-8cde786ebff6,https://store-images.s-microsoft.com/image/apps.12999.14306127038728243.79e6c1cf-ffb1-4443-88cf-39f0d0b62670.891d0e94-c845-4f70-8b4a-196d8499648b,https://store-images.s-microsoft.com/image/apps.44854.14306127038728243.79e6c1cf-ffb1-4443-88cf-39f0d0b62670.96541dad-5faf-461e-8a1a-2ec5ba2c3d8b,https://store-images.s-microsoft.com/image/apps.12070.14306127038728243.79e6c1cf-ffb1-4443-88cf-39f0d0b62670.853c815e-fc68-43db-abc3-3907a4448ebb,https://store-images.s-microsoft.com/image/apps.64708.14306127038728243.79e6c1cf-ffb1-4443-88cf-39f0d0b62670.93009212-473a-4383-a6ed-ddaf47dc0d4f,https://store-images.s-microsoft.com/image/apps.52359.14306127038728243.79e6c1cf-ffb1-4443-88cf-39f0d0b62670.1d6ee7e2-342c-4d1c-a2ef-08552a76f1f9","격투,클래식",xbox
RoadCraft,https://www.xbox.com/ko-kr/games/store/roadcraft--rebuild-edition-pre-order/9NJS4GWNFR36,2025-05-19,https://store-images.s-microsoft.com/image/apps.23135.13982274548286624.bda08e1b-97c0-4dc9-9d61-31ccd71b7206.d3d3a76b-655c-4cc8-88a4-74c733cbe7a7,"여파를 재정비하세요

당신은 자연재해로 파괴된 현장의 복구에 특화된 재난 복구 회사를 운영하고 있습니다. 지역 산업을 다시 가동하기 위해 많은 임무가 기다리고 있습니다. 잔해 정리, 결함이 있는 장비 교체, 날씨로 파손된 도로와 다리 재건축 등의 임무가 있죠! 차량을 타고 버려진 공장, 침수된 댐 또는 작동이 중지된 태양판의 순서를 신중하게 선택하세요. 작업 감독으로서, 지도에서 경로를 만들어 수송 트럭을 안내하고, 길을 막는 장애물이 없도록 하세요! MudRunner 및 SnowRunner의 크리에이터인 Saber Interactive에서 개발한 새로운 세대의 첨단 시뮬레이션을 경험하세요.

- 첨단 역학 시뮬레이션에서 폐허가 된 지역을 혼자 또는 최대 4인의 플레이어로 재건하세요.
- 불도저부터 건설 크레인까지 40종이 넘는 차량을 작동하세요.
- 각 4km²인 8개의 지도 속 세계에서 여러 지역을 이동하세요.
- Saber Interactive의 새로운 물리학 엔진으로 작동하는 목재, 모래, 아스팔트 등의 요소를 다루세요.
- 새로운 도로와 다리를 건설해서 거친 지형을 쉽게 이동하세요.
- 지도에서 포인트 투 포인트 경로를 표시하여 물류 수송대를 안내하고, 모든 잔해 조각을 재건축 자원으로 활용하세요.",RoadCraft,Focus Entertainment,"https://store-images.s-microsoft.com/image/apps.23135.13982274548286624.bda08e1b-97c0-4dc9-9d61-31ccd71b7206.d3d3a76b-655c-4cc8-88a4-74c733cbe7a7,https://store-images.s-microsoft.com/image/apps.14949.13982274548286624.57eb55e8-2866-4561-b707-a73af033d06e.8f906947-c458-490c-84d7-62c2416cbee4,https://store-images.s-microsoft.com/image/apps.49140.13982274548286624.57eb55e8-2866-4561-b707-a73af033d06e.38cdc901-3fe6-49d8-bb55-5157aca11507,https://store-images.s-microsoft.com/image/apps.61856.13982274548286624.57eb55e8-2866-4561-b707-a73af033d06e.e3a4b05f-cef7-4e9f-a90f-2980b0ddeba1,https://store-images.s-microsoft.com/image/apps.63940.13982274548286624.57eb55e8-2866-4561-b707-a73af033d06e.4d5eb606-2d03-4fe2-95d5-57a26151293d,https://store-images.s-microsoft.com/image/apps.64979.13982274548286624.57eb55e8-2866-4561-b707-a73af033d06e.7a31dfba-eef7-4a80-86d9-aa0d7b722825,https://store-images.s-microsoft.com/image/apps.39074.13982274548286624.57eb55e8-2866-4561-b707-a73af033d06e.189f684c-9548-41fb-88df-e8caa319b01f,https://store-images.s-microsoft.com/image/apps.27751.13982274548286624.57eb55e8-2866-4561-b707-a73af033d06e.62fac5bd-8175-418c-b432-cba24e8fbb37,https://store-images.s-microsoft.com/image/apps.49763.13982274548286624.57eb55e8-2866-4561-b707-a73af033d06e.3ccfd170-ffa4-4a0c-ab36-4afafcd3ec27,https://store-images.s-microsoft.com/image/apps.45197.13982274548286624.57eb55e8-2866-4561-b707-a73af033d06e.63d26ac5-0761-4394-b2f6-d6f320bb0521,https://store-images.s-microsoft.com/image/apps.16055.13982274548286624.57eb55e8-2866-4561-b707-a73af033d06e.ac20e3bc-fd7b-47ce-82d1-6c2a977b5c41",시뮬레이션,xbox
RoadCraft,https://www.xbox.com/ko-kr/games/store/roadcraft-pre-order/9NKMP84VVWNX,2025-05-19,https://store-images.s-microsoft.com/image/apps.23135.13982274548286624.bda08e1b-97c0-4dc9-9d61-31ccd71b7206.d3d3a76b-655c-4cc8-88a4-74c733cbe7a7,"여파를 재정비하세요

당신은 자연재해로 파괴된 현장의 복구에 특화된 재난 복구 회사를 운영하고 있습니다. 지역 산업을 다시 가동하기 위해 많은 임무가 기다리고 있습니다. 잔해 정리, 결함이 있는 장비 교체, 날씨로 파손된 도로와 다리 재건축 등의 임무가 있죠! 차량을 타고 버려진 공장, 침수된 댐 또는 작동이 중지된 태양판의 순서를 신중하게 선택하세요. 작업 감독으로서, 지도에서 경로를 만들어 수송 트럭을 안내하고, 길을 막는 장애물이 없도록 하세요! MudRunner 및 SnowRunner의 크리에이터인 Saber Interactive에서 개발한 새로운 세대의 첨단 시뮬레이션을 경험하세요.

- 첨단 역학 시뮬레이션에서 폐허가 된 지역을 혼자 또는 최대 4인의 플레이어로 재건하세요.
- 불도저부터 건설 크레인까지 40종이 넘는 차량을 작동하세요.
- 각 4km²인 8개의 지도 속 세계에서 여러 지역을 이동하세요.
- Saber Interactive의 새로운 물리학 엔진으로 작동하는 목재, 모래, 아스팔트 등의 요소를 다루세요.
- 새로운 도로와 다리를 건설해서 거친 지형을 쉽게 이동하세요.
- 지도에서 포인트 투 포인트 경로를 표시하여 물류 수송대를 안내하고, 모든 잔해 조각을 재건축 자원으로 활용하세요.",RoadCraft,Focus Entertainment,"https://store-images.s-microsoft.com/image/apps.23135.13982274548286624.bda08e1b-97c0-4dc9-9d61-31ccd71b7206.d3d3a76b-655c-4cc8-88a4-74c733cbe7a7,https://store-images.s-microsoft.com/image/apps.14949.13982274548286624.57eb55e8-2866-4561-b707-a73af033d06e.8f906947-c458-490c-84d7-62c2416cbee4,https://store-images.s-microsoft.com/image/apps.49140.13982274548286624.57eb55e8-2866-4561-b707-a73af033d06e.38cdc901-3fe6-49d8-bb55-5157aca11507,https://store-images.s-microsoft.com/image/apps.61856.13982274548286624.57eb55e8-2866-4561-b707-a73af033d06e.e3a4b05f-cef7-4e9f-a90f-2980b0ddeba1,https://store-images.s-microsoft.com/image/apps.63940.13982274548286624.57eb55e8-2866-4561-b707-a73af033d06e.4d5eb606-2d03-4fe2-95d5-57a26151293d,https://store-images.s-microsoft.com/image/apps.64979.13982274548286624.57eb55e8-2866-4561-b707-a73af033d06e.7a31dfba-eef7-4a80-86d9-aa0d7b722825,https://store-images.s-microsoft.com/image/apps.39074.13982274548286624.57eb55e8-2866-4561-b707-a73af033d06e.189f684c-9548-41fb-88df-e8caa319b01f,https://store-images.s-microsoft.com/image/apps.27751.13982274548286624.57eb55e8-2866-4561-b707-a73af033d06e.62fac5bd-8175-418c-b432-cba24e8fbb37,https://store-images.s-microsoft.com/image/apps.49763.13982274548286624.57eb55e8-2866-4561-b707-a73af033d06e.3ccfd170-ffa4-4a0c-ab36-4afafcd3ec27,https://store-images.s-microsoft.com/image/apps.45197.13982274548286624.57eb55e8-2866-4561-b707-a73af033d06e.63d26ac5-0761-4394-b2f6-d6f320bb0521,https://store-images.s-microsoft.com/image/apps.16055.13982274548286624.57eb55e8-2866-4561-b707-a73af033d06e.ac20e3bc-fd7b-47ce-82d1-6c2a977b5c41",시뮬레이션,xbox
FANTASY LIFE i: The Girl Who Steals Time,https://www.xbox.com/ko-kr/games/store/fantasy-life-i-----/9P5M7XP7ZLV1,2025-05-21,https://store-images.s-microsoft.com/image/apps.45930.14329530897753497.9259181b-9810-4fc4-9fdc-5547b2da520c.1607528e-332a-4fae-a4ac-8ec2346e3ab3,"14개의 고유 직업을 자유롭게 넘나들며 근심 걱정 없는 판타지 세계의 '라이프'를 누릴 수 있는, 슬로우 라이프 RPG로 초대합니다.
낚시하고 요리하며 섬을 원하는 대로 꾸미거나 친구들과 팀을 이뤄 광활한 세계를 가로지르며 몬스터와 전투하세요.
어떤 삶을 살게 될지는 여러분의 선택에 달려 있어요!

■ 드래곤이 여러분을 신비의 섬으로 안내합니다
당신은 고고학자 에드워드 팀과 함께 항해를 떠나는 모험가입니다.
용 화석에서 뿜어져 나오는 빛을 따라가다가 미지의 무인도를 발견하게 되었죠.
거대한 심연, 뼈로 된 용, 세상을 구해달라는 소녀의 간절한 메시지...
1,000년 전 번성했던 섬과 현재의 섬 사이를 여행하며 몰락한 섬의 수수께끼를 풀어보세요!

■당신의 삶을 밝혀줄 14가지의 각기 다른 라이프
이 세계에서 ""라이프""는 일종의 직업과도 같습니다.
각 라이프는 고유의 특성이 있으며 다채로운 방식의 삶을 즐길 수 있게 됩니다.
채집 라이프를 선택해 소재나 재료를 모으거나, 제작 라이프를 선택해 무기나 요리를 만들어 내거나, 전투 라이프를 선택해 몬스터와 싸우세요. 라이프는 언제든지 바꿀 수 있어 자신만의 독특한 삶을 만들어낼 수 있습니다.

■섬을 꾸미고, 마을을 만들어 보세요
라이프를 통해 재료를 모으고 섬을 복구하여 옛 영광을 되찾는 거예요!
집이나 오브젝트를 배치하는 것뿐만 아니라, 풍경을 바꿀 수도 있습니다. 또한 강이나 도로를 그려 완전히 독특한 섬을 창조할 수도 있어요.
집을 확장해서 가구를 배치하고 인테리어 솜씨를 마음껏 뽐내보세요!

■ 오픈 월드로의 모험을 떠나세요!
시리즈의 가장 큰 대륙을 자유롭게 탐험하세요!
사다리를 오르고, 강과 호수를 헤엄치거나, 산을 타는 등 새로운 액션으로 자유롭게 세계를 누빌 수 있습니다!

■멀티플레이를 통한 끝없는 재미!
최대 4명의 플레이어와 함께 멀티플레이를 즐겨보세요!
섬에 친구를 초대하고 던전을 탐험하거나 각자의 방식을 찾아 즐거움을 나눌 수 있습니다!
컨트롤러가 2개라면, 2인 플레이어 패밀리 협동 기능을 통해 온라인에 연결하지 않고도 다른 플레이어가 여행 동반자로서 모험에 참여할 수 있습니다!","FANTASY LIFE i: The Girl Who Steals Time,FANTASY LIFE i: 빙글빙글 용과 시간을 훔치는 소녀",LEVEL5 Inc.,"https://store-images.s-microsoft.com/image/apps.45930.14329530897753497.9259181b-9810-4fc4-9fdc-5547b2da520c.1607528e-332a-4fae-a4ac-8ec2346e3ab3,https://store-images.s-microsoft.com/image/apps.35013.14329530897753497.9259181b-9810-4fc4-9fdc-5547b2da520c.f45a6e75-854f-440f-afce-fadd43ae16de,https://store-images.s-microsoft.com/image/apps.36221.14329530897753497.9259181b-9810-4fc4-9fdc-5547b2da520c.8e749589-2713-4df6-a65a-23f7d31fd9da,https://store-images.s-microsoft.com/image/apps.39325.14329530897753497.9259181b-9810-4fc4-9fdc-5547b2da520c.2c2a0dbd-5c61-40db-949b-bcd80fe4a1f0,https://store-images.s-microsoft.com/image/apps.60737.14329530897753497.9259181b-9810-4fc4-9fdc-5547b2da520c.fb9e9f38-c16e-4475-9299-c6506afa4718,https://store-images.s-microsoft.com/image/apps.3401.14329530897753497.9259181b-9810-4fc4-9fdc-5547b2da520c.74cd4e77-2c91-4f2c-b79d-544c9e7f3b0e,https://store-images.s-microsoft.com/image/apps.3668.14329530897753497.9259181b-9810-4fc4-9fdc-5547b2da520c.d0c2c2db-26e6-4c06-8a7c-966eef1679f5,https://store-images.s-microsoft.com/image/apps.65472.14329530897753497.9259181b-9810-4fc4-9fdc-5547b2da520c.7f515928-5715-42dc-b761-e7116f4624c2,https://store-images.s-microsoft.com/image/apps.21406.14329530897753497.9259181b-9810-4fc4-9fdc-5547b2da520c.c5f1c599-7730-4ed3-900d-0540cc034bc5,https://store-images.s-microsoft.com/image/apps.32185.14329530897753497.9259181b-9810-4fc4-9fdc-5547b2da520c.6c4f7237-4686-4de7-8ad2-fcf84b07c227","롤플레잉,액션,어드벤처",xbox
Blades of Fire,https://www.xbox.com/ko-kr/games/store/----/9N3D17NVHF82,2025-05-22,https://store-images.s-microsoft.com/image/apps.3006.13924340976900994.9d3b934e-34d4-47c3-8bc6-0e2b6f6be2d9.cee01598-0cdd-446e-b52a-d825d13fa5b6,"전설을 만들어 보세요
빛나는 수상 경력을 자랑하는 머큐리스팀(MercurySteam)의 신작 액션 어드벤처 게임으로, 독특한 전투 시스템에서 나만의 무기를 제작해 맹렬한 적과 맞서 싸우는 게임입니다.

운명의 진정한 의도를 찾기 위해 떠나는 아란 데 리라의 여정에 함께하세요!

주요 특징
신성한 금속: 여러분은 근위대 사령관의 맏아들, 아란 데 리라입니다. 새로 즉위한 네레아 여왕이 강철을 돌로 바꾸는 주문을 걸었습니다. 여왕의 가증스러운 군대만이 다른 칼을 부술 수 있는 신성한 금속을 휘두를 수 있습니다. 

단조: 단조 두루마리를 찾아 단조 기술을 연마하고 전투 유형에 맞는 무기를 제작하세요. 선택한 무기 계열과 재료에 따라 무게, 길이, 내구성, 관통력, 예리함과 같은 무기의 특성이 달라집니다. 

무기 선택: 선택할 수 있는 7가지 무기 계열과 30가지 이상의 고유한 단조 두루마리로 무한대에 가까운 무기 조합을 만들 수 있습니다. 적과 맞설 때 어떤 무기를 선택했는지가 중요하게 작용합니다!

전략적 전투: 독특하고 도전적인 전투 시스템에서 적의 특정 신체 부위를 공격할 수 있습니다. 처한 상황과 적이 가진 무기에 따라 적을 베고, 찌르고, 때리세요. 올바른 무기를 사용해야만 적의 방어구를 뚫을 수 있습니다.

여정을 함께할 동료: 아드소는 아란의 여정에 동참하는 동료입니다. 전투 중 아드소는 적을 분석하고 기록을 작성해 적을 물리칠 수 있는 유용한 정보를 줍니다. 아드소는 고대 포저 언어를 구사할 수 있기 때문에 모험에서 중요한 역할을 합니다.

조심하세요: 여왕의 근위대, 몬스터, 언데드 등 50가지 이상의 적 유형이 있습니다. 적마다 고유한 공격 유형, 무기, 방어구 구성을 가지고 있습니다.

수수께끼로 가득한 세상: 아란과 아드소는 불확실한 임무를 수행하기 위해 떠납니다. 목표는 분명하지만, 목표로 향하는 길에는 위험과 수수께끼가 가득하고 거대한 성, 미로 같은 궁전 등의 장대한 배경이 펼쳐집니다. 여러분은 영웅들이 알고 있는 정보만 가지고 나아가며 부족한 부분은 직관과 용기로 대처해야 합니다.","Blades of Fire,블레이드 오브 파이어 Blades of Fire",505 Games,"https://store-images.s-microsoft.com/image/apps.3006.13924340976900994.9d3b934e-34d4-47c3-8bc6-0e2b6f6be2d9.cee01598-0cdd-446e-b52a-d825d13fa5b6,https://store-images.s-microsoft.com/image/apps.56958.13924340976900994.9d3b934e-34d4-47c3-8bc6-0e2b6f6be2d9.04e7d099-557d-477d-b6ef-861694a71c4e,https://store-images.s-microsoft.com/image/apps.20726.13924340976900994.9d3b934e-34d4-47c3-8bc6-0e2b6f6be2d9.9aaf8e3b-ebad-4bff-b7e3-2be7475e48e2,https://store-images.s-microsoft.com/image/apps.9057.13924340976900994.9d3b934e-34d4-47c3-8bc6-0e2b6f6be2d9.6a7671ad-0c99-48e7-b109-6fd046b9667a,https://store-images.s-microsoft.com/image/apps.54414.13924340976900994.9d3b934e-34d4-47c3-8bc6-0e2b6f6be2d9.74fceb17-45c4-481e-8e56-2a6272b5fe26,https://store-images.s-microsoft.com/image/apps.36544.13924340976900994.9d3b934e-34d4-47c3-8bc6-0e2b6f6be2d9.5649999c-70db-40f1-987a-5abf9a7d0902,https://store-images.s-microsoft.com/image/apps.55425.13924340976900994.9d3b934e-34d4-47c3-8bc6-0e2b6f6be2d9.648fef2d-efd1-41bc-b0f4-dde0a80ac611,https://store-images.s-microsoft.com/image/apps.15197.13924340976900994.9d3b934e-34d4-47c3-8bc6-0e2b6f6be2d9.c67c6f5f-74fb-424a-b8df-d0db2180d160,https://store-images.s-microsoft.com/image/apps.25314.13924340976900994.9d3b934e-34d4-47c3-8bc6-0e2b6f6be2d9.9cd784d0-6f47-4864-9bef-be96ff91e932","액션,어드벤처",xbox
Onimusha 2: Samurai's Destiny,https://www.xbox.com/ko-kr/games/store/2-onimusha-2-samurais-destiny/9N7W6J70PVRN,2025-05-22,https://store-images.s-microsoft.com/image/apps.41265.14502261808082047.3331b1c8-57da-4607-8fcd-c9a63a7adf17.ffdb7168-5cb2-466e-897b-1f4000c45092,"되살아나는 사랑과 슬픔, 그리고 베는 손맛.
필살기 「일섬」을 비롯한 쾌감 넘치는 검극 액션.
각 등장인물이 펼치는 중후하고 하드보일드한 스토리.
선명해진 그래픽, 현행 하드웨어에 맞춰 튜닝된 조작감.
또한 대응 텍스트 언어를 추가!

주인공 야규 쥬베이의 모델로 배우 마츠다 유사쿠를 기용해, 전 세계에서 누계 200만 장 이상 발매된 전국 서바이벌 액션
「귀무자2 (Onimusha 2: Samurai's Destiny)」(이하 「귀무자2」)를 체감하자!

■복수의 귀신, 야규 쥬베이. 그를 연기하는 것은 「마츠다 유사쿠」.
새로운 귀신의 힘, 귀전술. 힘을 모아 「오의」가 작렬! 필살기 「일섬」을 성공시켜라!

후마 코타로. 사이가 마고이치. 안코쿠지 에케이. 오다니의 오유.
든든한 동료들과 함께 전란의 세상을 달려나가자!

■본작의 주요한 추가/업데이트 요소
・「갤러리」에 본작의 캐릭터 디자인을 담당한 아메미야 케이타 씨의 디자인 원화를 100점 이상 추가.
・신규 디지털 사운드 트랙 기능을 추가. 「귀무자2」의 오리지널 사운드 트랙 총 43곡을 수록.
・일격으로 게임 오버가 되는 고난이도 모드 「수라」를 추가.
・미니 게임 「귀조」「검은 양복의 남자」「퍼즐 환몽공간」을 모두 초기 단계에서 해방.
・자동 저장 기능이나 무기의 간이 변경 등 더 편하게 플레이할 수 있는 기능을 추가.

■「Onimusha: Warlords」의 저장 데이터 특전
・「Onimusha: Warlords」의 저장 데이터가 보존된 경우, 특전으로 「쥬베이: 사마노스케 장비」를 입수 가능!
※타이틀 화면에서 「특전」을 선택해 [쥬베이 의상] 란에서 선택 가능합니다.
※겉모습만을 변경하는 것으로, 스테이터스는 소지 중인 방어구와 같아집니다.

©CAPCOM
ONIMUSHA is a trademark and/or registered trademark of CAPCOM CO., LTD and/or its subsidiaries in the U.S. and/or other countries.","Onimusha 2: Samurai's Destiny,귀무자2","CAPCOM CO., LTD.","https://store-images.s-microsoft.com/image/apps.41265.14502261808082047.3331b1c8-57da-4607-8fcd-c9a63a7adf17.ffdb7168-5cb2-466e-897b-1f4000c45092,https://store-images.s-microsoft.com/image/apps.14314.14502261808082047.3331b1c8-57da-4607-8fcd-c9a63a7adf17.29c571ac-0d3e-4095-9d78-89157dc0f040,https://store-images.s-microsoft.com/image/apps.50230.14502261808082047.3331b1c8-57da-4607-8fcd-c9a63a7adf17.91968ef3-226c-4904-8c66-27460fa35a80,https://store-images.s-microsoft.com/image/apps.45120.14502261808082047.3331b1c8-57da-4607-8fcd-c9a63a7adf17.6915fa71-ea60-401b-a5a4-b821a32128ec,https://store-images.s-microsoft.com/image/apps.24343.14502261808082047.3331b1c8-57da-4607-8fcd-c9a63a7adf17.1e11b98b-6104-447f-8e3d-42e49d81d857,https://store-images.s-microsoft.com/image/apps.46122.14502261808082047.3331b1c8-57da-4607-8fcd-c9a63a7adf17.5df74173-f7fb-4339-8791-5ed755107bd4,https://store-images.s-microsoft.com/image/apps.16671.14502261808082047.3331b1c8-57da-4607-8fcd-c9a63a7adf17.5bd2980e-fb98-42f2-92f9-5bdd693d9e9d,https://store-images.s-microsoft.com/image/apps.2173.14502261808082047.3331b1c8-57da-4607-8fcd-c9a63a7adf17.c81bbc5b-61fe-46fd-999f-f76eb8dee092,https://store-images.s-microsoft.com/image/apps.27736.14502261808082047.3331b1c8-57da-4607-8fcd-c9a63a7adf17.936b7fe9-fe20-49c2-bd9a-622e40a06e4d,https://store-images.s-microsoft.com/image/apps.32125.14502261808082047.3331b1c8-57da-4607-8fcd-c9a63a7adf17.c487ae59-cd50-4542-ba1a-0509ec79c7a0","액션,어드벤처",xbox
F1 25,https://www.xbox.com/ko-kr/games/store/f1-25-iconic-edition/9MW14RS3PRJN,2025-05-27,https://store-images.s-microsoft.com/image/apps.54781.14440852722460694.8e2c0727-2c64-434e-9a33-2ef751fed0b8.eb81f4aa-20aa-4ba7-be8b-31fe0200e776,"이 이야기의 주인공은 여러분입니다. 2025 FIA Formula One World Championship™의 공식 비디오 게임인 F1® 25에서 레이싱 세계에 발자취를 남기세요. 개선된 My Team 모드, Braking Point의 스릴 넘치는 세 번째 챕터 등을 선보입니다!

● My Team 2.0: Formula 1® 팀의 오너가 되어 나만의 F1® 스토리를 만들어 보세요. 새로운 오너 특전 시스템으로 팀 관리에서 선호하는 분야를 전문화하고 레이스 위크엔드에 두 명의 F1® 드라이버 중 한 명이 운전대를 잡을 수 있습니다.

● Braking Point 3: 극적인 사건으로 인해 팀이 혼란에 빠지면서 Konnersport의 레거시에 위기가 닥칩니다. 이 위기에 맞서 싸우고 World Championship에 도전할 수 있을까요?

F1® 25에서 자신만의 이야기를 펼칠 수 있는 모든 게임플레이 개선 사항을 4월에 다시 자세히 살펴보세요.

이 게임은 게임 내에서 사용되는 가상 화폐를 게임 내 구매 및 이용할 수 있으며, 이를 통해 게임 내 가상 아이템을 구매할 수 있습니다.

조건 및 제한사항이 적용됩니다. 자세한 내용은 ea.com/games/f1/f1-25/game-disclaimers을 참조하세요.
F1® 25 게임은 FIA FORMULA ONE WORLD CHAMPIONSHIP의 공식 제품입니다. © 2025 Electronic Arts Inc. EA SPORTS 및 Codemasters는 Electronic Arts Inc.의 상표입니다.",F1 25,Electronic Arts,"https://store-images.s-microsoft.com/image/apps.54781.14440852722460694.8e2c0727-2c64-434e-9a33-2ef751fed0b8.eb81f4aa-20aa-4ba7-be8b-31fe0200e776,https://store-images.s-microsoft.com/image/apps.61597.14440852722460694.8e2c0727-2c64-434e-9a33-2ef751fed0b8.1b1c70b0-6212-483a-979a-e34e0fbc364b,https://store-images.s-microsoft.com/image/apps.28647.14440852722460694.abd2f41e-6972-43d2-ba36-a71a8e09fed1.d469500b-db4d-4f3e-9431-162b80a7fce8,https://store-images.s-microsoft.com/image/apps.26763.14440852722460694.abd2f41e-6972-43d2-ba36-a71a8e09fed1.51dfe377-00d9-43ab-b9ff-3d759a46e28c,https://store-images.s-microsoft.com/image/apps.54262.14440852722460694.abd2f41e-6972-43d2-ba36-a71a8e09fed1.1741c188-10fd-4e2d-ad0d-2148e550d29e,https://store-images.s-microsoft.com/image/apps.3997.14440852722460694.abd2f41e-6972-43d2-ba36-a71a8e09fed1.b4612668-2f09-459e-87ac-344912ec60b9,https://store-images.s-microsoft.com/image/apps.54987.14440852722460694.abd2f41e-6972-43d2-ba36-a71a8e09fed1.58e769ac-f009-493a-a678-f446c031ee46,https://store-images.s-microsoft.com/image/apps.40155.14440852722460694.8e2c0727-2c64-434e-9a33-2ef751fed0b8.799dd71c-c708-410b-a695-bba1f0b01208","레이싱,비행,가족,어린이,시뮬레이션,스포츠",xbox
ELDEN RING NIGHTREIGN,https://www.xbox.com/ko-kr/games/store/elden-ring------/9PNSHFT9BMF7,2025-05-29,https://store-images.s-microsoft.com/image/apps.8169.14220340964291907.89c95a82-805b-43b9-8393-3be8df29bd15.a0e69168-30c8-43e4-9772-0a4b0dc01b08,"『ELDEN RING 밤의 통치자』는 ELDEN RING 세계관을 이용해 게임의 핵심 디자인을 재구축하여 플레이어에게 새로운 게임 체험을 전달하고자 하는 신작 어드벤처 게임입니다.

함께 맞서라
다른 플레이어와 협력해 다가오는 밤과 그 안에 숨은 위험에 맞서라.
영웅이 되어라
유니크한 스킬을 지닌 영웅들을 지휘하자. 강력한 영웅들이 팀이 되어 단결하면, 그 스킬 또한 강력한 상승효과를 일으킬 것이다. 
밤에 도전하라
게임 세션마다 변화하는, 토지를 지배하는 가차없는 환경의 위협을 이겨내고 그 밤의 장대한 보스를 물리치자!","ELDEN RING NIGHTREIGN,ELDEN RING 밤의 통치자",Bandai Namco Entertainment Inc.,"https://store-images.s-microsoft.com/image/apps.8169.14220340964291907.89c95a82-805b-43b9-8393-3be8df29bd15.a0e69168-30c8-43e4-9772-0a4b0dc01b08,https://store-images.s-microsoft.com/image/apps.59919.14220340964291907.89c95a82-805b-43b9-8393-3be8df29bd15.6eeb53ad-e157-4cb7-ba89-12a6136c23ad,https://store-images.s-microsoft.com/image/apps.62549.14220340964291907.89c95a82-805b-43b9-8393-3be8df29bd15.e2facaec-e58b-46f4-ae5d-87ff9158a68b,https://store-images.s-microsoft.com/image/apps.4343.14220340964291907.89c95a82-805b-43b9-8393-3be8df29bd15.e0789649-83de-4b8a-89e3-b47384ff635f,https://store-images.s-microsoft.com/image/apps.6040.14220340964291907.89c95a82-805b-43b9-8393-3be8df29bd15.53f9639c-ec51-476a-9529-49a3b3f139cf,https://store-images.s-microsoft.com/image/apps.45422.14220340964291907.89c95a82-805b-43b9-8393-3be8df29bd15.01f71615-3454-4f11-92f7-1309d733ae43,https://store-images.s-microsoft.com/image/apps.1314.14220340964291907.89c95a82-805b-43b9-8393-3be8df29bd15.d6d4c714-b4db-4380-97d0-d1b9a766ed90,https://store-images.s-microsoft.com/image/apps.63579.14220340964291907.89c95a82-805b-43b9-8393-3be8df29bd15.cf6b9d62-3c49-4874-9608-1ba58b395e26,https://store-images.s-microsoft.com/image/apps.54106.14220340964291907.89c95a82-805b-43b9-8393-3be8df29bd15.f781024a-0116-4f31-8728-8b9f25ff5db6","액션,어드벤처",xbox
F1 25,https://www.xbox.com/ko-kr/games/store/f1-25-standard-edition/9N77NTZ6T6MK,2025-05-30,https://store-images.s-microsoft.com/image/apps.54781.14440852722460694.8e2c0727-2c64-434e-9a33-2ef751fed0b8.eb81f4aa-20aa-4ba7-be8b-31fe0200e776,"이 이야기의 주인공은 여러분입니다. 2025 FIA Formula One World Championship™의 공식 비디오 게임인 F1® 25에서 레이싱 세계에 발자취를 남기세요. 개선된 My Team 모드, Braking Point의 스릴 넘치는 세 번째 챕터 등을 선보입니다!

● My Team 2.0: Formula 1® 팀의 오너가 되어 나만의 F1® 스토리를 만들어 보세요. 새로운 오너 특전 시스템으로 팀 관리에서 선호하는 분야를 전문화하고 레이스 위크엔드에 두 명의 F1® 드라이버 중 한 명이 운전대를 잡을 수 있습니다.

● Braking Point 3: 극적인 사건으로 인해 팀이 혼란에 빠지면서 Konnersport의 레거시에 위기가 닥칩니다. 이 위기에 맞서 싸우고 World Championship에 도전할 수 있을까요?

F1® 25에서 자신만의 이야기를 펼칠 수 있는 모든 게임플레이 개선 사항을 4월에 다시 자세히 살펴보세요.

이 게임은 게임 내에서 사용되는 가상 화폐를 게임 내 구매 및 이용할 수 있으며, 이를 통해 게임 내 가상 아이템을 구매할 수 있습니다.

조건 및 제한사항이 적용됩니다. 자세한 내용은 ea.com/games/f1/f1-25/game-disclaimers을 참조하세요.
F1® 25 게임은 FIA FORMULA ONE WORLD CHAMPIONSHIP의 공식 제품입니다. © 2025 Electronic Arts Inc. EA SPORTS 및 Codemasters는 Electronic Arts Inc.의 상표입니다.",F1 25,Electronic Arts,"https://store-images.s-microsoft.com/image/apps.54781.14440852722460694.8e2c0727-2c64-434e-9a33-2ef751fed0b8.eb81f4aa-20aa-4ba7-be8b-31fe0200e776,https://store-images.s-microsoft.com/image/apps.61597.14440852722460694.8e2c0727-2c64-434e-9a33-2ef751fed0b8.1b1c70b0-6212-483a-979a-e34e0fbc364b,https://store-images.s-microsoft.com/image/apps.28647.14440852722460694.abd2f41e-6972-43d2-ba36-a71a8e09fed1.d469500b-db4d-4f3e-9431-162b80a7fce8,https://store-images.s-microsoft.com/image/apps.26763.14440852722460694.abd2f41e-6972-43d2-ba36-a71a8e09fed1.51dfe377-00d9-43ab-b9ff-3d759a46e28c,https://store-images.s-microsoft.com/image/apps.54262.14440852722460694.abd2f41e-6972-43d2-ba36-a71a8e09fed1.1741c188-10fd-4e2d-ad0d-2148e550d29e,https://store-images.s-microsoft.com/image/apps.3997.14440852722460694.abd2f41e-6972-43d2-ba36-a71a8e09fed1.b4612668-2f09-459e-87ac-344912ec60b9,https://store-images.s-microsoft.com/image/apps.54987.14440852722460694.abd2f41e-6972-43d2-ba36-a71a8e09fed1.58e769ac-f009-493a-a678-f446c031ee46,https://store-images.s-microsoft.com/image/apps.40155.14440852722460694.8e2c0727-2c64-434e-9a33-2ef751fed0b8.799dd71c-c708-410b-a695-bba1f0b01208","레이싱,비행,가족,어린이,시뮬레이션,스포츠",xbox
MindsEye,https://www.xbox.com/ko-kr/games/store/mindseye/9MTQJ81HTDGF,2025-06-10,https://store-images.s-microsoft.com/image/apps.31704.14215574060244121.5a49b58f-5c96-436b-8b3c-05aa40a42d0b.908845ba-0a67-4f6a-a340-3e9448ba4df6,"정체불명의 신경 장치가 이식되어 있고 기억 상실과 과거의 망령에 고통받는 전직 군인 제이콥 디아스가 되어보세요. AI의 지속적인 위협, 첨단 실험, 산업 스파이, 정치부패, 통제 불가 상태의 군대가 산재한 세계 속에서 비밀 임무를 수행하며 자신의 과거를 밝혀내세요. MindsEye는 착란을 일으키는 복잡한 서사와 다채로운 환경 요소, 획기적인 전투 방식, 미래 기술, 그리고 고속 추격전으로 몰입감 넘치는 경험을 선사합니다.",MindsEye,IO Interactive Partners A/S,"https://store-images.s-microsoft.com/image/apps.31704.14215574060244121.5a49b58f-5c96-436b-8b3c-05aa40a42d0b.908845ba-0a67-4f6a-a340-3e9448ba4df6,https://store-images.s-microsoft.com/image/apps.54555.14215574060244121.2eb2021c-55da-474f-a5cd-80b8f29587dc.1369aded-1004-4527-b6e2-d4d36a43556c,https://store-images.s-microsoft.com/image/apps.43943.14215574060244121.2eb2021c-55da-474f-a5cd-80b8f29587dc.72d266f8-5258-4f03-9de7-a1463c0c46de,https://store-images.s-microsoft.com/image/apps.27580.14215574060244121.2eb2021c-55da-474f-a5cd-80b8f29587dc.7c9abe72-de72-4e09-8070-077d8c5f4ca3,https://store-images.s-microsoft.com/image/apps.31188.14215574060244121.2eb2021c-55da-474f-a5cd-80b8f29587dc.dc9a8925-fa0d-42e3-aae8-59438335e87f,https://store-images.s-microsoft.com/image/apps.64178.14215574060244121.5a49b58f-5c96-436b-8b3c-05aa40a42d0b.6d331978-121f-45bd-b0d0-71d5ca74a5ed,https://store-images.s-microsoft.com/image/apps.58289.14215574060244121.2eb2021c-55da-474f-a5cd-80b8f29587dc.bc477f03-1912-4e9e-ae44-2f9c1f31098a,https://store-images.s-microsoft.com/image/apps.61283.14215574060244121.5a49b58f-5c96-436b-8b3c-05aa40a42d0b.071f3bb9-9cf0-4fbd-b8b9-c374981acd16,https://store-images.s-microsoft.com/image/apps.17947.14215574060244121.5a49b58f-5c96-436b-8b3c-05aa40a42d0b.9d77185b-a0b7-4fda-92cf-916a8984d41d,https://store-images.s-microsoft.com/image/apps.39128.14215574060244121.5a49b58f-5c96-436b-8b3c-05aa40a42d0b.d58448e2-9f8b-4a3d-94df-82750e6c3183","액션,어드벤처",xbox
EDENS ZERO,https://www.xbox.com/ko-kr/games/store/edens-zero/9P2R10RPFR28,2025-07-15,https://store-images.s-microsoft.com/image/apps.18304.14552500496300749.81a8c09a-7723-4bcb-97d7-7edccc74a12f.181273f7-64bf-498b-98af-843313499e3d,"“RAVE”, “FAIRY TAIL”의 원작자 마시마 히로 작가의 주인공 시키와 동료들이 우주를 누비면서 모험을 펼치는 모험을 그린 왕도 스페이스 판타지/만화 애니메이션 “EDENS ZERO”를 원작으로 만들어진 3D 액션 롤플레잉 게임.
마시마 히로 작가 및 코단샤의 게임 감수!

■재현성 높은 애니메이션풍 3D 그래픽으로 원작을 생생하게 체험!
“EDENS ZERO”의 매력적인 캐릭터들과 작품 속 세계를 재현도가 뛰어난 애니메이션풍 3D 그래픽으로 표현했다.
인기 성우들의 목소리가 수록된 풍부한 컷신과 다양한 종류의 여러 행성 필드를 플레이어가 직접 모험할 수 있다.
즐거움과 감동이 넘치는 원작 스토리를 생생하게 체험하자!

■8명의 인기 캐릭터를 내 손으로 조작!
시키, 레베카, 와이즈, 호무라를 비롯해서 에테르 기어로 불리는 특수한 능력을 구사하는 8명의 캐릭터를 조작해 강력한 적 캐릭터들과의 격렬한 싸움에서 승리를 거두자!
플레이어블 캐릭터들은 게임을 진행하면서 점차 동료가 된다.
근접 격투형, 원거리 사격형, 무기 공격형, 마법 공격형 등 액션 특성이 각각 다르니 상황에 맞게 캐릭터를 교체하거나 자신 있는 타입의 캐릭터를 찾아서 게임을 즐기자!

■풍성한 게임 오리지널 콘텐츠로 알차게 즐길 수 있는 게임 플레이 요소들!
원작을 생생하게 체험하는 것만이 아니라, 이 게임에서만 경험할 수 있는 오리지널 스토리와 퀘스트를 다수 수록했다!
시키와 동료들이 소속된 모험자 길드의 본거지인 행성 블루가든을 재현한 드넓은 오픈 필드를 무대로 약 200개 이상의 퀘스트가 존재하며, 원작 팬들은 물론 깊은 게임 플레이 요소를 원하는 게이머들도 대만족할 볼륨으로 구성되어 있다.
심지어 그 인기작과 콜라보까지…!?

■다양한 캐릭터 커스터마이즈 요소!
700개 이상의 장비 아이템으로 능력치뿐만 아니라 외관까지 변화한다. 좋아하는 캐릭터를 나만의 취향대로 커스터마이즈하자!
외관만 변경하는 기능이 있어 마음에 드는 외관을 유지한 채 원하는 성능으로 게임 플레이가 가능하다.
이와 같은 장비 아이템은 게임을 진행하면서 수집할 수 있다.
또한 능력치나 외관뿐만 아니라 각 캐릭터의 에테르 기어 스킬을 해방하여 액션 자체도 더 멋지게 강화할 수 있다!

■그 밖에도 거점인 우주전함 EDENS ZERO의 기능 확장이나 크루 스카우트 등 다양한 즐길 거리가 가득!
게임의 거점인 우주전함 EDENS ZERO에는 아이템을 매매하거나 장비를 강화하고 버프 아이템인 요리를 만드는 등 다양한 기능을 갖춘 시설이 존재한다.
게임 속에서 만나는 적을 포함한 많은 캐릭터들은 조건을 만족하면 크루로 스카우트할 수 있고, 크루가 많아질수록 거점이 갖춘 기능도 점차 다양해진다.
또한 거점에서는 원작 내용에는 없는 캐릭터들 간의 유쾌한 대화도 다양하게 많이 감상할 수 있다!",EDENS ZERO,KONAMI,"https://store-images.s-microsoft.com/image/apps.18304.14552500496300749.81a8c09a-7723-4bcb-97d7-7edccc74a12f.181273f7-64bf-498b-98af-843313499e3d,https://store-images.s-microsoft.com/image/apps.51777.14552500496300749.81a8c09a-7723-4bcb-97d7-7edccc74a12f.f30939aa-4710-4ddb-a7ec-6c4ebc266d6e,https://store-images.s-microsoft.com/image/apps.36212.14552500496300749.81a8c09a-7723-4bcb-97d7-7edccc74a12f.6d44f064-0b86-4f33-bee5-db190dd81d56,https://store-images.s-microsoft.com/image/apps.44145.14552500496300749.81a8c09a-7723-4bcb-97d7-7edccc74a12f.72811415-6c3c-4582-97d2-34ad4b0c6a2f,https://store-images.s-microsoft.com/image/apps.34456.14552500496300749.81a8c09a-7723-4bcb-97d7-7edccc74a12f.e0b9d67b-366b-4eec-b4fd-769f57cbf188,https://store-images.s-microsoft.com/image/apps.57524.14552500496300749.81a8c09a-7723-4bcb-97d7-7edccc74a12f.261a1e9f-e635-424f-b787-b1e496da4f3c,https://store-images.s-microsoft.com/image/apps.2904.14552500496300749.81a8c09a-7723-4bcb-97d7-7edccc74a12f.2fb0cad0-5445-4da7-b1a4-b47e556cbe3d,https://store-images.s-microsoft.com/image/apps.19620.14552500496300749.11701da7-d0bd-4b6b-8b91-b5dda11c1302.4d7b98a4-ebbc-4e7f-8c51-309858db1d6d,https://store-images.s-microsoft.com/image/apps.63136.14552500496300749.81a8c09a-7723-4bcb-97d7-7edccc74a12f.86f048b7-e570-490e-ada0-455914136ebf,https://store-images.s-microsoft.com/image/apps.1508.14552500496300749.81a8c09a-7723-4bcb-97d7-7edccc74a12f.ec409be7-a438-45ee-aba5-f20406e02f68","롤플레잉,액션,어드벤처",xbox
Shadow Labyrinth,https://www.xbox.com/ko-kr/games/store/shadow-labyrinth--/9N3D1MF47WX3,2025-07-16,https://store-images.s-microsoft.com/image/apps.746.14491527672419348.6a759e78-6c1e-4149-b2b2-ee0d663e696c.db60ac72-3bab-4daa-bfc1-eca587188bc0,"※본 상품은 「일반판」입니다. 그 밖에도 「디지털 디럭스 에디션」을 별도로 판매 중이므로 중복 구매에 주의하십시오.

팩맨의 유전자가 섞인 탐색형 2D 액션 게임 『Shadow Labyrinth (쉐도우 라비린스)』.

옛 전쟁의 유물이 남아있는 황폐화된 별에서, 수수께끼의 노란 구체 -PUCK- 에게 8번째 적합자로 소환된 주인공.

가혹한 세계에서 살아남기 위해 적을 먹어 치우며 그 운명을 개척하자.

【탐색】
끝을 알 수 없는 동굴, 울창하게 번식한 밀림, 끝없이 펼쳐진 황야.
심연에 감추어진 기묘한 땅과, 앞을 가로막는 수많은 강적에게 도전하며 어둠의 끝으로 향하자.

【액션】
적을 먹어 치우고 새로운 힘을 손에 넣어라.
강화와 커스터마이즈로 독자적인 전술을 찾아내 미궁을 공략하자.

【스토리】
수수께끼의 노란 구체 -PUCK- 의 인도를 받아, 머나먼 곳에 위치한 거대한 탑을 향하게 된다…
PUCK의 진짜 목적이 무엇인지, 무엇과 싸우고 있는지. 이 세계의 비밀을 풀어라.",Shadow Labyrinth,Bandai Namco Entertainment Inc.,"https://store-images.s-microsoft.com/image/apps.746.14491527672419348.6a759e78-6c1e-4149-b2b2-ee0d663e696c.db60ac72-3bab-4daa-bfc1-eca587188bc0,https://store-images.s-microsoft.com/image/apps.47006.14491527672419348.6a759e78-6c1e-4149-b2b2-ee0d663e696c.e2a479fa-a664-4ec8-8f01-61e937096ae3,https://store-images.s-microsoft.com/image/apps.60681.14491527672419348.6a759e78-6c1e-4149-b2b2-ee0d663e696c.acd5c177-affe-407f-a817-a8b44230e15f,https://store-images.s-microsoft.com/image/apps.59437.14491527672419348.6a759e78-6c1e-4149-b2b2-ee0d663e696c.21bcf9f4-2bda-47d6-a3be-7781163c62d0,https://store-images.s-microsoft.com/image/apps.21163.14491527672419348.6a759e78-6c1e-4149-b2b2-ee0d663e696c.629b7040-bf45-4531-8fd3-8ee04552e271,https://store-images.s-microsoft.com/image/apps.56391.14491527672419348.6a759e78-6c1e-4149-b2b2-ee0d663e696c.efa5a05e-6181-4b9e-a0c5-3c2d59aa4d1c,https://store-images.s-microsoft.com/image/apps.54913.14491527672419348.6a759e78-6c1e-4149-b2b2-ee0d663e696c.36dcfd19-9cea-4ae5-a8ce-f2055e32e335,https://store-images.s-microsoft.com/image/apps.28565.14491527672419348.6a759e78-6c1e-4149-b2b2-ee0d663e696c.b5cf0b6d-7c11-4beb-8e97-a3d1984df8be,https://store-images.s-microsoft.com/image/apps.15427.14491527672419348.6a759e78-6c1e-4149-b2b2-ee0d663e696c.e85fc4bf-3d3d-4acd-8948-dcceb7b73bcf,https://store-images.s-microsoft.com/image/apps.42546.14491527672419348.6a759e78-6c1e-4149-b2b2-ee0d663e696c.02373436-0893-4ea9-b058-9321d6f4de40","플랫포머,액션,어드벤처",xbox
Demon Slayer -Kimetsu no Yaiba- The Hinokami Chronicles 2,https://www.xbox.com/ko-kr/games/store/---2/9P70RHNV16W5,2025-08-01,https://store-images.s-microsoft.com/image/apps.27985.14074382009502393.03446f03-ccea-4556-85f5-f6639280d78b.6a88d710-b93d-4339-acf6-1df3c4da2dcd,"※본 제품은 '일반판'입니다. 본 제품 외에 '디럭스 에디션'도 있으므로
제품 내용 및 특전을 확인 후 구매하십시오.

◆내용 설명
""인연""의 칼날로 악귀를 멸하라!
카마도 탄지로의 전투가 가정용 게임으로 다시 막을 올린다―――

【솔로 플레이 모드 -히노카미 혈풍담-: 애니메이션 '귀멸의 칼날' 세 편의 이야기를 체험!】
카마도 탄지로가 걸어온 이야기를 게임으로 체험하자.
TV 애니메이션 '귀멸의 칼날' 에서 '환락의 거리편', '도공 마을편', '합동 강화 훈련편' 의 에피소드를 수록!
탄지로와 동료들의 앞을 가로막는 상현 혈귀들에 맞서 함께 싸우자!

【버서스 모드 -대전-: 주, 집결】
귀살대 최고 계급인 검사 '주' 9명을 포함해 40명 이상의 캐릭터가 참전!
전작에 이어 '합체 오의'와 '장비'라는 신규 요소도 추가!
온라인 대전과 오프라인 대전을 통해 새로운 경지에 도달하자!

◆세트 구성
-귀멸의 칼날 히노카미 혈풍담2　게임 본편
-다운로드판 특전: 플레이어블 캐릭터 조기 해방권 '귀멸 학원·렌고쿠 쿄쥬로', '귀멸 학원·우즈이 텐겐'

◎저장 데이터 연동 특전
동일한 플랫폼의 『귀멸의 칼날 히노카미 혈풍담』 및 『귀멸의 칼날: 도전, 최강의 대원!』의 저장 데이터를 소지한 고객님께서는 아래의 특전이 증정됩니다.
-『귀멸의 칼날 히노카미 혈풍담』 저장 데이터 특전:
 플레이어블 캐릭터 조기 해방권 '귀멸 학원·카마도 탄지로', '귀멸 학원·카마도 네즈코', '귀멸 학원·아가츠마 젠이츠', '귀멸 학원·하시비라 이노스케', '귀멸 학원·토미오카 기유', '귀멸 학원·코쵸우 시노부'
-『귀멸의 칼날: 도전, 최강의 대원!』 저장 데이터 특전:
 플레이어블 캐릭터 조기 해방권 '히나츠루·마키오·스마'
게임 내 의상 조기 해방권 '히나츠루·마키오·스마【옷(식사 준비)】'

※플레이어블 캐릭터 조기 해방권은 버서스 모드에서 기재된 캐릭터를 처음부터 플레이할 수 있는 특전입니다.
※게임 내 의상은 버서스 모드에서 사용할 수 있습니다.
※저장 데이터 연동 특전은 동일한 플랫폼에서만 적용하실 수 있습니다.
※버서스 모드에서 온라인 플레이를 즐기기 위해서는 유료 서비스에 가입할 필요가 있습니다.
※온라인 기능을 이용하기 위해서는 최신 패치가 적용되어 있어야 합니다.
※내용 및 사양은 예고 없이 일부 변경될 수 있습니다.
※다운로드판 특전은 영구 부여되는 특전입니다.
※특전은 추후 별도로 배포될 수도 있습니다.","Demon Slayer -Kimetsu no Yaiba- The Hinokami Chronicles 2,귀멸의 칼날 히노카미 혈풍담2",SEGA,"https://store-images.s-microsoft.com/image/apps.27985.14074382009502393.03446f03-ccea-4556-85f5-f6639280d78b.6a88d710-b93d-4339-acf6-1df3c4da2dcd,https://store-images.s-microsoft.com/image/apps.4975.14074382009502393.03446f03-ccea-4556-85f5-f6639280d78b.13a4163d-00e0-4875-99e7-9044b1d27d43,https://store-images.s-microsoft.com/image/apps.33451.14074382009502393.03446f03-ccea-4556-85f5-f6639280d78b.e6e3ed2c-674d-41a2-a021-9567e155ce50,https://store-images.s-microsoft.com/image/apps.23865.14074382009502393.03446f03-ccea-4556-85f5-f6639280d78b.5f152895-36bb-4c6f-8736-7e028cf94259,https://store-images.s-microsoft.com/image/apps.43242.14074382009502393.03446f03-ccea-4556-85f5-f6639280d78b.8a60b7c2-0f07-457d-87dd-dc3619ccf832","액션,어드벤처,격투",xbox
GRADIUS ORIGINS,https://www.xbox.com/ko-kr/games/store/gradius-origins/9NBZ94W14R5V,2025-08-06,https://store-images.s-microsoft.com/image/apps.45808.13574135791556347.d299f680-a395-4a7c-8385-799bca5cf390.58889276-6667-49b7-9d34-9b2f19b4850a,"가정용 게임기로 처음 이식되는 환상의 '그라디우스 III AM 쇼 버전'을 포함하여, 총 7개 타이틀의 18개 버전 아케이드 타이틀 수록
어디서든 할 수 있는 저장과 되돌리기, 무적 모드 등 알찬 지원 기능과 함께, 부활 지점 및 플레이 회차, 파워 업 상태 등을 설정해 연습할 수 있는 트레이닝 모드, 각종 BGM과 귀중한 자료 이미지가 수록된 라이브러리 기능도 구현

1. 샐러맨더 III

2. 그라디우스
 일본 ROM판 / 일본 버블 시스템판 / 북미판 (NEMESIS) / 유럽판 (NEMESIS) / 북미 시제품판 (NEMESIS)

3. 샐러맨더
 일본판 / 북미판 (라이프 포스)

4. 라이프 포스
 일본판

5. 그라디우스 II -GOFER의 야망-
 일본 전기판 / 일본 중기판 / 일본 후기판 / 북미판 (VULCAN VENTURE)

6. 그라디우스 III -전설에서 신화로-
 일본 OLD판 / 일본 NEW판 / 아시아판 / 일본 AM 쇼판

7. 샐러맨더2
 일본판

■ 알찬 지원 기능, 편의 기능, 신규 모드

빠른 저장 / 빠른 불러오기
　게임 플레이 중 언제든지 저장/불러오기 가능

되돌리기
　언제 어디서든 되돌리기로 다시 시작할 수 있는 편의 기능

이지 모드
　플레이어 전투기의 피격 판정 범위가 작아 한결 편하게 진행할 수 있는 플레이 모드입니다.

무적 모드
　적의 공격을 맞아도 플레이어 전투기를 잃지 않으며, 잃은 횟수만 기록되는 플레이 모드입니다.

트레이닝 모드
　부활 지점 및 플레이 회차, 파워 업 상태 등을 설정해 게임을 연습할 수 있는 플레이 모드입니다.
　※특정 게임 버전에서만 플레이할 수 있습니다.

온라인 랭킹
　게임 오버 후, 획득한 스코어를 리더 보드에 등록
　상위 랭킹에 들면 스코어 등록과 함께 리플레이 업로드

사운드 갤러리
　각 타이틀의 오리지널 사운드트랙 및 기존 발매 CD에 수록된 어레인지 악곡 등 감상 가능

비주얼 갤러리
　당시의 사용 설명서, 개발 자료 등 열람 가능

그라디우스 도감
　각 오리진 타이틀의 적 캐릭터와 스코어 확인 가능


그 외 각 게임 설정 화면에서 다양한 설정(기판의 DIP 스위치, 화면 필터, 당시의 버그 재현 등) 변경 가능",GRADIUS ORIGINS,KONAMI,"https://store-images.s-microsoft.com/image/apps.45808.13574135791556347.d299f680-a395-4a7c-8385-799bca5cf390.58889276-6667-49b7-9d34-9b2f19b4850a,https://store-images.s-microsoft.com/image/apps.52294.13574135791556347.d299f680-a395-4a7c-8385-799bca5cf390.fefce435-7aed-4747-93c0-b23a3b50cd46,https://store-images.s-microsoft.com/image/apps.24042.13574135791556347.d299f680-a395-4a7c-8385-799bca5cf390.4bb5a6db-8b33-4958-8c5a-175db3bfe45a,https://store-images.s-microsoft.com/image/apps.21568.13574135791556347.d299f680-a395-4a7c-8385-799bca5cf390.ae1b73c0-b5e6-434e-960a-671cde53dfb1,https://store-images.s-microsoft.com/image/apps.59317.13574135791556347.d299f680-a395-4a7c-8385-799bca5cf390.849739d2-2d9c-485b-b65b-c24892928017,https://store-images.s-microsoft.com/image/apps.29229.13574135791556347.d299f680-a395-4a7c-8385-799bca5cf390.f37ae547-d226-475f-bf6f-8b7974d780be,https://store-images.s-microsoft.com/image/apps.64569.13574135791556347.d299f680-a395-4a7c-8385-799bca5cf390.7b742743-1f4a-4bd8-a1ab-64f139382ee2,https://store-images.s-microsoft.com/image/apps.64458.13574135791556347.d299f680-a395-4a7c-8385-799bca5cf390.f9c3b3e6-ba97-4c23-abad-063ebdd3507d,https://store-images.s-microsoft.com/image/apps.32051.13574135791556347.d299f680-a395-4a7c-8385-799bca5cf390.c65ca17c-8b00-4e82-86ee-33180020d339,https://store-images.s-microsoft.com/image/apps.6972.13574135791556347.d299f680-a395-4a7c-8385-799bca5cf390.7c4f6e58-463f-43e8-b75d-c1ec03f1a131","슈팅,클래식",xbox
METAL GEAR SOLID Δ: SNAKE EATER,https://www.xbox.com/ko-kr/games/store/metal-gear-solid--snake-eater/9NX56N49H8V0,2025-08-28,https://store-images.s-microsoft.com/image/apps.43472.14284539721983751.be5b5e2d-d433-4fb7-b5e1-397819d27987.9aec1ad7-43b1-493e-a2a5-5e3552f26210,"원작의 핵심은 그대로, 몰입 체험이 진화를 이룬다.
2004년 발매된 ""METAL GEAR SOLID 3: SNAKE EATER""를 원작으로 한 리메이크 작품.
원작의 스토리와 세계관은 그대로 유지되었으며, 최신 그래픽과 입체적인 사운드 표현으로 정글에서 펼쳐지는 궁극의 서바이벌 스텔스 액션을 즐길 수 있다.

오리지널 매력 그대로 진화
스토리, 캐릭터, 보이스, 게임 플레이, 음악 등 원작이 가진 매력은 그대로, 최신 하드웨어에 맞춘 진화를 이룬 리메이크 작품. 세계 구석구석을 다시 만들어 모든 컷 장면에 새로운 생명이 불어넣어졌다.

철저한 현실 추구
전투 피해 묘사가 진화하면서 옷의 찢김, 멍, 탄흔이 실시간으로 Snake의 몸에 표현된다. 옷은 갈아입어 변경을 할 수 있지만, 몸에 난 상처는 계쏙 남게 된다. 플레이어 개개인의 게임 플레이에 따라 Snake의 모습이 다양하게 변한다.

압도적인 몰입감과 현장감
당시와 같은 플레이 감각으로 즐길 수 있는 오리지널 조작 방법과 더불어 새로운 게임에 익숙해진 세대를 위한 플레이 스타일도 채용. 심플하고 이해하기 쉬운 조작성으로 플레이에 대한 집중력을 높여 극한 환경에서의 짜릿한 서바이벌 체험을 즐길 수 있으며, 당시와 같은 플레이 감각으로 즐길 수 있는 플레이 스타일도 선택이 가능.

추가 컨텐츠
・SNAKE VS ???

And more…

※일부 컨텐츠는 인터넷에 접속한 후 소프트웨어 업데이트를 통해 플레이할 수 있습니다.

※본 제품 외에도 「Digital Deluxe Edition」이 따로 있습니다. 중복 구매에 주의하시기 바랍니다.",METAL GEAR SOLID Δ: SNAKE EATER,KONAMI,"https://store-images.s-microsoft.com/image/apps.43472.14284539721983751.be5b5e2d-d433-4fb7-b5e1-397819d27987.9aec1ad7-43b1-493e-a2a5-5e3552f26210,https://store-images.s-microsoft.com/image/apps.59557.14284539721983751.8ae816a8-2b51-4325-8e2c-ad5b564beefd.735bda98-0f36-4bf6-b1d8-70665dd8c806,https://store-images.s-microsoft.com/image/apps.30429.14284539721983751.4a788a8d-0bcc-41c7-9285-bee17556b481.842440fd-1a82-4e9b-9528-2b982205846c,https://store-images.s-microsoft.com/image/apps.46756.14284539721983751.be5b5e2d-d433-4fb7-b5e1-397819d27987.2582608b-1de3-4a92-a427-bbe104a778e0,https://store-images.s-microsoft.com/image/apps.3538.14284539721983751.be5b5e2d-d433-4fb7-b5e1-397819d27987.70f28479-bbae-49d1-9305-e93dfa53d35b,https://store-images.s-microsoft.com/image/apps.41764.14284539721983751.8ae816a8-2b51-4325-8e2c-ad5b564beefd.21e92fe0-192b-422a-aaaa-370a9b6c7676,https://store-images.s-microsoft.com/image/apps.38862.14284539721983751.4a788a8d-0bcc-41c7-9285-bee17556b481.ab7aff31-aea4-4af7-943a-394fdd27658a,https://store-images.s-microsoft.com/image/apps.30638.14284539721983751.4a788a8d-0bcc-41c7-9285-bee17556b481.1994ad48-a426-494f-a107-556b29a073cf,https://store-images.s-microsoft.com/image/apps.65365.14284539721983751.8ae816a8-2b51-4325-8e2c-ad5b564beefd.8993721b-759d-418d-bb0a-0412b6677732,https://store-images.s-microsoft.com/image/apps.31613.14284539721983751.be5b5e2d-d433-4fb7-b5e1-397819d27987.8e59c56c-93d1-419a-92c2-6ee8e6be9b0d","액션,어드벤처",xbox
SHINOBI: Art of Vengeance,https://www.xbox.com/ko-kr/games/store/shinobi--/9N26QS8MPTT9,2025-08-29,https://store-images.s-microsoft.com/image/apps.28062.13961931319111556.bc5123bd-f74d-4d6b-9c21-99aba76bc17d.7b211f94-c21b-4f56-bd4e-41759ee43ff8,"【예약 특전】
・조 무사시 추가 의상 '오리지널 아케이드 의상' (게임 내 아이템)
・추가 부적 '축복' (게임 내 아이템)
※2025년 8월 29일 12:59(KST)까지 예약 구매 한 경우 본 특전이 동봉됩니다.


■게임 설명
히트작 『베어너클 4』의 개발 스튜디오가 선사하는 새로운 닌자 액션 게임. 복수심에 불타는 한 시노비의 서사가 핸드 드로잉 터치의 아트 스타일로 섬세하고 선명하게 그려진다.

■줄거리
시노비의 정점에 이른 닌자 '조 무사시'는 전소된 마을과 돌로 변한 동료들을 눈앞에서 목격하고 복수의 여정에 나선다. 거대한 악에 맞서 동료들의 원수를 갚기 위해서…

■시노비의 기술을 갈고닦아라
검과 쿠나이, 인술, 인법 그리고 조 무사시의 능력을 확장시키는 부적을 자유롭게 사용하여 적을 쓰러뜨려라. 상황에 따라 다양한 기술을 선택하고 자신만의 배틀 스타일로 콤보를 펼치자. 매끄럽고 약동감 있는 애니메이션과 속도감 넘치는 액션이 융합하여 유일무이한 통쾌함을 맛볼 수 있다.

■핸드 드로잉 터치로 그려지는 아름다운 세계
군사 기지부터 작열하는 사막까지, 길을 떠난 조 무사시 앞에 펼쳐지는 각양각색의 스테이지. 수작업으로 밀도 있게 표현된 세계가 그의 여로를 물들인다.
또한, 도중에는 다양한 인술을 구사하여 눈앞의 난관을 극복하고 숨겨진 신규 루트를 발견하는 등, 만족스러운 플랫폼 액션도 즐길 수 있다.

※본 상품은 게임 본편 단품이며, 게임 본편과 추가 콘텐츠가 포함된 세트 상품은 별도로 판매되고 있습니다. 중복 구매에 유의하시기 바랍니다.
※내용 및 사양은 예고 없이 변경될 수 있습니다.","SHINOBI: Art of Vengeance,SHINOBI 복수의 참격",SEGA,"https://store-images.s-microsoft.com/image/apps.28062.13961931319111556.bc5123bd-f74d-4d6b-9c21-99aba76bc17d.7b211f94-c21b-4f56-bd4e-41759ee43ff8,https://store-images.s-microsoft.com/image/apps.46669.13961931319111556.bc5123bd-f74d-4d6b-9c21-99aba76bc17d.652f195d-fb4e-4195-896d-883d4ca21f59,https://store-images.s-microsoft.com/image/apps.20235.13961931319111556.bc5123bd-f74d-4d6b-9c21-99aba76bc17d.6bb0fa99-cca6-470d-a529-df8b2f9772e7,https://store-images.s-microsoft.com/image/apps.43053.13961931319111556.bc5123bd-f74d-4d6b-9c21-99aba76bc17d.ed3c11c8-5921-45e7-8446-5024646eac92,https://store-images.s-microsoft.com/image/apps.9328.13961931319111556.bc5123bd-f74d-4d6b-9c21-99aba76bc17d.0c7d6647-c5cb-481a-bb8c-177700c249b3,https://store-images.s-microsoft.com/image/apps.17129.13961931319111556.bc5123bd-f74d-4d6b-9c21-99aba76bc17d.e606338b-8d50-4d16-bef2-4381bcabc5c3,https://store-images.s-microsoft.com/image/apps.14521.13961931319111556.bc5123bd-f74d-4d6b-9c21-99aba76bc17d.c4059ca1-7626-44f3-b932-ee7999207e9d,https://store-images.s-microsoft.com/image/apps.16961.13961931319111556.bc5123bd-f74d-4d6b-9c21-99aba76bc17d.28df2afe-c107-417d-bd04-1dbaceaf67ce","액션,어드벤처",xbox
Double Dragon Revive,https://www.xbox.com/ko-kr/games/store/-----/9NGGTKMK3QK6,2025-10-22,https://store-images.s-microsoft.com/image/apps.35803.14054374584937820.9ca5f46e-32d0-45a2-80d8-1ab5020f295c.956a6e5f-3868-4480-8264-957123d6fc68,"【게임 설명】
1987년 오락실에 등장하여 ""벨트 스크롤 액션""을 확립한 걸작 타이틀 ""더블 드래곤"" 시리즈.
지금까지도 많은 게이머에게 영감을 주고 있는 작품이 ""더블 드래곤 리바이브""로 다시 태어난다!

1. 스타일리시하게 향상된 캐릭터 비주얼!
 아케이드 황금기를 빛낸 캐릭터들의 개성을 3D 그래픽으로 재현.
 주인공 리 형제뿐만 아니라 여태껏 맞서싸워온 강적들도 등장한다!

2. ""벨트 스크롤 액션""의 액션 쾌감을 철저하게 추구!
 플레이어가 화면을 좌우로 이동하면서 적을 쓰러트려가는 벨트 스크롤 액션.
 그 심플하면서도 직관적인 게임성을 충실히 재현하면서도 조작감과 난이도를 현세대에 맞게 최적화.
 아크시스템웍스의 격투 게임 제작 스태프가 철저히 감수하여 처음 플레이하는 사람도 쉽게 플레이가 가능!

3. 액션의 상쾌함과 전략성
 본 게임의 전투 액션은 단순히 버튼을 누르는 것이 아닌 다채로운 움직임이 필요!
 적의 행동 패턴을 기억하여 효과적인 공격 타이밍을 노리는 등 전략적 요소가 포함되어 있다.
 각 스테이지에 떨어져 있는 무기나 준비된 기믹을 활용하여 전투를 유리하게 이끌어가자!","Double Dragon Revive,더블 드래곤 리바이브",ARC SYSTEM WORKS,"https://store-images.s-microsoft.com/image/apps.35803.14054374584937820.9ca5f46e-32d0-45a2-80d8-1ab5020f295c.956a6e5f-3868-4480-8264-957123d6fc68,https://store-images.s-microsoft.com/image/apps.52045.14054374584937820.9ca5f46e-32d0-45a2-80d8-1ab5020f295c.38940481-25c5-423d-9c33-bd28cfc1947d,https://store-images.s-microsoft.com/image/apps.47822.14054374584937820.9ca5f46e-32d0-45a2-80d8-1ab5020f295c.3b025470-8050-4e16-bdf9-d150afeb231b,https://store-images.s-microsoft.com/image/apps.23740.14054374584937820.489099b2-78f5-4408-a2f5-a52308927eab.262b3620-f8b1-4451-8c4d-50297c287f74,https://store-images.s-microsoft.com/image/apps.8770.14054374584937820.489099b2-78f5-4408-a2f5-a52308927eab.26df08f9-63f6-4381-b825-c670bff858ab,https://store-images.s-microsoft.com/image/apps.58917.14054374584937820.489099b2-78f5-4408-a2f5-a52308927eab.605df977-c752-447e-806f-ddefd8112faa,https://store-images.s-microsoft.com/image/apps.62843.14054374584937820.489099b2-78f5-4408-a2f5-a52308927eab.3f7c9b3b-9018-4fee-a527-e87a7d2e2d61,https://store-images.s-microsoft.com/image/apps.6322.14054374584937820.9ca5f46e-32d0-45a2-80d8-1ab5020f295c.7ee62b47-d830-4c7e-8dc4-8a22ac597b93,https://store-images.s-microsoft.com/image/apps.5435.14054374584937820.489099b2-78f5-4408-a2f5-a52308927eab.dee8a6b6-0e63-4e53-8071-90f41ee3ef5c,https://store-images.s-microsoft.com/image/apps.65454.14054374584937820.9ca5f46e-32d0-45a2-80d8-1ab5020f295c.0a0458bd-76d8-4b1a-90e4-68f8e57b259a","액션,어드벤처",xbox
