title,url,date,imageurl,description,autokwd,company,screenshot,tag,platform
Lost in Random: The Eternal Die,http://www.xbox.com/ko-KR/games/store/lost-in-random-the-eternal-die/9N72G399183F/0017,2025-6-18,https://store-images.s-microsoft.com/image/apps.45243.14006964332473416.b0126932-c0a7-417f-9642-005949f019a5.56e3cb4a-f6b4-44fc-b344-156339d4404b,"확률의 게임, 실력의 시험
 Lost in Random: The Eternal Die는 역동적인 실시간 액션과 전술적인 전투, 위험 보상이 주어지는 주사위 방식을 혼합하여 초 단위로 빠르게 전개되는 짜릿한 전투를 선보입니다.
 
 한때는 랜덤의 위대한 통치자였지만 지금은 복수와 구원을 찾는 알렉산드라 여왕이 되어 독창적인 독립적 스토리를 풀어 나가세요.
 
 네 가지 유형의 독특한 무기를 휘두르고, 강력한 카드 기반 능력을 발휘하고, 속성 유물을 활용하고, 믿음직한 주사위 동료 포춘을 전략적으로 던져 전투의 판도를 바꾸세요. 또는 던진 주사위 숫자에 따라 놀라운 보상을 받거나... 참혹한 결과로 이어질 수 있는 고액을 건 위험천만한 게임에 참여하세요.
 
 죽음은 끝이 아닙니다. 안식처로 돌아와 새로운 무기를 잠금 해제하고, 강력한 업그레이드를 구매하고, 협력자들의 퀘스트를 수행하며 다음 런을 준비하세요.
 
 생생한 다크 판타지
 위험, 비밀, 예측 불가한 도전으로 가득한 역동적인 네 가지 환경을 탐험하세요. 고딕 양식, 강렬한 풍경, 매혹적인 분위기의 사운드트랙이 어우러진 잊을 수 없는 세계에 푹 빠져보세요.
 
 다양한 결말을 맞이하고, 별난 캐릭터들의 대사를 모두 음성으로 들을 수 있는 The Eternal Die는 잊을 수 없는 새로운 장이 펼쳐지는 랜덤의 세계로 여러분을 다시 초대합니다.
 
 주요 특징
- 실시간 액션과 전술적인 선택이 어우러진 초 단위로 빠르게 전개되는 전투
- 전투의 흐름이 예상치 못하게 변하는 독특한 주사위 던지기 방식
- 각기 다른 플레이스타일의 네 가지 완전 업그레이드 가능한 무기
- 100개 이상의 속성 유물과 15개의 강력한 카드 기반 능력으로 빌드 커스터마이징
- 비밀, 적, 큰 판돈이 걸린 도전으로 가득한 네 가지 무작위 생성 환경
- 30가지 이상의 적 유형, 실력과 전략을 요하는 4명의 무자비한 월드 보스
- 무작위 조우, 진화하는 유물 시너지 효과, 조정 가능한 난이도 설정으로 원하는 방식으로 플레이 가능
- 잊을 수 없는 아름다운 풍경과 매혹적인 사운드트랙을 감상할 수 있는 생생한 버트네스크 스타일의 다크 판타지 세계",Lost in Random: The Eternal Die,Stormteller Games,"https://store-images.s-microsoft.com/image/apps.45243.14006964332473416.b0126932-c0a7-417f-9642-005949f019a5.56e3cb4a-f6b4-44fc-b344-156339d4404b,https://store-images.s-microsoft.com/image/apps.25263.14006964332473416.b0126932-c0a7-417f-9642-005949f019a5.17b1d8dc-325e-4f0f-b876-fc1b878a8c76,https://store-images.s-microsoft.com/image/apps.46338.14006964332473416.b0126932-c0a7-417f-9642-005949f019a5.091e7b80-3a1a-4508-b73a-96bb8a9f589f,https://store-images.s-microsoft.com/image/apps.57930.14006964332473416.b0126932-c0a7-417f-9642-005949f019a5.8706e430-5e0f-4e97-abf5-ec6a72de4d30,https://store-images.s-microsoft.com/image/apps.11079.14006964332473416.b0126932-c0a7-417f-9642-005949f019a5.38322109-253e-4a65-b781-9e532655e69d,https://store-images.s-microsoft.com/image/apps.36718.14006964332473416.b0126932-c0a7-417f-9642-005949f019a5.e17c5e52-b2c3-400a-ad48-afacbdaf2e9f,https://store-images.s-microsoft.com/image/apps.63922.14006964332473416.0d2c6105-838b-479a-9434-e403f3e66892.04500490-76a7-4e2c-88e6-a6f988f2203b,https://store-images.s-microsoft.com/image/apps.51597.14006964332473416.b0126932-c0a7-417f-9642-005949f019a5.85009e68-2960-4bd8-bde8-874d84deb3fe,https://store-images.s-microsoft.com/image/apps.51236.14006964332473416.b0126932-c0a7-417f-9642-005949f019a5.d455df80-32b6-4727-9367-74f9ba6ca9d0,https://store-images.s-microsoft.com/image/apps.58150.14006964332473416.b0126932-c0a7-417f-9642-005949f019a5.96265771-f550-4e4f-9fdd-cfa9133a3fdf","액션,어드벤처",xbox
Dustwind: Resistance,http://www.xbox.com/ko-KR/games/store/dustwind-resistance/9NC3C9ZX5B7W/0017,2025-6-18,https://store-images.s-microsoft.com/image/apps.32055.13576103540707370.c3312846-efd1-401b-83ed-bbdb4e596f3b.02672042-d47b-4de2-a77f-d59f4ae92444,"Dustwind: Resistance is a tactical single-player game set in a post-apocalyptic world (real-time with pause).

Lead a squad of warriors and your loyal dog, Diesel, against a brutal raider army. Pause and issue orders at any time. Choose your weapons, skills, and tactics. Shoot, chop, kick, or bite. Go in guns blazing or use stealth. Set traps, throw grenades, or crush enemies with an armored car. Deploy turrets and barricades to defend your home. Complete risky missions in raider-infested locations. Do whatever it takes to repel the invaders and secure your people’s freedom. The only thing you can’t do is surrender.

Dustwind: Resistance delivers a brand-new story in the Dustwind universe, along with major improvements over the prequel game:
- A new full-length campaign
- Now focused and refined exclusively for the single-player experience
- A streamlined UI for smoother gameplay
- New and revamped skills and game mechanics
- Character system updates
- More varied environments featured in the new campaign
- Numerous unique weapons added, plus a full weapon rebalance
- Tons of small improvements (bug fixes, quality-of-life tweaks, and general refinements)
 
Story Summary
Jake was just a farmer trying to live a quiet life—until the raiders invaded. On his mission for survival, freedom, and justice, he and his squad must use every weapon and tactic at their disposal to fight back and reclaim their homeland.",Dustwind: Resistance,Dustwind Studios & Z-Software,"https://store-images.s-microsoft.com/image/apps.32055.13576103540707370.c3312846-efd1-401b-83ed-bbdb4e596f3b.02672042-d47b-4de2-a77f-d59f4ae92444,https://store-images.s-microsoft.com/image/apps.28815.13576103540707370.c3312846-efd1-401b-83ed-bbdb4e596f3b.2eb210b2-aa82-4384-a3d8-fd473b693ad8,https://store-images.s-microsoft.com/image/apps.46172.13576103540707370.c3312846-efd1-401b-83ed-bbdb4e596f3b.1908c081-1908-488d-94db-9c458bdc821f,https://store-images.s-microsoft.com/image/apps.58421.13576103540707370.c3312846-efd1-401b-83ed-bbdb4e596f3b.bfa99d2b-4901-4ac4-8fc6-e920dbef4faa,https://store-images.s-microsoft.com/image/apps.3962.13576103540707370.c3312846-efd1-401b-83ed-bbdb4e596f3b.c3bc8a24-5c4f-43a1-a602-f84dd6f9636e,https://store-images.s-microsoft.com/image/apps.22395.13576103540707370.c3312846-efd1-401b-83ed-bbdb4e596f3b.c9afb0ec-05b3-4799-98c8-db4ea432caa2,https://store-images.s-microsoft.com/image/apps.27282.13576103540707370.c3312846-efd1-401b-83ed-bbdb4e596f3b.e2468f88-cb5e-42d5-a976-93378bfc5de9,https://store-images.s-microsoft.com/image/apps.30844.13576103540707370.c3312846-efd1-401b-83ed-bbdb4e596f3b.f3816e3d-fd89-4a44-b411-f2265f5029a8,https://store-images.s-microsoft.com/image/apps.37764.13576103540707370.c3312846-efd1-401b-83ed-bbdb4e596f3b.5a10fd1a-03d9-4b4a-866a-4988189f0b02","액션,어드벤처,전략",xbox
CarX Street,http://www.xbox.com/ko-KR/games/store/carx-street/9NN082LMVV2C/0017,2025-6-18,https://store-images.s-microsoft.com/image/apps.9188.13748475895353384.046184b6-3e8f-43a2-8397-bee0da202a16.dcf67cec-f4eb-4e3e-89f2-46a26063f884,"Conquer mountain slopes, vast highways, and bustling city streets in CarX Street. Build the car of your dreams with fine-tuning that reveals the full potential of CarX Technology© physics. Take part in thrilling races, offline or online, and enjoy realistic gameplay and dynamic controls.

ABOUT CARX STREET
Street races, high speeds, and an adrenaline rush... You'll find all of this in Sunset City. Sit behind the wheel of various cars, enjoy a wide variety of tuning options, and feel like the real king of the road.

You'll become part of StreetNET, a unique network for underground racers. Earn clout among the network members by making it into the elite ranks and build the fleet of your dreams.

An open-world racing game from the makers of CarX Drift Racing Online.

-------------------------------------------------------
A DIVERSE GAME WORLD

A massive open world with all sorts of things to do:

Club races: Compete with the Bosses of various clubs in tons of unique areas of the city. Show off your skills and rise to the ranks of the elites by challenging the strongest rivals.

Free Drift races: Get the most drift points in the city's parking lots by demonstrating your ability to create stunning and complex drift combinations.

Drift races: Aim for the most drift points on picturesque mountain serpentines. These twisting tracks provide an excellent environment to improve your drifting skills and test the limits of your abilities.

Sprint races: Take part in speedy sprint races in busy areas around the city. Compete against time and other racers to be the best in every race.

The leaderboard mode allows players to compete for the highest positions in the ratings. Take part in various races and climb the leaderboards. Track your progress, compare results with other players, and aim for the top to earn the most exclusive rewards.

Fulfill orders to deliver cars and parts all around the city to get to know Sunset City even better.

City exploration: Discover the beauty of Sunset City as you explore its diverse locations. Enjoy the open world by finding interesting places that await you around every corner.


-------------------------------------------------------
BUILD THE CAR OF YOUR DREAMS

Explore the wide range of cars available in the game. Create your perfect ride, whether it's a drifting race car or a powerful sports car. The CarX Street world offers you unlimited opportunities to make your dreams come true.

TUNING
Modify and fine-tune key components of your car to achieve optimal performance. Find the perfect settings for drift, sprint, and club races.
STYLING
Unbelievable possibilities to personalize your cars. Choose from tons of parts to create a unique design. Customize the color of your car using various kinds of paint. Modify the rims, and add underglow LED lights for even more charm. Personalize the interior by choosing from different seats, wheels, and much more. Build a car that completely reflects your personal style.

-------------------------------------------------------
DOMINATE ONLINE
Various multiplayer modes:

Speed League: Take part in thrilling online races. Prove your mastery by competing against five rivals. Ready to risk it all and put your car on the line to win?

Battle mode: Enter intense duels in circuit and sprint races. Go head-to-head with other racers, showing off your speed and dexterity on the road. Every race is a chance to prove you're the best in personal battles.

Chase mode: Test your abilities and try to break away from your pursuer by more than 300 meters. It's the perfect opportunity to showcase your speed and strategic thinking against other racers.

Maneuver through city traffic, conquer the mountain slopes drifting, and just enjoy the freedom to ride without limitations along with your friends.",CarX Street,CarX Technologies,"https://store-images.s-microsoft.com/image/apps.9188.13748475895353384.046184b6-3e8f-43a2-8397-bee0da202a16.dcf67cec-f4eb-4e3e-89f2-46a26063f884,https://store-images.s-microsoft.com/image/apps.49495.13748475895353384.046184b6-3e8f-43a2-8397-bee0da202a16.e2ae4f95-3a8f-4238-96ea-01ad8681cdd0,https://store-images.s-microsoft.com/image/apps.48800.13748475895353384.046184b6-3e8f-43a2-8397-bee0da202a16.5e81acb4-0627-430a-b25d-ba2fb1eb734b,https://store-images.s-microsoft.com/image/apps.63342.13748475895353384.046184b6-3e8f-43a2-8397-bee0da202a16.71e7942c-4932-458e-9310-511552b5adb0,https://store-images.s-microsoft.com/image/apps.15301.13748475895353384.046184b6-3e8f-43a2-8397-bee0da202a16.3ac89c3e-784e-431e-bb9c-db4d4e71c5b0,https://store-images.s-microsoft.com/image/apps.51863.13748475895353384.046184b6-3e8f-43a2-8397-bee0da202a16.a6632999-bbf7-4fa5-8640-930c6f7f3b13,https://store-images.s-microsoft.com/image/apps.57967.13748475895353384.046184b6-3e8f-43a2-8397-bee0da202a16.bc0e14eb-d46b-45eb-990b-2c27bdf38a91,https://store-images.s-microsoft.com/image/apps.27145.13748475895353384.046184b6-3e8f-43a2-8397-bee0da202a16.27930dd7-6866-4a61-8d01-b4877737421e,https://store-images.s-microsoft.com/image/apps.34343.13748475895353384.046184b6-3e8f-43a2-8397-bee0da202a16.f7c2e5fa-d517-4172-b2c3-b024146c7994,https://store-images.s-microsoft.com/image/apps.35165.13748475895353384.046184b6-3e8f-43a2-8397-bee0da202a16.21200885-63f8-43c9-96a2-258cd5a07e64,https://store-images.s-microsoft.com/image/apps.34105.13748475895353384.046184b6-3e8f-43a2-8397-bee0da202a16.7ab1ff2b-d967-4efb-a533-625138c9e446,https://store-images.s-microsoft.com/image/apps.17803.13748475895353384.046184b6-3e8f-43a2-8397-bee0da202a16.f22a6709-494a-4b14-8b31-91d9d7b568d3","레이싱,비행,시뮬레이션,스포츠",xbox
Chronicles of the Wolf,http://www.xbox.com/ko-KR/games/store/chronicles-of-the-wolf/9NZDB3VZWL82/0017,2025-6-19,https://store-images.s-microsoft.com/image/apps.18397.14482327862344021.21039567-bc04-4e19-8d50-9db11b28438f.60407101-eb28-4002-b9f2-3e380058eeb0,"괴수는 실존하며, 여러분을 기다리고 있습니다.

Chronicles of the Wolf에서는 장미십자회의 마지막 회원, 마테오 롬바르도로 플레이하며 악명 높은 제보당의 괴수를 사냥하게 됩니다. 빠르게 진행되는 전투, 도전 정신을 자극하는 탐험, 깊이 있는 스토리텔링이 어우러진 이 어둡고 스릴 넘치는 플랫포머 어드벤처 게임은 해당 장르의 팬이라면 반드시 플레이해 봐야 하는 작품입니다.

저마다 위험과 비밀로 넘치는 거대한 성, 위험천만한 숲, 신비로운 유적을 탐험하세요. 이 유기적으로 연결되어 있는 방대한 세계를 헤쳐 나가기 위해서는 주민들과 대화하고, 강력한 무기를 모으고, 정교한 퍼즐을 풀고, 게임의 판도를 뒤바꾸는 능력을 잠금 해제해야 합니다. 그리고 그 과정에서 마주치는 무자비한 보스는 여러분의 실력을 한계까지 몰아붙일 것입니다.

평단의 찬사를 받은 고딕 액션 시리즈의 상징이자 Kira Buckland가 성우를 담당한 피투성이 적, 블러드리스가 특별 출연합니다. 게임계에서 가장 호평받는 다크 판타지 어드벤처 작품에 참여한 전설적인 성우, Robert Belgrade의 내레이션에 빠져들어 보세요. 빠르게 진행되는 전투와 깊이 있는 스토리텔링 및 탐험이 한데 어우러진 Chronicles of the Wolf는 Migami 몬스터 세계관의 유산을 이어받아 흡인력 있는 메트로배니아 경험을 선사합니다.

Chronicles of the Wolf의 아름다운 일러스트로 구현된 컷신과 Jeffrey Montoya가 작곡한 강렬한 사운드트랙은 한 편의 영화처럼 몰입감 넘치는 경험을 자아냅니다. 비디오 게임 역사상 가장 상징적인 어드벤처 시리즈 중 하나에 참여한 것으로 유명한 Oscar Araujo의 놀라운 게스트 트랙은 이 어둡고 기나긴 여정에 딱 알맞은 느낌을 조성하며 게임의 분위기에 깊이를 한층 더합니다. 여기에 역사에서 얻은 영감과 긴장감 넘치는 게임플레이까지 더해진 이 작품은 단순한 게임을 넘어, 손에서 뗄 수 없는 수작이 되어줄 것입니다.",Chronicles of the Wolf,MIGAMI GAMES,"https://store-images.s-microsoft.com/image/apps.18397.14482327862344021.21039567-bc04-4e19-8d50-9db11b28438f.60407101-eb28-4002-b9f2-3e380058eeb0,https://store-images.s-microsoft.com/image/apps.32189.14482327862344021.21039567-bc04-4e19-8d50-9db11b28438f.975690c9-8420-4c5c-82ed-8670eed4b536,https://store-images.s-microsoft.com/image/apps.64575.14482327862344021.21039567-bc04-4e19-8d50-9db11b28438f.5970e1fa-3836-4200-8e13-afdc61e6f265,https://store-images.s-microsoft.com/image/apps.29205.14482327862344021.21039567-bc04-4e19-8d50-9db11b28438f.48b979d0-0151-40d7-97bb-0e2d6b12ab2b,https://store-images.s-microsoft.com/image/apps.45895.14482327862344021.21039567-bc04-4e19-8d50-9db11b28438f.56d62c0f-1c2a-4cdf-bfb9-2fc86b88f0fd,https://store-images.s-microsoft.com/image/apps.36118.14482327862344021.21039567-bc04-4e19-8d50-9db11b28438f.7184daac-1a4f-4189-9606-800330b6406b,https://store-images.s-microsoft.com/image/apps.26085.14482327862344021.21039567-bc04-4e19-8d50-9db11b28438f.04cf40f5-0a30-4acb-9110-422f745b91d2,https://store-images.s-microsoft.com/image/apps.887.14482327862344021.21039567-bc04-4e19-8d50-9db11b28438f.2d073708-05d8-4d62-9484-d19923043557","플랫포머,액션,어드벤처",xbox
Robots at Midnight,http://www.xbox.com/ko-KR/games/store/robots-at-midnight/9NC17SX06DCN/0017,2025-6-19,https://store-images.s-microsoft.com/image/apps.16641.13573058836480825.c7c987cb-c401-4a8e-8621-ae359473a6dc.15cbe06c-387f-489e-8e5e-3e477348f77c,"Robots at Midnight는 치열한 전투, 거대한 괴물, 풍자스러운 로봇을 만나볼 수 있는 액션 RPG로, 스토리 중심의 확장형 카세트 퓨처리스트 세계를 배경으로 합니다. 지금은 폐허가 된 호화로운 여행지였던 욥 행성은 이제 열악한 행성으로 변했습니다. 위험한 주민들로 거주자들로 쳐나는 욥 행성은 어떤 인간에게도 견디기 힘든 도전이 될 것입니다. 여러분의 가족과 이 세상의 비밀에 대해 알아보고 그 속에 숨은 부패를 밝히세요.

【치열한 실시간 전투 】
전투 로봇으로 전투를 벌이면서 나만의 전투 스타일을 찾고, 체력을 관리하며, 기술과 전략을 완벽하게 마스터하세요. 고철 “더미”를 테스트하세요!

【전투 안 밖의 다이내믹한 움직임 】
등반과 점프 부스팅부터 회피와 공중제비까지, 세계를 탐험하거나 전투에서 우위를 점하기 위해 특별한 길과 전략을 사용하세요. MITT로 알려진 우주 건틀릿의 힘을 활용하여 체력을 북돋고 펀치를 날리고 사물과 적을 걷어차세요!

【탐험하고 숨은 이야기를 밝히세요 】
완전히 새로운 세상에서 깨어난다면 여러분은 무엇을 할 건가요? 
조이를 도와 무슨 일이 벌어졌는지, 욥 세계에 대해 더 알아보세요.",Robots at Midnight,Finish Line Games,"https://store-images.s-microsoft.com/image/apps.16641.13573058836480825.c7c987cb-c401-4a8e-8621-ae359473a6dc.15cbe06c-387f-489e-8e5e-3e477348f77c,https://store-images.s-microsoft.com/image/apps.57676.13573058836480825.c7c987cb-c401-4a8e-8621-ae359473a6dc.d2a0dd2b-c143-4399-bf5a-4d5af8cd74c1,https://store-images.s-microsoft.com/image/apps.31375.13573058836480825.c7c987cb-c401-4a8e-8621-ae359473a6dc.4b5d46e5-05bf-429f-8208-1a438014200d,https://store-images.s-microsoft.com/image/apps.13948.13573058836480825.c7c987cb-c401-4a8e-8621-ae359473a6dc.963e7901-a154-4f05-b48a-96d62c7ea721,https://store-images.s-microsoft.com/image/apps.9535.13573058836480825.c7c987cb-c401-4a8e-8621-ae359473a6dc.47026a51-205c-4b6f-8388-f57b1db89f55,https://store-images.s-microsoft.com/image/apps.44516.13573058836480825.c7c987cb-c401-4a8e-8621-ae359473a6dc.698fd179-6b48-44f9-ac46-7de8bf1ed3f8,https://store-images.s-microsoft.com/image/apps.19708.13573058836480825.c7c987cb-c401-4a8e-8621-ae359473a6dc.c4e48e5b-25df-41bb-825b-719a10425a1a,https://store-images.s-microsoft.com/image/apps.60848.13573058836480825.c7c987cb-c401-4a8e-8621-ae359473a6dc.3eeac3c4-38d9-415e-bcf7-53cd8469c51e","액션,어드벤처,롤플레잉",xbox
Architect Life: A House Design Simulator,http://www.xbox.com/ko-KR/games/store/architect-life-a-house-design-simulator/9PDMGW2D5250/0017,2025-6-19,https://store-images.s-microsoft.com/image/apps.58147.13522358232201165.7f81b691-c9b9-43e5-85b6-86fdb3269de9.f9c47a51-f91e-4ebb-b1cd-e64a0dd1f128,"광범위한 창의적 자유를 마음껏 표현해 보세요. 재료, 구조, 아이템은 무척이나 다양하고, 무엇보다도 각 방의 모양부터 상세한 지붕 도면에 이르기까지 건물을 설계하고 맞춤화할 수 있는 혁신적인 건축 도구도 이용할 수 있습니다.

• 커리어 모드 – 당신은 건축 회사를 책임지고 현대식 홈 디자인 프로젝트를 관리하는 일을 맡게 됩니다. 건축주의 사양과 지형에 맞춰 각 주택을 모델링하고, 하청업체를 선정하고 시공을 감독합니다. 이 모든 과정에서 경험 포인트를 획득하면 새로운 공법(새로운 건축 자재와 기술, 녹색 에너지 등)을 점진적으로 잠금 해제하여 프로젝트 실행에 사용할 수 있습니다.

• 자유 모드 – 60가지 옵션 중에서 환경과 지형을 선택한 다음 완전한 창작의 자유를 누려볼 수 있습니다!

• 혁신적이고 직관적인 도구 - 방과 지붕 도면에 정확한 치수 및 각도 측정, 인텔리전트하게 설치하는 발코니와 메자닌 생성, 구조 확장, 천장 높이 변경, 다양한 재료 및 코팅 선택 등. Architect Life의 간단하고 인간공학적인 도구는 창의적인 가능성을 극대화하도록 설계되었습니다.

• 장비 및 부속품 – 난방 장치의 수량과 배치를 최적화하여 실내 난방을 관리하고, 집 인테리어에서 정확한 가구 색상까지 모든 것을 취향껏 꾸밀 수도있습니다. 식물과 다양한 시설(수영장, 놀이터 등)을 이용하면 야외 공간의 즐길 거리도 더 풍성해집니다.

• 가상 방문 – 집을 완공한 후에는 언제든지 1인칭 모드로 전환하여 방문할 수 있습니다. 태양의 위치를 바꿔가며 다양한 조명에서 방이 어떻게 달라 보이는지 테스트하고, 자신이 빚어낸 작품에 둘러싸여 감상의 시간을 가지며 휴식을 취해보세요.",Architect Life: A House Design Simulator,Shine Research,"https://store-images.s-microsoft.com/image/apps.58147.13522358232201165.7f81b691-c9b9-43e5-85b6-86fdb3269de9.f9c47a51-f91e-4ebb-b1cd-e64a0dd1f128,https://store-images.s-microsoft.com/image/apps.444.13522358232201165.7f81b691-c9b9-43e5-85b6-86fdb3269de9.49fc76f7-631a-4dcf-80da-f0f4a6cac30e,https://store-images.s-microsoft.com/image/apps.7815.13522358232201165.7f81b691-c9b9-43e5-85b6-86fdb3269de9.f406bff6-a66d-4fa8-8e48-31124933c70e,https://store-images.s-microsoft.com/image/apps.58353.13522358232201165.7f81b691-c9b9-43e5-85b6-86fdb3269de9.b748053c-ea7d-466d-804c-c04dd024e043,https://store-images.s-microsoft.com/image/apps.24858.13522358232201165.7f81b691-c9b9-43e5-85b6-86fdb3269de9.ed3c3399-ac56-4046-85b7-cb63b5266bd5,https://store-images.s-microsoft.com/image/apps.22217.13522358232201165.7f81b691-c9b9-43e5-85b6-86fdb3269de9.9bbf015f-2881-4906-ba63-cc30c34664e1,https://store-images.s-microsoft.com/image/apps.52232.13522358232201165.7f81b691-c9b9-43e5-85b6-86fdb3269de9.92b09754-0e76-499d-a0f0-30b8321faa3b,https://store-images.s-microsoft.com/image/apps.15101.13522358232201165.7f81b691-c9b9-43e5-85b6-86fdb3269de9.ed200512-e047-47ea-b65f-41179c9667b7,https://store-images.s-microsoft.com/image/apps.9286.13522358232201165.7f81b691-c9b9-43e5-85b6-86fdb3269de9.356cef1a-c485-4edd-81f9-2b46c24c1af5,https://store-images.s-microsoft.com/image/apps.45769.13522358232201165.7f81b691-c9b9-43e5-85b6-86fdb3269de9.d82177d3-4c80-4ece-bade-0859d0d71657",시뮬레이션,xbox
REMATCH,http://www.xbox.com/ko-KR/games/store/rematch/9P34K0W5PVJ3/0017,2025-6-19,https://store-images.s-microsoft.com/image/apps.5680.14036668029170653.97838000-87b6-4a56-9c79-e4eddcea3b6f.c0103929-0d74-40ce-8f04-8c973d252fd0,"축구에 대한 새로운 관점
3인칭 액션 - 태클, 드리블, 조준, 슛 - 몰입형 관점에서 액션의 핵심으로 뛰어드세요.
원 플레이어 컨트롤 - 행동을 관찰하고, 위치를 잡고, 완벽하게 실행하세요: 모든 결정은 중요하며, 팀원에게 의지하는 것은 승리에 있어 필수적입니다.
스킬 기반 게임플레이 - 플레이어 스탯 없이, 공평한 경쟁의 장에서 승리는 오로지 플레이어의 기술과 전술적 조율에 달려 있습니다.

강렬한 액션과 심층적인 전술
아케이드 스타일의 신뢰할 수 있는 축구 - 축구의 모든 상징적인 동작을 쉽게 선보이며 놀라운 운동선수가 된 듯한 기분을 느껴보세요.
논스톱 액션 - 파울도 오프사이드도 일시 정시도 없습니다... 쉴 시간도 없죠.
이해하기 쉬운 메카닉 - 심도 있는 메카닉 - 실제 축구와 마찬가지로 승리하려면 정확성, 빠른 반사 신경, 완벽한 팀 협업이 모두 필요합니다.

온라인 팀 기반 경험
팀 기반 온라인 게임플레이 - 처음부터 온라인 멀티플레이어 경험으로 설계된 Rematch는 항상 공평하다고 느껴지는 순간적인 게임플레이 반응을 제공합니다.
경쟁 모드 - 혼자 또는 친구들과 함께 상위 리그에 도전해 보세요.
시즌별 콘텐츠 - 목전엔 언제나 새로운 것이 있습니다. 매 시즌마다 새로운 게임 모드가 등장하고 더 많은 장식 콘텐츠가 추가됩니다.",REMATCH,Sloclap,"https://store-images.s-microsoft.com/image/apps.5680.14036668029170653.97838000-87b6-4a56-9c79-e4eddcea3b6f.c0103929-0d74-40ce-8f04-8c973d252fd0,https://store-images.s-microsoft.com/image/apps.10187.14036668029170653.10e4e874-e966-4e0d-982b-b6e4114ffde6.8a997d75-c6b0-48f1-98a3-408f7d38b357,https://store-images.s-microsoft.com/image/apps.19483.14036668029170653.10e4e874-e966-4e0d-982b-b6e4114ffde6.bd5c76d8-51ea-4099-818f-3b27600910a8,https://store-images.s-microsoft.com/image/apps.39047.14036668029170653.10e4e874-e966-4e0d-982b-b6e4114ffde6.af0ac19b-9320-4ee7-9f29-f36095ad067b,https://store-images.s-microsoft.com/image/apps.54570.14036668029170653.97838000-87b6-4a56-9c79-e4eddcea3b6f.8ed0a7d4-8b7b-4611-ba75-57e9a560ea38","스포츠,액션,어드벤처,멀티플레이어온라인배틀아레나",xbox
Star Overdrive,http://www.xbox.com/ko-KR/games/store/star-overdrive-pre-order-standard-edition/9NQ29JXT7PZ3/0017,2025-6-19,https://store-images.s-microsoft.com/image/apps.3576.13602041216252108.c194d0c0-589d-4d5f-afcb-74d18ce968b9.5bd26183-c4d5-4a72-ab58-a7a1fc300265,"고속으로 펼쳐지는 우주 대서사시
속사포로 전개되는 고속 액션과 아득히 먼 외계 행성의 미스터리가 절묘하게 융합한 Star Overdrive에서는 호버보드에 몸을 싣고 떠나는 모험 활극이 펼쳐집니다.

주인공 바이오스는 의문의 조난 신호를 받은 후, 수수께끼로 가득한 행성 세베테에 불시착합니다. 완전히 고립된 상황에서 다재다능한 키타와 고성능 호버보드에 의지해, 행성 곳곳에 도사리는 온갖 난관에 맞서는 바이오스. 그러던 중에 그는 숨겨진 힘에 눈을 뜨고, 사랑하는 연인 누스의 실종에 관한 진상을 마주하게 됩니다. 

 다이내믹한 호버보드 탐험
방대한 세상을 전속력으로 질주하고, 눈이 휘둥그레지는 트릭을 구사하고, 추진력을 활용해 새로운 지역에 당도하세요. 매끄럽고 스타일 넘치는 움직임으로 고공 트릭 콤보를 성공하고 전투에 뛰어드세요. 
 
나만의 플레이 방식
주변 환경을 자신만의 방식으로 활용하여 모험을 즐기세요. 적응과 실험, 힘의 결합을 통해 적을 농락하고, 외계 세상을 누비며, 개성적인 전법을 구축하세요.

혁신적인 키타 전투와 퍼즐
폐허나 유적지를 클리어하다 보면 스킬이 해제되거나 각종 능력을 조합하게 됩니다. 이를 통해 주변 환경을 뜻대로 이용하세요. 나만의 속도로 전투에 임하고 탐험하며 적을 제압하세요.

비밀로 가득한 세상
독특한 풍경과 생명체, 숨겨진 난관 등 생태적으로 개성 뚜렷한 세 지역을 탐험하세요. 몇 번을 가더라도 매번 신선한 감각을 느낄 수 있습니다. 

파워와 능력 향상
중력의 영향을 바꾸고, 운동 에너지를 발산하세요. 각종 능력을 조합하여 적을 쓰러뜨리세요. 

마음대로 꾸미는 호버보드
다양한 색상과 디자인 업그레이드로 호버보드를 꾸미세요. 외형과 기능을 각자의 플레이 방식에 따라 맞춤형으로 변경할 수 있습니다.

호버보드 성능 업그레이드
자원을 수집하여 호버보드의 속도와 중력, 제어 등 다양한 성능을 강화하세요. 이를 통해 레이스 스킬을 한계까지 올리고, 강렬한 라이딩과 가슴 쫄깃한 스턴트를 만끽할 수 있습니다.

파멸을 맞이한 행성 세베테의 숨 멎을 정도로 멋진 경치를 가로지르며 질주하고, 연인의 실종에 관한 진상을 밝혀내세요. 살랑이는 모래 언덕부터 폐허와 유적지를 왜곡하는 중력까지 모든 생태 환경은 속도와 정확성, 창의적인 사고를 요구하는 난관 그 자체입니다.

당신의 여정은 당신만의 것! 직접 빚어내세요!

능력을 활용하여 물리 현상을 초월하거나, 위협을 극복하거나, 행성의 지하에 묻힌 과거의 지식을 세상 밖으로 끌어내세요!",Star Overdrive,Caracal Games Studio,"https://store-images.s-microsoft.com/image/apps.3576.13602041216252108.c194d0c0-589d-4d5f-afcb-74d18ce968b9.5bd26183-c4d5-4a72-ab58-a7a1fc300265,https://store-images.s-microsoft.com/image/apps.45467.13602041216252108.c194d0c0-589d-4d5f-afcb-74d18ce968b9.ae4208cd-d081-49ed-b822-ad57883fef50,https://store-images.s-microsoft.com/image/apps.15586.13602041216252108.c194d0c0-589d-4d5f-afcb-74d18ce968b9.a2e9f993-b8aa-44b7-8240-e461dd5f3a64,https://store-images.s-microsoft.com/image/apps.18286.13602041216252108.c194d0c0-589d-4d5f-afcb-74d18ce968b9.e7decd4f-5188-4613-a356-6089cda884bc,https://store-images.s-microsoft.com/image/apps.26527.13602041216252108.c194d0c0-589d-4d5f-afcb-74d18ce968b9.6df702bf-8d22-4f85-af8a-913b7e06ae97,https://store-images.s-microsoft.com/image/apps.49381.13602041216252108.c194d0c0-589d-4d5f-afcb-74d18ce968b9.820eb627-6bcd-42df-a89e-507c76723fb8,https://store-images.s-microsoft.com/image/apps.8426.13602041216252108.c194d0c0-589d-4d5f-afcb-74d18ce968b9.738ab740-b607-48e7-b78c-23eb9849b909,https://store-images.s-microsoft.com/image/apps.23204.13602041216252108.c194d0c0-589d-4d5f-afcb-74d18ce968b9.b18c0b00-6831-4b67-bd1c-3bcffbba410c","액션,어드벤처,기타,플랫포머",xbox
Candivity,http://www.xbox.com/ko-KR/games/store/candivity/9PC93B8QNLFN/0017,2025-6-20,https://store-images.s-microsoft.com/image/apps.14116.14178187869707205.9a55a2da-3271-4e26-8d51-4c66b294c72a.adf91812-934b-4155-9f9d-dbff85f5d200,"You're about to dive into a sugary adventure! Combine sweets, and prepare yourself for a sugar overload!

NEW VERSUS MODE!
Race to merge the biggest candy while using clever tactics to slow down your opponent. Unleash tricky power-ups, and prove who’s the ultimate candy master!

Gather extraordinary powers that can save you from any sticky situation. Mix them up, and you might create something even more powerful!

Journey through worlds full of surprises. Each has its own set of challenges. Can you master them all and merge the largest sweet?

Features:
- Online leaderboards to show off your skills!
- Co-op mode for testing your teamwork!
- Versus mode to sabotage your friends!
- 2 maps with crazy mechanics!
- Awesome, game-changing power-ups!
- Fully customizable name and character
- An adorably sweet aesthetic

Sweeten your day with a new high score!",Candivity,Bolt Goblin,"https://store-images.s-microsoft.com/image/apps.14116.14178187869707205.9a55a2da-3271-4e26-8d51-4c66b294c72a.adf91812-934b-4155-9f9d-dbff85f5d200,https://store-images.s-microsoft.com/image/apps.62782.14178187869707205.9a55a2da-3271-4e26-8d51-4c66b294c72a.0ce9c6d1-3f41-4c35-8438-ebd67672bd28,https://store-images.s-microsoft.com/image/apps.63317.14178187869707205.9a55a2da-3271-4e26-8d51-4c66b294c72a.bbbeca5b-8b37-4f2f-a50d-52be1c94e5bf,https://store-images.s-microsoft.com/image/apps.24184.14178187869707205.9a55a2da-3271-4e26-8d51-4c66b294c72a.348f8085-6bc1-4ce5-94d5-62dd2042ca97,https://store-images.s-microsoft.com/image/apps.33641.14178187869707205.9a55a2da-3271-4e26-8d51-4c66b294c72a.e7429c29-ced2-4d26-8241-44e043a2a2b5,https://store-images.s-microsoft.com/image/apps.26660.14178187869707205.9a55a2da-3271-4e26-8d51-4c66b294c72a.7c769d7a-9caa-4a88-90a8-a80b0464f863","기타,가족,어린이",xbox
Little Strays,http://www.xbox.com/ko-KR/games/store/little-strays/9PGWWN9Q5GL3/0017,2025-6-20,https://store-images.s-microsoft.com/image/apps.6655.14242861536975368.e34c4ad9-38cb-4620-8bbe-623617a2a7a3.d722d6b5-58f7-41ad-9041-38ec2a199bea,"무너져가는 도시에서 두려움 없는 길고양이가 되어 플레이하세요. 매일이 생존을 위한 싸움입니다.
버려진 창고와 고요한 거리에는 위험과 무력한 새끼 고양이들이 숨어 있습니다.
먹이를 찾아 헤매고, 길잃은 이들을 구하며, 연약한 존재들을 지켜주세요.

모든 골목마다 도전이 도사린 이곳에서, 당신의 본능과 감각이 가장 강력한 무기입니다.
도시의 속삭임에 귀 기울이고, 당신의 발을 믿고, 두려움에 떨고 있는 이들을 안전하게 이끌어주세요.

분할 화면 모드에서는 친구와 대결해 누가 더 많은 생명을 구할 수 있는지 겨룰 수 있습니다.
도시 전체가 '야옹'하며 칭송할 영웅이 되세요.",Little Strays,COMMANDO PANDA,"https://store-images.s-microsoft.com/image/apps.6655.14242861536975368.e34c4ad9-38cb-4620-8bbe-623617a2a7a3.d722d6b5-58f7-41ad-9041-38ec2a199bea,https://store-images.s-microsoft.com/image/apps.25819.14242861536975368.e34c4ad9-38cb-4620-8bbe-623617a2a7a3.6860d110-73b2-4073-b38b-216f049a449b,https://store-images.s-microsoft.com/image/apps.11332.14242861536975368.e34c4ad9-38cb-4620-8bbe-623617a2a7a3.55589c2f-2b7a-402f-9cb2-b74fb4b779cb,https://store-images.s-microsoft.com/image/apps.44260.14242861536975368.e34c4ad9-38cb-4620-8bbe-623617a2a7a3.150dcffa-9e03-4026-814f-a823736e5961,https://store-images.s-microsoft.com/image/apps.14443.14242861536975368.e34c4ad9-38cb-4620-8bbe-623617a2a7a3.ac1bd068-765b-4c2d-97f1-fc1637d93831,https://store-images.s-microsoft.com/image/apps.22256.14242861536975368.e34c4ad9-38cb-4620-8bbe-623617a2a7a3.e1b7c2ed-68d8-443a-8e1e-2a30f8da25e0,https://store-images.s-microsoft.com/image/apps.58785.14242861536975368.e34c4ad9-38cb-4620-8bbe-623617a2a7a3.ccaf2b84-0055-43b5-9c8c-e8d55d9499ed","가족,어린이,시뮬레이션,액션,어드벤처",xbox
Bag Hero,http://www.xbox.com/ko-KR/games/store/bag-hero/9P4QL7PSSSW6/0017,2025-6-20,https://store-images.s-microsoft.com/image/apps.40706.14584191401431831.179d375c-1f2e-42c9-81a9-aad6d1095a7e.1f1b4104-5358-4fb8-b0fe-a0e6005ae53c,"미친 무기로 몬스터 무리를 쓸어버려라! 화려한 탄막 속에서 펼쳐지는 대혼돈 액션! 정신없지만 캐주얼하고 진짜 재밌어!
한 판에 20~30분! 언제든지 가볍게 플레이하며 스트레스를 날리고, 시간도 보내보세요.
 10가지 개성 넘치는 직업과 7종의 무기를 자유롭게 조합해 나만의 전투 스타일을 만들어보세요. 숨겨진 직업과 비밀 특성도 준비되어 있어요!
 모든 스타일에는 완성도 높은 빌드 경로가 있으며, 각 빌드마다 다양한 분기와 선택지가 존재합니다.
 각 스테이지는 난이도를 자유롭게 조절할 수 있어, 항상 딱 맞는 도전이 가능합니다!",Bag Hero,Happy Player,"https://store-images.s-microsoft.com/image/apps.40706.14584191401431831.179d375c-1f2e-42c9-81a9-aad6d1095a7e.1f1b4104-5358-4fb8-b0fe-a0e6005ae53c,https://store-images.s-microsoft.com/image/apps.28602.14584191401431831.179d375c-1f2e-42c9-81a9-aad6d1095a7e.47c9c367-2522-4dc5-8dac-a8dc40d5022d,https://store-images.s-microsoft.com/image/apps.57034.14584191401431831.179d375c-1f2e-42c9-81a9-aad6d1095a7e.0d184d24-dba5-4975-bb38-246dbc1c4ed5,https://store-images.s-microsoft.com/image/apps.63460.14584191401431831.179d375c-1f2e-42c9-81a9-aad6d1095a7e.5eed660c-1303-4a91-b2c0-5bac39c73dfe,https://store-images.s-microsoft.com/image/apps.30290.14584191401431831.179d375c-1f2e-42c9-81a9-aad6d1095a7e.4e70808c-9841-48e3-b79d-e2dd5bdcf684,https://store-images.s-microsoft.com/image/apps.9480.14584191401431831.179d375c-1f2e-42c9-81a9-aad6d1095a7e.594dda16-e125-429c-932b-45ff09b47df1,https://store-images.s-microsoft.com/image/apps.17210.14584191401431831.179d375c-1f2e-42c9-81a9-aad6d1095a7e.ea1248ab-a4b9-456e-9941-590519feb822,https://store-images.s-microsoft.com/image/apps.23768.14584191401431831.179d375c-1f2e-42c9-81a9-aad6d1095a7e.2c261d51-82b6-4d76-bb6c-6de20f363901,https://store-images.s-microsoft.com/image/apps.8169.14584191401431831.179d375c-1f2e-42c9-81a9-aad6d1095a7e.9e0706fa-55ce-4678-b2f1-570169f3eed7","액션,어드벤처,롤플레잉,슈팅,전략",xbox
Rusty Rangers,http://www.xbox.com/ko-KR/games/store/rusty-rangers/9NF3KCW8JHDK/0017,2025-6-20,https://store-images.s-microsoft.com/image/apps.61061.13606939203199346.de0f3251-b5b3-49fb-a530-55bdc9277003.444b7654-5b52-476b-913e-cf2b3a5f6176,"No one remembers what the world looked like before, except for a team of brave rangers. Now chaos and unpredictability reign everywhere - harmless creatures in the past bring destruction, and the world around is constantly changing, over and over again nullifying the familiar environment around.",Rusty Rangers,Fantastica!,"https://store-images.s-microsoft.com/image/apps.61061.13606939203199346.de0f3251-b5b3-49fb-a530-55bdc9277003.444b7654-5b52-476b-913e-cf2b3a5f6176,https://store-images.s-microsoft.com/image/apps.19698.13606939203199346.de0f3251-b5b3-49fb-a530-55bdc9277003.5b8ae71a-a16f-41d9-823e-03593199411f,https://store-images.s-microsoft.com/image/apps.13594.13606939203199346.de0f3251-b5b3-49fb-a530-55bdc9277003.56a29f05-5dae-4b0f-ae10-5f1f4d819cd0,https://store-images.s-microsoft.com/image/apps.52318.13606939203199346.de0f3251-b5b3-49fb-a530-55bdc9277003.be879e65-0d91-4475-a314-a9e091035106,https://store-images.s-microsoft.com/image/apps.33650.13606939203199346.de0f3251-b5b3-49fb-a530-55bdc9277003.78fe2660-fcef-49ed-967e-d49448085eeb,https://store-images.s-microsoft.com/image/apps.27212.13606939203199346.de0f3251-b5b3-49fb-a530-55bdc9277003.ec072b73-2837-4438-9a8e-ff4beac4edcc,https://store-images.s-microsoft.com/image/apps.20424.13606939203199346.de0f3251-b5b3-49fb-a530-55bdc9277003.2b504329-c724-42bf-af95-1eedb40a4c99,https://store-images.s-microsoft.com/image/apps.19584.13606939203199346.de0f3251-b5b3-49fb-a530-55bdc9277003.9e7acc58-aa95-454b-9272-b11da9485144","플랫포머,액션,어드벤처,기타,클래식",xbox
Rogue Loops,http://www.xbox.com/ko-KR/games/store/rogue-loops/9NS3HHL2829P/0017,2025-6-20,https://store-images.s-microsoft.com/image/apps.43149.14375388073336940.57825971-3c12-4a70-a8e4-9a388b4ce724.deddea50-7e17-4ec2-b57b-a7b4d2b8003c,"선택한 강화마다 저주를 선택해야 하며, 루프는 점점 강해진다. 성공은 전략적 선택에 달려 있으며, 힘을 키우면서 루프의 도전 과제를 관리하고 궁극적인 승리를 향해 나아가야 한다!
각 루프의 출구를 지키는 강력한 보스를 처치하여 새로운 길을 열고 자유에 한 걸음 더 가까이 다가가라. 승리할 때마다 무한한 사이클에서 벗어날 가능성이 높아진다!
실패한 탈출 시도는 당신을 더욱 강하게 만들고, 귀중한 교훈을 제공한다. 도전을 받아들이고 실수를 통해 배우며 다시 도전하라. 이번에는 더 나은 전략과 새로운 결단력으로 장애물을 극복하라!
다양한 스킬과 유물을 조합하여 강력한 시너지를 만들어 루프에서 탈출하라!",Rogue Loops,Fubu Games,"https://store-images.s-microsoft.com/image/apps.43149.14375388073336940.57825971-3c12-4a70-a8e4-9a388b4ce724.deddea50-7e17-4ec2-b57b-a7b4d2b8003c,https://store-images.s-microsoft.com/image/apps.63934.14375388073336940.57825971-3c12-4a70-a8e4-9a388b4ce724.adf9d8b8-e119-4dd2-ad56-87ddd286a128,https://store-images.s-microsoft.com/image/apps.38809.14375388073336940.57825971-3c12-4a70-a8e4-9a388b4ce724.7629dcf0-e434-4587-8b22-e9f62afea068,https://store-images.s-microsoft.com/image/apps.45524.14375388073336940.57825971-3c12-4a70-a8e4-9a388b4ce724.9087afdc-3719-40d8-9647-df698b7070d2,https://store-images.s-microsoft.com/image/apps.41315.14375388073336940.57825971-3c12-4a70-a8e4-9a388b4ce724.15445385-c008-44b6-87d9-7edad47493f7,https://store-images.s-microsoft.com/image/apps.61154.14375388073336940.57825971-3c12-4a70-a8e4-9a388b4ce724.d2555648-ffe4-42cf-a947-2397d3218954,https://store-images.s-microsoft.com/image/apps.39713.14375388073336940.57825971-3c12-4a70-a8e4-9a388b4ce724.f86fe029-e20b-4085-9a0c-dbafb9e58438,https://store-images.s-microsoft.com/image/apps.39242.14375388073336940.57825971-3c12-4a70-a8e4-9a388b4ce724.4d651e53-2122-4637-b1bc-363bc85ce395,https://store-images.s-microsoft.com/image/apps.52004.14375388073336940.57825971-3c12-4a70-a8e4-9a388b4ce724.7790d191-96be-4985-90ca-b21646d85538","액션,어드벤처,격투,기타",xbox
How 2 Escape: Lost Submarine,http://www.xbox.com/ko-KR/games/store/how-2-escape-lost-submarine/9NQ49GV97JDM/0017,2025-6-25,https://store-images.s-microsoft.com/image/apps.5835.13776754544915764.abb833f4-7178-4396-8c62-46e654c80395.c228af5d-acf2-4581-8935-0068bfda228b,"How 2 Escape: Lost Submarine - 한국어 번역
독특한 협력 플레이 경험을 제공한 How 2 Escape가 더욱 향상된 게임플레이와 새로운 도전적인 퍼즐로 돌아왔습니다!

최신 시리즈 **""""How 2 Escape: Lost Submarine""""**에서 당신과 파트너는 실종된 잠수함을 찾아 세계 대전을 막아야 합니다.


세계를 구하라
아군 군사 기지가 적군에게 점령되었고, 정부는 이를 되찾기 위해 어뢰를 발사하라는 명령을 내렸습니다. 하지만 이는 수많은 아군 희생을 초래할 수도 있는 위험한 결정이었습니다.

추후 내부 논의와 적군과의 협상 끝에 정부는 공격 취소를 결정했지만, 문제가 발생했습니다.
어뢰를 실은 **잠수함 """"The Triumphant""""**은 통신 범위를 벗어나 있어 취소 명령이 제대로 전달되었는지 확인할 방법이 없습니다.

전쟁을 막기 위해, 정부는 최고의 전문가 두 명, **장교 """"오리""""와 """"르로이""""**에게 """"The Triumphant""""을 찾아내라는 임무를 맡깁니다. 그러나 이들이 마주한 현실은 예상과 달랐습니다. 최근 결정으로 인해 잠수함 내부에서는 도덕적 갈등이 점점 커지고 있었던 것입니다.


협력하여 승리하라!
2명의 플레이어, 2가지 역할!

파트너와 함께 소통하며 퍼즐을 풀고 전쟁을 막아야 합니다!
각 플레이어는 논리력, 협동력, 관찰력, 그리고 무엇보다도 의사소통 능력이 필요합니다.

플레이어 1: 잠수함 내부를 직접 조사하고 환경과 상호작용하며 단서를 찾아야 합니다.
플레이어 2: 스마트폰용 무료 동반 앱을 활용해 추가 정보를 수집하고 퍼즐을 해결하는 데 도움을 줍니다.
📱 무료 """"How 2 Escape: Lost Submarine Companion App""""을 스마트폰에서 다운로드하세요!",How 2 Escape: Lost Submarine,Breakfirst Games,"https://store-images.s-microsoft.com/image/apps.5835.13776754544915764.abb833f4-7178-4396-8c62-46e654c80395.c228af5d-acf2-4581-8935-0068bfda228b,https://store-images.s-microsoft.com/image/apps.40173.13776754544915764.abb833f4-7178-4396-8c62-46e654c80395.c3e4728b-2c67-4d79-97f7-d38a2a702fd0,https://store-images.s-microsoft.com/image/apps.61349.13776754544915764.abb833f4-7178-4396-8c62-46e654c80395.b8fcf4f2-0bfb-4375-a2c5-02b0a4a04576,https://store-images.s-microsoft.com/image/apps.22982.13776754544915764.abb833f4-7178-4396-8c62-46e654c80395.8fd6b25f-299b-442e-81e9-3158542b0545,https://store-images.s-microsoft.com/image/apps.46359.13776754544915764.abb833f4-7178-4396-8c62-46e654c80395.627c4386-47bb-4f70-9d9a-de63eeb95d09,https://store-images.s-microsoft.com/image/apps.42581.13776754544915764.abb833f4-7178-4396-8c62-46e654c80395.968e77e1-d7df-4f14-ad42-ec6854226ed8,https://store-images.s-microsoft.com/image/apps.5773.13776754544915764.abb833f4-7178-4396-8c62-46e654c80395.bcdd1c14-1657-4ba6-94b3-fda253333edd,https://store-images.s-microsoft.com/image/apps.58014.13776754544915764.abb833f4-7178-4396-8c62-46e654c80395.f76bb1e4-b26f-4215-bebe-efd6d9b8d801,https://store-images.s-microsoft.com/image/apps.46672.13776754544915764.abb833f4-7178-4396-8c62-46e654c80395.f2ed0273-b78a-438f-8c96-459b70c4e89a","퍼즐,퀴즈,액션,어드벤처",xbox
Poppy Playtime: Chapter 4,http://www.xbox.com/ko-KR/games/store/poppy-playtime-chapter-4/9N31K5CWW4K8/0017,2025-6-26,https://store-images.s-microsoft.com/image/apps.52359.13945925764937897.7a0fa784-f34f-4ed8-821d-4221f4926405.d1558d17-bfa0-4cbb-a9da-72ae5dcd6f9c,"방대한 Poppy Playtime 이야기 사상 가장 암울한 챕터를 맞이할 준비를 하세요.

당신은 세상에 드러나 있는 플레이타임 사 공장의 아래 심연으로 점점 깊이 떠밀려 들어갑니다. 그곳에서 새롭고 무시무시한 위협을 마주하고, 충격적인 진실을 밝혀내 보세요. 과연 그림자 속에 도사린 초현실적인 새 창조물들을 따돌릴 수 있을까요? 실험 뒤에 감춰진 수수께끼를 밝혀낼 때까지 살아남을 수는 있을까요? 한 걸음 내디딜 때마다 용기가 시험받고, 퍼즐 하나하나가 머릿속을 뒤죽박죽으로 헝클어뜨리며, 모퉁이를 돌 때마다 마지막을 각오해야 할 겁니다. 

주요 콘텐츠:
• 신규 캐릭터(와 친구들): 특별하고 새로운 캐릭터들이 플레이어를 이끌어 주고, 악몽 속에 출현하기도 합니다. 
• 확장된 세계관: 플레이타임 사와 그 뒤틀린 과거에 관한 암울한 비밀을 더 자세히 밝혀내세요. 
• 정신을 뒤흔드는 퍼즐: 삶과 죽음을 판가름할지도 모를 복잡한 퍼즐을 풀어 보세요. 
• 심장이 쿵쿵거리는 분위기: 스산한 시각 효과와 몰입도 높은 음향 디자인으로, 공포스러운 분위기가 숨 막히게 이어집니다. 

플레이타임 사 내부에 도사린 공포로부터 탈출할 수 있을까요? 아니면 그냥 굴복해야 할까요?",Poppy Playtime: Chapter 4,Mob Entertainment,"https://store-images.s-microsoft.com/image/apps.52359.13945925764937897.7a0fa784-f34f-4ed8-821d-4221f4926405.d1558d17-bfa0-4cbb-a9da-72ae5dcd6f9c,https://store-images.s-microsoft.com/image/apps.37835.13945925764937897.7a0fa784-f34f-4ed8-821d-4221f4926405.c510c588-6ccd-46b3-8c77-65db2a048ef3,https://store-images.s-microsoft.com/image/apps.52076.13945925764937897.7a0fa784-f34f-4ed8-821d-4221f4926405.e952dbfe-a55a-4363-b8fd-7b89535f05f9,https://store-images.s-microsoft.com/image/apps.49788.13945925764937897.7a0fa784-f34f-4ed8-821d-4221f4926405.f2a34f95-4563-4b28-b969-3dd4d14e9e7e,https://store-images.s-microsoft.com/image/apps.16113.13945925764937897.7a0fa784-f34f-4ed8-821d-4221f4926405.38c5eecd-aa78-48ed-a12b-21413d83ad63,https://store-images.s-microsoft.com/image/apps.55674.13945925764937897.7a0fa784-f34f-4ed8-821d-4221f4926405.eb6e4339-2a3c-43d9-84d2-833de2d8353a,https://store-images.s-microsoft.com/image/apps.50611.13945925764937897.7a0fa784-f34f-4ed8-821d-4221f4926405.169b7bd2-4300-412f-ae91-7025fda69670,https://store-images.s-microsoft.com/image/apps.5538.13945925764937897.7a0fa784-f34f-4ed8-821d-4221f4926405.8305250a-4cba-408c-8cf8-18d6e86539a0","액션,어드벤처,기타,퍼즐,퀴즈",xbox
Rust Console Edition S|X,http://www.xbox.com/ko-KR/games/store/rust-console-edition-sx/9NWZ59PP6HP0/0017,2025-6-26,https://store-images.s-microsoft.com/image/apps.55014.14279102623462478.a11e0508-0ac6-4708-8ea4-eff92c487e26.9c6a331e-e2cc-41cf-91ec-73d5fd0c7ca2,"The only aim in Rust is to survive - Overcome struggles such as hunger, thirst and cold. Build a fire. Build a shelter. Kill animals. Protect yourself from other players.",Rust Console Edition S|X,Double Eleven Ltd. / Facepunch Studios Limited.,https://store-images.s-microsoft.com/image/apps.55014.14279102623462478.a11e0508-0ac6-4708-8ea4-eff92c487e26.9c6a331e-e2cc-41cf-91ec-73d5fd0c7ca2,"액션,어드벤처,슈팅",xbox
RUFFY AND THE RIVERSIDE,http://www.xbox.com/ko-KR/games/store/ruffy-and-the-riverside/9NS1BC5D2FKJ/0017,2025-6-27,https://store-images.s-microsoft.com/image/apps.35413.14377122180863733.4588db09-bc49-4faa-b37f-b81a0889f6b8.6f01959c-7d6b-4589-a713-cbf240afb152,"스토리

러피와 함께 리버사이드의 혼돈을 막고 사악한 그롤에 맞서 세계핵을 지키는 여정을 떠나세요. 모험을 즐기다 보면 시니컬한 꿀벌 핍, 모험가 두더지 에들러 경, 현명한 거북이 실리야와 함께 환상적인 세상을 발견하게 됩니다. 고유한 이야기와 대사를 지닌 개성 넘치는 캐릭터들, 매 순간 예측할 수 없는 전개가 러피를 기다리고 있습니다.

독특한 게임플레이

선택받은 자 러피는 스왑 능력으로 게임 세상을 바꿀 수 있습니다. 햇빛을 달빛으로, 얼음을 용암으로 바꾸며 무수한 퍼즐을 풀고 물건을 자유롭게 조작하세요. 돌을 나무로 바꿔 배를 만들거나 벽을 잔해로 바꿔 새로운 길을 여는 등, 모험에 굉장한 재미가 더해집니다. 스왑의 무한한 가능성이 싸우고 점프하고 건초 뭉치를 타고 달리는 매 순간 마법과 놀라움을 선사합니다.


2D 레벨과 퍼즐

러피의 모험은 멈추지 않습니다! 3D 세계가 무너질 때, 러피는 새로운 보물을 찾기 위해 2D 레벨로 뛰어듭니다. 그러나 조심하세요. 스왑을 적극적으로 활용해야만 수많은 장애물을 극복할 수 있습니다. 창의력을 발휘해 마법 같은 스왑 메커니즘으로 물건을 변형하고 새로운 길을 열며 아름다운 모험을 완성하세요!


마법 같은 오픈 월드 탐험

리버사이드의 멋진 오픈 월드가 러피의 앞에 놓여 있습니다. 세상을 탐험하며 재미있는 사이드 퀘스트와 시련을 극복하고, 7개의 지역에서 마법의 보물을 수집하세요. 건초 뭉치를 타고 달리고 숨겨진 레일을 통해 모험하며, 신비로운 에토이를 발견하고 물고기 갱과 손을 잡아 괴물 상어들을 물리치세요. 심지어 픽스를 통해 텍스처를 직접 만들면 게임 세상이 당신의 놀이터가 될 것입니다. 놀라움 가득한 특별한 모험이 마법처럼 당신에게 찾아옵니다.",RUFFY AND THE RIVERSIDE,Zockrates Laboratories UG,"https://store-images.s-microsoft.com/image/apps.35413.14377122180863733.4588db09-bc49-4faa-b37f-b81a0889f6b8.6f01959c-7d6b-4589-a713-cbf240afb152,https://store-images.s-microsoft.com/image/apps.45150.14377122180863733.4588db09-bc49-4faa-b37f-b81a0889f6b8.b5d897b2-b056-418e-b6f5-238f622368a2,https://store-images.s-microsoft.com/image/apps.10190.14377122180863733.4588db09-bc49-4faa-b37f-b81a0889f6b8.ec2f5fc3-4717-4583-b045-4ab91241e66f,https://store-images.s-microsoft.com/image/apps.35521.14377122180863733.4588db09-bc49-4faa-b37f-b81a0889f6b8.7f5a0352-6e64-48a0-af56-e857b50ec745,https://store-images.s-microsoft.com/image/apps.31711.14377122180863733.4588db09-bc49-4faa-b37f-b81a0889f6b8.0341fd9e-9696-49da-bf13-2d739054fd49,https://store-images.s-microsoft.com/image/apps.26736.14377122180863733.4588db09-bc49-4faa-b37f-b81a0889f6b8.7e5980db-6c06-4263-ae56-ad6e7cf11c1c,https://store-images.s-microsoft.com/image/apps.217.14377122180863733.4588db09-bc49-4faa-b37f-b81a0889f6b8.bdda6e56-f344-455f-a579-1e58ca1e9c7c,https://store-images.s-microsoft.com/image/apps.10108.14377122180863733.4588db09-bc49-4faa-b37f-b81a0889f6b8.6921e133-204a-4901-9da6-2953fcf92ae4,https://store-images.s-microsoft.com/image/apps.65072.14377122180863733.4588db09-bc49-4faa-b37f-b81a0889f6b8.46254f73-74a2-4052-b43a-b7f881899571,https://store-images.s-microsoft.com/image/apps.9223.14377122180863733.4588db09-bc49-4faa-b37f-b81a0889f6b8.aab132a3-405c-47b6-b998-40d6e5df105e","플랫포머,액션,어드벤처,가족,어린이",xbox
Zombies Overloaded,http://www.xbox.com/ko-KR/games/store/zombies-overloaded/9P04PD24Q0HR/0017,2025-6-27,https://store-images.s-microsoft.com/image/apps.47935.14467886566998990.4b82f26f-8d53-4009-bcc6-f9558972bef2.7eabeb6b-8fd6-48de-8688-036e4877fd4d,"Zombies are everywhere! Arcade-inspired shooter, where relentless waves of undead creeps shamble, sprint, and swarm at you in a cramped room! Your only chance? A wild arsenal of weapons and just enough skill (and blind LUCK!) to keep the hordes at bay. 

Strap in and embrace the chaos! Trapped in an inescapable room, you’ll take on endless waves of zombies, mowing them down by the hundreds with randomly spawning weapons. Every five waves, a boss shows up to ruin your day. Survival demands quick reflexes, clever strategy, and just a pinch of madness!

Brace yourself for the a unique boss battle in every """"Overloaded"""" stage! Each boss battle brings a unique challenge—from hammer-swinging behemoths to undead S.W.A.T. team nightmares. The odds? Totally stacked against you. And just when you think you've got the upper hand, these bosses get tougher, meaner, and deadlier every time they come back!

Compete with the world and prove you’re the ultimate zombie slayer!",Zombies Overloaded,Vinterm Games,"https://store-images.s-microsoft.com/image/apps.47935.14467886566998990.4b82f26f-8d53-4009-bcc6-f9558972bef2.7eabeb6b-8fd6-48de-8688-036e4877fd4d,https://store-images.s-microsoft.com/image/apps.20174.14467886566998990.4b82f26f-8d53-4009-bcc6-f9558972bef2.1a518452-3e31-4e61-9838-68604156264a,https://store-images.s-microsoft.com/image/apps.49865.14467886566998990.4b82f26f-8d53-4009-bcc6-f9558972bef2.4f9122b5-74f3-477f-badd-58eb65fb3676,https://store-images.s-microsoft.com/image/apps.832.14467886566998990.4b82f26f-8d53-4009-bcc6-f9558972bef2.0addc413-5418-4ecb-968b-7ecc8f07b8f2,https://store-images.s-microsoft.com/image/apps.18979.14467886566998990.4b82f26f-8d53-4009-bcc6-f9558972bef2.6356174c-6397-45b8-b9f9-38959437dc2f,https://store-images.s-microsoft.com/image/apps.61821.14467886566998990.4b82f26f-8d53-4009-bcc6-f9558972bef2.684310f1-a2e7-494f-a33a-8c4213ff8a5a,https://store-images.s-microsoft.com/image/apps.6494.14467886566998990.4b82f26f-8d53-4009-bcc6-f9558972bef2.580f42bd-f74a-458b-a245-492913f84732,https://store-images.s-microsoft.com/image/apps.44375.14467886566998990.4b82f26f-8d53-4009-bcc6-f9558972bef2.466ebcea-5098-431f-a942-c75dd4d1971e,https://store-images.s-microsoft.com/image/apps.29236.14467886566998990.4b82f26f-8d53-4009-bcc6-f9558972bef2.91974f0b-55f1-43ca-be01-0dcab3150723,https://store-images.s-microsoft.com/image/apps.45667.14467886566998990.4b82f26f-8d53-4009-bcc6-f9558972bef2.bbb6d8aa-de3b-4357-aff9-4c488d3e5688","슈팅,액션,어드벤처",xbox
No Heroes Here 2,http://www.xbox.com/ko-KR/games/store/no-heroes-here-2/9P2BWBF8SKT4/0017,2025-7-2,https://store-images.s-microsoft.com/image/apps.62121.14565191242978481.a6687c38-5015-45a7-88d0-4d60d5cc51f1.4f93d801-e1a6-4629-8cc9-9d3cf88fb630,"친구들을 모아 방어선을 사수하라!!!

이 혼란스러운 협동 타워 디펜스 게임에서 모험가가 아닌 평범한 이들로 이루어진 그룹이 성을 지키는 마지막 희망입니다. 최대 4명의 플레이어와 함께 파티를 구성하여 성을 정비하고, 팀워크로 탄약을 제작하며, 적들을 공격해 왕국을 수호하세요!

계획하고, 제작하고, 성을 방어하라!

팀워크의 힘으로 15라운드 동안 몰려오는 적의 무리를 막아내세요. 매일 성의 작업대를 준비하고, 방어 시설을 강화하며, 각 상황에 맞는 최고의 변수를 선택해 승리를 쟁취하세요.

영웅이 없어도 괜찮아! 우리가 구한다!

이 중세 세계를 모험하며 어릿광대, 공주 같은 익숙한 얼굴은 물론 연금술사, 의사처럼 비영웅적인 신규 인물들을 동료로 영입하세요. 영웅이 아니더라도 하루쯤은 세상을 구할 수 있는 법입니다!

왕국의 운명은 당신의 손에!

각기 다른 메커니즘과 적, 개성을 지닌 세 개의 왕국을 방어하세요. 전형적인 중세 왕국 ‘누블랜드’, 얼어붙은 땅 ‘트롤메리아’, 그리고 버섯이 가득 퍼진 ‘퐁가리아’의 성들을 지켜내야 합니다.

중세 무기고를 마음껏 활용하라!

쉬움, 보통, 어려움의 난이도로 나뉜 30개의 성에서 플레이하세요. 왕국을 선택하고, 대포, 새총, 심지어 적 무리를 불태울 아기 용까지 다양한 무기 중 하나를 골라 전투에 나서세요!",No Heroes Here 2,Mad Mimic,"https://store-images.s-microsoft.com/image/apps.62121.14565191242978481.a6687c38-5015-45a7-88d0-4d60d5cc51f1.4f93d801-e1a6-4629-8cc9-9d3cf88fb630,https://store-images.s-microsoft.com/image/apps.12374.14565191242978481.a6687c38-5015-45a7-88d0-4d60d5cc51f1.531bec13-864e-4e5d-b64b-e27e3e6fc155,https://store-images.s-microsoft.com/image/apps.10497.14565191242978481.a6687c38-5015-45a7-88d0-4d60d5cc51f1.fd1fece5-2596-4a42-a8c5-bc2d35467429,https://store-images.s-microsoft.com/image/apps.44880.14565191242978481.a6687c38-5015-45a7-88d0-4d60d5cc51f1.861996e0-bd5c-4a8a-ab56-00ab4476b115,https://store-images.s-microsoft.com/image/apps.29159.14565191242978481.a6687c38-5015-45a7-88d0-4d60d5cc51f1.dfaecd26-a0cb-4d7c-b888-c01931fc3c22,https://store-images.s-microsoft.com/image/apps.61102.14565191242978481.a6687c38-5015-45a7-88d0-4d60d5cc51f1.5fadbb97-9673-4f55-9e18-8e25b1fce1f1","가족,어린이,기타",xbox
Missile Command Delta,http://www.xbox.com/ko-KR/games/store/missile-command-delta/9N61ZCWQH7J7/0017,2025-7-8,https://store-images.s-microsoft.com/image/apps.26897.14022675170601132.38f35939-8791-4f7c-a70d-23829dc68121.4b8c4e58-d14b-45fd-8001-15ddc71b8ce8,"미사일이 날아옵니다. 중대한 순간입니다. 오직 당신만이 이 파멸을 막을 수 있습니다. Mighty Yell과 13AM Games의 팀이 Atari의 대표작을 새롭게 해석해 제한된 방어 수단을 치밀하게 관리하여 라운드마다 날아오는 미사일을 막아내는 박진감 넘치는 턴제 택티컬 게임으로 재탄생시켰습니다.

Missile Command Delta는 아케이드 원작의 긴장감과 스릴을 유지하는 한편, 완전히 새로운 접근 방식의 게임플레이를 선사합니다. 단 한 번의 실수도 엄청난 결과로 이어질 수 있기에, 매 수를 전략적으로 선택해야 합니다. 이 턴제 전략 게임은 반전 가득한 서사형 스릴러로 구성되어 있어 미스터리를 즐기는 플레이어, 한번 시작한 것은 끝을 봐야 하는 플레이어, 탐험과 퍼즐 풀기를 즐기는 플레이어에게 안성맞춤입니다.

다음 미사일 경보가 울리기 전에 지하 벙커를 탐사하여 잠긴 방을 열고, 비밀을 파헤치며, 전력을 강화하세요. 너무 늦기 전에 미스터리를 밝혀낼 자신이 있나요?

특징

- 턴제 전략 게임: 독특한 전략 플레이를 선사합니다. 벙커를 더 깊숙이 탐험하면서 새로운 미사일과 적 유형을 발견하게 됩니다.

- 방어 전략 구상: 단 한 번의 실수도 파멸로 이어질 수 있기에 매 턴 신중한 판단이 필요합니다. 최대한 자원을 아끼기 위해 다음 수를 계획하고, 다수의 적 미사일을 막아내는 연쇄 폭발을 구상해야 합니다.

- 중대한 미스터리: 의미심장한 서사형 퍼즐로 구성된 턴제 공략 게임입니다. 모든 문서를 읽고, 매사에 조심하고, 모든 퍼즐을 풀어야만 [검열삭제]할 수 있습니다.

- 냉전 체험: 먼지 쌓인 지휘 콘솔과 슈퍼컴퓨터로 연출된 폐쇄적인 레트로 미래 감성이 냉전 시대의 망상과 불안을 느낄 수 있게 해줍니다.",Missile Command Delta,"Mighty Yell, 13AM Games","https://store-images.s-microsoft.com/image/apps.26897.14022675170601132.38f35939-8791-4f7c-a70d-23829dc68121.4b8c4e58-d14b-45fd-8001-15ddc71b8ce8,https://store-images.s-microsoft.com/image/apps.61323.14022675170601132.38f35939-8791-4f7c-a70d-23829dc68121.fb94fa6f-dfd7-45c5-b132-056073a5ba7f,https://store-images.s-microsoft.com/image/apps.5103.14022675170601132.38f35939-8791-4f7c-a70d-23829dc68121.7bba0655-f6d7-49b9-8f26-2f880aa1659b,https://store-images.s-microsoft.com/image/apps.26062.14022675170601132.38f35939-8791-4f7c-a70d-23829dc68121.bd17cce6-5e9f-488e-8d2c-6419c65b1f89,https://store-images.s-microsoft.com/image/apps.5254.14022675170601132.38f35939-8791-4f7c-a70d-23829dc68121.96ce622f-0ede-4e9f-bb3e-51b61efe15f6,https://store-images.s-microsoft.com/image/apps.13892.14022675170601132.38f35939-8791-4f7c-a70d-23829dc68121.9188d2b0-3168-461b-ab88-61050207e0a1,https://store-images.s-microsoft.com/image/apps.15706.14022675170601132.38f35939-8791-4f7c-a70d-23829dc68121.8deb6786-2354-49ab-9fee-5c86724d4f49,https://store-images.s-microsoft.com/image/apps.16735.14022675170601132.38f35939-8791-4f7c-a70d-23829dc68121.19277d22-4a38-4a69-aaa8-0b55f7eb6b14","전략,액션,어드벤처,카드,보드,퍼즐,퀴즈",xbox
EA SPORTS College Football 26,http://www.xbox.com/ko-KR/games/store/ea-sports-college-football-26-standard-edition/9N0XZWHT8TT7/0017,2025-7-11,https://store-images.s-microsoft.com/image/apps.47963.13705897253211932.93383d53-2309-4b52-b91f-d478f6ca54fa.d8d6c71f-ce4e-429b-9494-6c813f689d6d,"EA SPORTS™ College Football 26에서 플레이북은 여러분의 것입니다. 고등학교의 유망주에서 Heisman 트로피를 들어올리는 전설급 선수가 되거나, 코치로서 팀을 영광으로 이끌며 단단한 레거시를 만드세요.

게임플레이 특징

진정한 대학 미식 축구 게임플레이
300명 이상의 실제 코치, 2,700개의 새로운 플레이, 향상된 능력을 갖춘 10,000명의 대학 선수가 포함된 136개 FBS 학교에서 자신만의 개성을 표현하세요.

날마다 토요일
Happy Valley의 강렬한 화이트 아웃 경기부터 Tuscaloosa의 새로운 크림슨 라이트 쇼까지, 새로운 상황, 경기장 특유의 음악, 응원가, 해설로 게임 데이의 짜릿함이 그 어느 때보다 생생하게 살아납니다.

300명 이상의 실제 코치
독특한 플레이 스타일을 가진 현직 코치들과 경기장에서 정면 승부를 펼치세요. 코치들처럼 자신만의 독창적인 플레이북으로 전략을 세워 더욱 사실적인 코칭 경험을 즐기세요.

전략적인 피로도 관리
언제든지 선수를 교체할 수 있는 다이내믹 교체 기능을 통해 전략적으로 피로도를 관리하고 중요한 순간을 위해 좋아하는 플레이메이커를 아껴 두세요.

홈 필드 어드밴티지
이제 라이벌전, 대학 미식 축구 플레이오프, 기타 중요한 경기에서 경기장의 분위기와 선수들의 자신감, 침착함이 더 큰 영향을 미칩니다.

게임 모드

Dynasty
선수 영입과 코칭 강화를 통해 강팀을 만들고 Dynasty에서 대학 미식 축구 역사에 팀의 이름을 새기세요.

Road to Glory
Road to Glory에서 고등학교의 유망주에서 Heisman 트로피를 들어올리는 전설급 선수로 성장하여 트로피룸을 가득 채우세요.

Road to the CFP
Road to the College Football Playoffs에서 경쟁 플레이를 즐기며 좋아하는 팀을 응원하는 새로운 방법을 발견하세요.

이 게임은 게임 내에서 사용되는 가상 화폐를 게임 내 구매 및 이용할 수 있으며, 이를 통해 확률형 아이템을 포함한 게임 내 가상 아이템을 구매할 수 있습니다.

*조건 및 제한사항이 적용됩니다. 상세 사항은 https://www.ea.com/games/ea-sports-college-football/college-football-26/legal-dislaimers 를 참조하십시오.
허가되지 않은 한, 모든 이름과 식별 특성은 허구입니다. 가상 인물의 경우 생존해 있거나 사망한 실제 인물과의 유사점은 우연일 뿐이며 의도한 것이 아닙니다.",EA SPORTS College Football 26,Tiburon,"https://store-images.s-microsoft.com/image/apps.47963.13705897253211932.93383d53-2309-4b52-b91f-d478f6ca54fa.d8d6c71f-ce4e-429b-9494-6c813f689d6d,https://store-images.s-microsoft.com/image/apps.20332.13705897253211932.93383d53-2309-4b52-b91f-d478f6ca54fa.d8188966-c149-48bf-8b2b-b79716c36909,https://store-images.s-microsoft.com/image/apps.30828.13705897253211932.93383d53-2309-4b52-b91f-d478f6ca54fa.708123c5-d1af-4ee3-876e-bb426468448d,https://store-images.s-microsoft.com/image/apps.6142.13705897253211932.93383d53-2309-4b52-b91f-d478f6ca54fa.7b92cb88-444f-41e8-93c7-1d228bc90769,https://store-images.s-microsoft.com/image/apps.57121.13705897253211932.93383d53-2309-4b52-b91f-d478f6ca54fa.0a7d96e0-5f31-4a44-95f9-fc04af7c1404,https://store-images.s-microsoft.com/image/apps.40345.13705897253211932.93383d53-2309-4b52-b91f-d478f6ca54fa.84a39d06-deec-4aa3-a054-5f4a3aa6cc8c",스포츠,xbox
ISLANDERS: New Shores,http://www.xbox.com/ko-KR/games/store/islanders-new-shores-the-scenic-builders-pack/9PNF79BZK7XV/0017,2025-7-11,https://store-images.s-microsoft.com/image/apps.45820.14250908863278837.ee56174d-9771-44b0-a346-2ce77767d805.620e0ebb-f063-4579-b8bb-c6bb64c4c7ec,"사랑받는 미니멀리스트 도시 건설 프랜차이즈의 다음 장이 도착했습니다. 아일랜더스: 새로운 해안이 확장된 게임플레이, 아름다운 비주얼, 원작의 매력을 기반으로 한 다양한 새 기능으로 재해석된 평화로운 창의성의 세계로 여러분을 초대합니다. 

오랜 팬은 물론 새로운 팬 여러분 모두 전에 없던 새로운 방식으로 탐험하고 건설하고 전략을 세울 준비를 해주세요.

50개의 독특한 레벨에서 꿈에 그리던 도시를 건설하세요
6가지의 다양한 생물 군계에서 44개 이상의 건물 유형을 만나보세요. 각 건물 유형에는 4가지의 화사한 색상을 적용할 수 있어 원하는 대로 전략을 세우고 진정으로 유일무이한 도시를 만들어 낼 수 있습니다.

플레이 모드를 선택하세요. 고득점 모드를 선택하여 경쟁적인 반전을 이끌어 내거나, 샌드박스 모드를 선택하여 창의성의 날개를 펼쳐보세요.

새로운 기능을 갖춘 세계를 경험하세요

사진 모드 - 마음대로 적용할 수 있는 필터와 턴테이블 카메라를 사용하여 직접 건설한 아름다운 섬의 사진을 찍고 공유하세요.

확장된 사운드트랙 - 건설 모험에 완벽한 분위기를 더하는 75분 분량의 오리지널 음악을 감상하세요.

동적 득점 시스템 - 시야, 거리 보너스, 섬 간 전략과 같은 혁신적인 득점 방식을 마스터하여 게임플레이 경험을 향상시키세요.

부스터 - 게임을 진행하며 독특한 전략적 이점을 제공하는 일회용 파워업을 잠금 해제하세요.

Twitch 통합 - 이제 스트리머 여러분은 게임에 내장된 상호작용형 기능을 통해 시청자와 직접 소통할 수 있습니다.

경험을 향상시키는 시각적 점검
아일랜더스: 새로운 해안은 미니멀리스트의 미학을 완전히 재해석하여 심오하고 전략적인 게임플레이를 보완하는 시각적 향연을 선보입니다. 휴식을 취하든, 건설 실력을 시험하든, 새로운 해안은 모두 창의성을 펼칠 수 있는 새하얀 캔버스가 됩니다.

주요 특징
- 두 가지 모드: 고득점 및 샌드박스(별도 저장)
- 44개의 독특한 건물 유형, 7개의 섬 속성
- 무한한 다양성을 제공하는 50개의 동적 섬 생성기
- 필터 및 턴테이블 카메라를 갖춘 사진 모드
- 75분 분량의 몰입감 넘치는 오리지널 음악
- 부스터: 새로운 일회용 파워업으로 전략적인 게임플레이
- 영리한 전술을 보상하는 고급 득점 시스템
- Twitch 통합으로 상호작용형 스트리밍 경험

아일랜더스: 새로운 해안에서는 모든 섬이 새로운 모험이며, 모든 도전이 특별한 창조물을 만드는 기회가 됩니다.","ISLANDERS: New Shores,Islanders: New Shores",The Station,"https://store-images.s-microsoft.com/image/apps.45820.14250908863278837.ee56174d-9771-44b0-a346-2ce77767d805.620e0ebb-f063-4579-b8bb-c6bb64c4c7ec,https://store-images.s-microsoft.com/image/apps.29735.14250908863278837.ee56174d-9771-44b0-a346-2ce77767d805.a9ecd0a3-eba0-4003-a0a1-4e4b8a7832ff,https://store-images.s-microsoft.com/image/apps.43277.14250908863278837.ee56174d-9771-44b0-a346-2ce77767d805.b36a78d1-a42d-4f50-b77e-5bcf2e002d7f,https://store-images.s-microsoft.com/image/apps.34161.14250908863278837.ee56174d-9771-44b0-a346-2ce77767d805.72b1ce99-d97d-4edb-814a-edcd1ca088b0,https://store-images.s-microsoft.com/image/apps.50598.14250908863278837.ee56174d-9771-44b0-a346-2ce77767d805.d5d69b56-c7e6-4b51-880c-fa2336ea598b","전략,가족,어린이",xbox
Bendy and the Dark Revival,http://www.xbox.com/ko-KR/games/store/bendy-and-the-dark-revival-xbox-series-xs/9NV4X6S4KDKF/0017,2025-7-12,https://store-images.s-microsoft.com/image/apps.34021.14401402472050836.cc0bee27-0cfc-4b26-b9c7-52b72175dab9.4069d5b2-a068-4244-b306-51ebda279c5a,"""Bendy and the Dark Revival®은 1인칭 서바이벌 호러 게임으로 많은 기대를 모았던 Bendy and the Ink Machine®의 속편입니다. 오드리가 되어 완전히 미쳐버린 이상하고 소름 끼치는 애니메이션 스튜디오를 깊숙이 탐험해 보세요. 현실 세계로 돌아가는 길을 찾는 동시에 잉크로 오염된 적과 싸우고 퍼즐을 풀고 주위에 도사리고 있는 잉크 악마를 피하세요. 이 황폐한 그림자와 잉크의 세계에서 누구를 만날지, 다음 장소에서 무슨 일이 일어날지는 결코 알 수 없습니다.

진실을 밝히세요. 스튜디오에서 탈출하세요. 가장 중요한 것은 잉크 악마를 예의주시하고... 살아남는 것입니다.""",Bendy and the Dark Revival,Joey Drew Studios,"https://store-images.s-microsoft.com/image/apps.34021.14401402472050836.cc0bee27-0cfc-4b26-b9c7-52b72175dab9.4069d5b2-a068-4244-b306-51ebda279c5a,https://store-images.s-microsoft.com/image/apps.41320.14401402472050836.cc0bee27-0cfc-4b26-b9c7-52b72175dab9.6d08a9ac-949c-4906-a6a3-5e63327cbdc5,https://store-images.s-microsoft.com/image/apps.61795.14401402472050836.cc0bee27-0cfc-4b26-b9c7-52b72175dab9.87651cd0-2df3-4a48-8dfb-e52909ece9ec,https://store-images.s-microsoft.com/image/apps.4880.14401402472050836.cc0bee27-0cfc-4b26-b9c7-52b72175dab9.acd27958-db84-45ba-a1a4-f5d33a62a5ba,https://store-images.s-microsoft.com/image/apps.39632.14401402472050836.cc0bee27-0cfc-4b26-b9c7-52b72175dab9.efb68be4-de92-4fea-8f10-9fb3d0cefbb8,https://store-images.s-microsoft.com/image/apps.26871.14401402472050836.cc0bee27-0cfc-4b26-b9c7-52b72175dab9.4d6183d6-7c2d-425a-9f9f-bb83f2369c0d,https://store-images.s-microsoft.com/image/apps.58900.14401402472050836.cc0bee27-0cfc-4b26-b9c7-52b72175dab9.8f722dac-fa8e-41b7-9682-20aa69560391,https://store-images.s-microsoft.com/image/apps.1316.14401402472050836.cc0bee27-0cfc-4b26-b9c7-52b72175dab9.83282411-f7ed-432c-9799-d476d2c2e359,https://store-images.s-microsoft.com/image/apps.5646.14401402472050836.cc0bee27-0cfc-4b26-b9c7-52b72175dab9.d144b56e-e39c-42a6-8d46-1665eed30e19,https://store-images.s-microsoft.com/image/apps.63186.14401402472050836.cc0bee27-0cfc-4b26-b9c7-52b72175dab9.2d299c49-4fe2-4903-9d12-d3b87953dd64,https://store-images.s-microsoft.com/image/apps.38893.14401402472050836.cc0bee27-0cfc-4b26-b9c7-52b72175dab9.1dd2437a-205b-4974-9204-9f2607bbea6d,https://store-images.s-microsoft.com/image/apps.17104.14401402472050836.cc0bee27-0cfc-4b26-b9c7-52b72175dab9.09741bb3-fc8c-4b70-ba94-b25d09f4b4eb,https://store-images.s-microsoft.com/image/apps.35078.14401402472050836.cc0bee27-0cfc-4b26-b9c7-52b72175dab9.f54d4602-0d98-47c8-91f1-31cda8caf671,https://store-images.s-microsoft.com/image/apps.50398.14401402472050836.cc0bee27-0cfc-4b26-b9c7-52b72175dab9.aa998781-f6aa-4538-8ffb-8df893cb9b5c","액션,어드벤처,기타",xbox
EDENS ZERO,http://www.xbox.com/ko-KR/games/store/edens-zero/9P2R10RPFR28/0017,2025-7-15,https://store-images.s-microsoft.com/image/apps.18304.14552500496300749.81a8c09a-7723-4bcb-97d7-7edccc74a12f.181273f7-64bf-498b-98af-843313499e3d,"“RAVE”, “FAIRY TAIL”의 원작자 마시마 히로 작가의 주인공 시키와 동료들이 우주를 누비면서 모험을 펼치는 모험을 그린 왕도 스페이스 판타지/만화 애니메이션 “EDENS ZERO”를 원작으로 만들어진 3D 액션 롤플레잉 게임.
마시마 히로 작가 및 코단샤의 게임 감수!

■재현성 높은 애니메이션풍 3D 그래픽으로 원작을 생생하게 체험!
“EDENS ZERO”의 매력적인 캐릭터들과 작품 속 세계를 재현도가 뛰어난 애니메이션풍 3D 그래픽으로 표현했다.
인기 성우들의 목소리가 수록된 풍부한 컷신과 다양한 종류의 여러 행성 필드를 플레이어가 직접 모험할 수 있다.
즐거움과 감동이 넘치는 원작 스토리를 생생하게 체험하자!

■8명의 인기 캐릭터를 내 손으로 조작!
시키, 레베카, 와이즈, 호무라를 비롯해서 에테르 기어로 불리는 특수한 능력을 구사하는 8명의 캐릭터를 조작해 강력한 적 캐릭터들과의 격렬한 싸움에서 승리를 거두자!
플레이어블 캐릭터들은 게임을 진행하면서 점차 동료가 된다.
근접 격투형, 원거리 사격형, 무기 공격형, 마법 공격형 등 액션 특성이 각각 다르니 상황에 맞게 캐릭터를 교체하거나 자신 있는 타입의 캐릭터를 찾아서 게임을 즐기자!

■풍성한 게임 오리지널 콘텐츠로 알차게 즐길 수 있는 게임 플레이 요소들!
원작을 생생하게 체험하는 것만이 아니라, 이 게임에서만 경험할 수 있는 오리지널 스토리와 퀘스트를 다수 수록했다!
시키와 동료들이 소속된 모험자 길드의 본거지인 행성 블루가든을 재현한 드넓은 오픈 필드를 무대로 약 200개 이상의 퀘스트가 존재하며, 원작 팬들은 물론 깊은 게임 플레이 요소를 원하는 게이머들도 대만족할 볼륨으로 구성되어 있다.
심지어 그 인기작과 콜라보까지…!?

■다양한 캐릭터 커스터마이즈 요소!
700개 이상의 장비 아이템으로 능력치뿐만 아니라 외관까지 변화한다. 좋아하는 캐릭터를 나만의 취향대로 커스터마이즈하자!
외관만 변경하는 기능이 있어 마음에 드는 외관을 유지한 채 원하는 성능으로 게임 플레이가 가능하다.
이와 같은 장비 아이템은 게임을 진행하면서 수집할 수 있다.
또한 능력치나 외관뿐만 아니라 각 캐릭터의 에테르 기어 스킬을 해방하여 액션 자체도 더 멋지게 강화할 수 있다!

■그 밖에도 거점인 우주전함 EDENS ZERO의 기능 확장이나 크루 스카우트 등 다양한 즐길 거리가 가득!
게임의 거점인 우주전함 EDENS ZERO에는 아이템을 매매하거나 장비를 강화하고 버프 아이템인 요리를 만드는 등 다양한 기능을 갖춘 시설이 존재한다.
게임 속에서 만나는 적을 포함한 많은 캐릭터들은 조건을 만족하면 크루로 스카우트할 수 있고, 크루가 많아질수록 거점이 갖춘 기능도 점차 다양해진다.
또한 거점에서는 원작 내용에는 없는 캐릭터들 간의 유쾌한 대화도 다양하게 많이 감상할 수 있다!",EDENS ZERO,KONAMI,"https://store-images.s-microsoft.com/image/apps.18304.14552500496300749.81a8c09a-7723-4bcb-97d7-7edccc74a12f.181273f7-64bf-498b-98af-843313499e3d,https://store-images.s-microsoft.com/image/apps.51777.14552500496300749.81a8c09a-7723-4bcb-97d7-7edccc74a12f.f30939aa-4710-4ddb-a7ec-6c4ebc266d6e,https://store-images.s-microsoft.com/image/apps.36212.14552500496300749.81a8c09a-7723-4bcb-97d7-7edccc74a12f.6d44f064-0b86-4f33-bee5-db190dd81d56,https://store-images.s-microsoft.com/image/apps.44145.14552500496300749.81a8c09a-7723-4bcb-97d7-7edccc74a12f.72811415-6c3c-4582-97d2-34ad4b0c6a2f,https://store-images.s-microsoft.com/image/apps.34456.14552500496300749.81a8c09a-7723-4bcb-97d7-7edccc74a12f.e0b9d67b-366b-4eec-b4fd-769f57cbf188,https://store-images.s-microsoft.com/image/apps.57524.14552500496300749.81a8c09a-7723-4bcb-97d7-7edccc74a12f.261a1e9f-e635-424f-b787-b1e496da4f3c,https://store-images.s-microsoft.com/image/apps.2904.14552500496300749.81a8c09a-7723-4bcb-97d7-7edccc74a12f.2fb0cad0-5445-4da7-b1a4-b47e556cbe3d,https://store-images.s-microsoft.com/image/apps.19620.14552500496300749.11701da7-d0bd-4b6b-8b91-b5dda11c1302.4d7b98a4-ebbc-4e7f-8c51-309858db1d6d,https://store-images.s-microsoft.com/image/apps.63136.14552500496300749.81a8c09a-7723-4bcb-97d7-7edccc74a12f.86f048b7-e570-490e-ada0-455914136ebf,https://store-images.s-microsoft.com/image/apps.1508.14552500496300749.81a8c09a-7723-4bcb-97d7-7edccc74a12f.ec409be7-a438-45ee-aba5-f20406e02f68","롤플레잉,액션,어드벤처",xbox
Dungeons & Dragons Neverwinter Nights 2: Enhanced Edition,http://www.xbox.com/ko-KR/games/store/dungeons-dragons-neverwinter-nights-2-enhanced-edition/9NS7KLP387H6/0017,2025-7-16,https://store-images.s-microsoft.com/image/apps.38633.14368560151919059.6f7c04fa-b93f-49fd-bbe6-1ff5d56657c9.f0a2baad-b879-401b-a23a-336dc24055fd,"The Fate of The Forgotten Realms is in Your Hands
Return to the city of Neverwinter in Dungeons & Dragons Neverwinter Nights 2: Enhanced Edition. 

A dark force sweeps over Faerûn, ravaging everything in its path as though searching for something – something that you now find in your possession. As the Shard-Bearer, only you can stop the King of Shadows and his army from desecrating the land you call home. Will you save Faerûn, or fall victim to the temptation of absolute power?

When your actions dictate the fate of the Realms, there are no small choices.

Includes All Expansions:
- Mask of the Betrayer: Cursed with an insatiable hunger only quelled by devouring spirits, the Shard-Bearer must travel to the Shadow Realm to unearth the cause of this dark affliction.

- Storm of Zehir: You and your crew are shipwrecked on the shores of a hostile jungle nation. Fighting your way back to civilization, you uncover a plot threatening to change Faerûn forever.

- Mysteries of Westgate: Beware the city of Westgate, where anything goes and everything has a price. Explore and expose the secrets hidden deep in the city’s underbelly before they consume you.

*Key Features*

Gather Your Party: Assemble a team of your friends across any and all platforms with fully supported crossplay. Together, embark on an epic journey governed by the Dungeons & Dragons 3.5 ruleset.

Become a Legend: Make your mark on the Realms as you play your way through over 100 hours of immersive gameplay and four unique campaigns, each as expansive as the Bag of Holding.

A Relic, Restored: Everything you loved about Neverwinter Nights 2 has been preserved. Enjoy smoother gameplay with refined camera controls, polished mechanics, enhanced textures, and full controller support with a newly designed controller-specific UI.",Dungeons & Dragons Neverwinter Nights 2: Enhanced Edition,Aspyr,"https://store-images.s-microsoft.com/image/apps.38633.14368560151919059.6f7c04fa-b93f-49fd-bbe6-1ff5d56657c9.f0a2baad-b879-401b-a23a-336dc24055fd,https://store-images.s-microsoft.com/image/apps.3172.14368560151919059.6f7c04fa-b93f-49fd-bbe6-1ff5d56657c9.5faa6bd2-797c-4c09-8c2c-4f9103da70be,https://store-images.s-microsoft.com/image/apps.17672.14368560151919059.6f7c04fa-b93f-49fd-bbe6-1ff5d56657c9.c2d7dc3c-9a65-4eae-9aad-8bd49928b425,https://store-images.s-microsoft.com/image/apps.37180.14368560151919059.6f7c04fa-b93f-49fd-bbe6-1ff5d56657c9.c73aec86-1dd0-4fd6-a9f2-bb55e32a1599,https://store-images.s-microsoft.com/image/apps.46688.14368560151919059.6f7c04fa-b93f-49fd-bbe6-1ff5d56657c9.158b8b13-b3ec-4acc-bfe5-5f783f4776f7,https://store-images.s-microsoft.com/image/apps.46974.14368560151919059.6f7c04fa-b93f-49fd-bbe6-1ff5d56657c9.499bee66-9c09-4952-a5ad-0cbd9c630ceb,https://store-images.s-microsoft.com/image/apps.56118.14368560151919059.6f7c04fa-b93f-49fd-bbe6-1ff5d56657c9.afc12806-5d03-42c4-8650-ba9cae065b25,https://store-images.s-microsoft.com/image/apps.31873.14368560151919059.6f7c04fa-b93f-49fd-bbe6-1ff5d56657c9.4415aa56-b305-46ef-b83e-6c758b2965b7","롤플레잉,액션,어드벤처",xbox
Shadow Labyrinth,http://www.xbox.com/ko-KR/games/store/shadow-labyrinth/9N3D1MF47WX3/0017,2025-7-17,https://store-images.s-microsoft.com/image/apps.746.14491527672419348.6a759e78-6c1e-4149-b2b2-ee0d663e696c.db60ac72-3bab-4daa-bfc1-eca587188bc0,"※본 상품은 「일반판」입니다. 그 밖에도 「디지털 디럭스 에디션」을 별도로 판매 중이므로 중복 구매에 주의하십시오.

팩맨의 유전자가 섞인 탐색형 2D 액션 게임 『Shadow Labyrinth (쉐도우 라비린스)』.

옛 전쟁의 유물이 남아있는 황폐화된 별에서, 수수께끼의 노란 구체 -PUCK- 에게 8번째 적합자로 소환된 주인공.

가혹한 세계에서 살아남기 위해 적을 먹어 치우며 그 운명을 개척하자.

【탐색】
끝을 알 수 없는 동굴, 울창하게 번식한 밀림, 끝없이 펼쳐진 황야.
심연에 감추어진 기묘한 땅과, 앞을 가로막는 수많은 강적에게 도전하며 어둠의 끝으로 향하자.

【액션】
적을 먹어 치우고 새로운 힘을 손에 넣어라.
강화와 커스터마이즈로 독자적인 전술을 찾아내 미궁을 공략하자.

【스토리】
수수께끼의 노란 구체 -PUCK- 의 인도를 받아, 머나먼 곳에 위치한 거대한 탑을 향하게 된다…
PUCK의 진짜 목적이 무엇인지, 무엇과 싸우고 있는지. 이 세계의 비밀을 풀어라.",Shadow Labyrinth,Bandai Namco Studios Inc.,"https://store-images.s-microsoft.com/image/apps.746.14491527672419348.6a759e78-6c1e-4149-b2b2-ee0d663e696c.db60ac72-3bab-4daa-bfc1-eca587188bc0,https://store-images.s-microsoft.com/image/apps.47006.14491527672419348.6a759e78-6c1e-4149-b2b2-ee0d663e696c.e2a479fa-a664-4ec8-8f01-61e937096ae3,https://store-images.s-microsoft.com/image/apps.60681.14491527672419348.6a759e78-6c1e-4149-b2b2-ee0d663e696c.acd5c177-affe-407f-a817-a8b44230e15f,https://store-images.s-microsoft.com/image/apps.59437.14491527672419348.6a759e78-6c1e-4149-b2b2-ee0d663e696c.21bcf9f4-2bda-47d6-a3be-7781163c62d0,https://store-images.s-microsoft.com/image/apps.21163.14491527672419348.6a759e78-6c1e-4149-b2b2-ee0d663e696c.629b7040-bf45-4531-8fd3-8ee04552e271,https://store-images.s-microsoft.com/image/apps.56391.14491527672419348.6a759e78-6c1e-4149-b2b2-ee0d663e696c.efa5a05e-6181-4b9e-a0c5-3c2d59aa4d1c,https://store-images.s-microsoft.com/image/apps.54913.14491527672419348.6a759e78-6c1e-4149-b2b2-ee0d663e696c.36dcfd19-9cea-4ae5-a8ce-f2055e32e335,https://store-images.s-microsoft.com/image/apps.28565.14491527672419348.6a759e78-6c1e-4149-b2b2-ee0d663e696c.b5cf0b6d-7c11-4beb-8e97-a3d1984df8be,https://store-images.s-microsoft.com/image/apps.15427.14491527672419348.6a759e78-6c1e-4149-b2b2-ee0d663e696c.e85fc4bf-3d3d-4acd-8948-dcceb7b73bcf,https://store-images.s-microsoft.com/image/apps.42546.14491527672419348.6a759e78-6c1e-4149-b2b2-ee0d663e696c.02373436-0893-4ea9-b058-9321d6f4de40","플랫포머,액션,어드벤처",xbox
Clash of Weirdos - Card Carnage,http://www.xbox.com/ko-KR/games/store/clash-of-weirdos-card-carnage/9PKF3ZB16X19/0017,2025-7-18,https://store-images.s-microsoft.com/image/apps.45560.14264159883424656.5cd82d32-8dc0-4d49-b36c-cc7b46cfa8f5.0d31ca3b-66ad-4fea-849d-271c0eb4dabb,"Step into the wonderfully weird world of Clash of Weirdos – Card Carnage, a strategic card and board game packed with chaotic fun and quirky charm! Build your dream deck from a wild cast of adorable, big-eyed weirdos—each with their own hilarious and powerful abilities. Engage in exciting tactical battles using an innovative and fun combat system that keeps every match fresh and thrilling.
Unlock booster packs filled with new heroes, and level them up by merging duplicates to unleash their full potential! From sneaky sloths to fire-breathing flamingos, your weirdos are ready to fight for victory! Explore unique worlds, each with its own arena and special gameplay twists that will test your strategy and creativity.
Whether you're a mastermind tactician or just here for the laughs, Clash of Weirdos – Card Carnage offers endless fun, strategic depth, and a colorful cast of characters you’ll fall in love with. The weirder, the better!",Clash of Weirdos - Card Carnage,EpiXR Games,"https://store-images.s-microsoft.com/image/apps.45560.14264159883424656.5cd82d32-8dc0-4d49-b36c-cc7b46cfa8f5.0d31ca3b-66ad-4fea-849d-271c0eb4dabb,https://store-images.s-microsoft.com/image/apps.59591.14264159883424656.5cd82d32-8dc0-4d49-b36c-cc7b46cfa8f5.70e51405-e0ab-4dd6-89f9-04b215b461e8,https://store-images.s-microsoft.com/image/apps.24854.14264159883424656.5cd82d32-8dc0-4d49-b36c-cc7b46cfa8f5.b408ca6e-170c-4f1a-801e-b54517083373,https://store-images.s-microsoft.com/image/apps.484.14264159883424656.5cd82d32-8dc0-4d49-b36c-cc7b46cfa8f5.66a60ddd-cb00-4542-9518-ad54a8007444,https://store-images.s-microsoft.com/image/apps.31389.14264159883424656.5cd82d32-8dc0-4d49-b36c-cc7b46cfa8f5.ae19c9d0-2047-4d3f-81af-edde6800710e,https://store-images.s-microsoft.com/image/apps.34928.14264159883424656.5cd82d32-8dc0-4d49-b36c-cc7b46cfa8f5.b502727b-b1e8-492b-b6b0-44581eeeec7b,https://store-images.s-microsoft.com/image/apps.58858.14264159883424656.5cd82d32-8dc0-4d49-b36c-cc7b46cfa8f5.72d9beb3-c68c-417d-92e4-9bf39301b7c9,https://store-images.s-microsoft.com/image/apps.14726.14264159883424656.5cd82d32-8dc0-4d49-b36c-cc7b46cfa8f5.3f7f828d-5425-437f-bf10-eaaad2a8ef72,https://store-images.s-microsoft.com/image/apps.41053.14264159883424656.5cd82d32-8dc0-4d49-b36c-cc7b46cfa8f5.3dc1c405-528f-43d7-9549-cf9698f20ae7,https://store-images.s-microsoft.com/image/apps.4446.14264159883424656.5cd82d32-8dc0-4d49-b36c-cc7b46cfa8f5.ee1617b2-06da-4db1-a797-4b0bbb901c34","카드,보드,전략",xbox
WUCHANG: Fallen Feathers,http://www.xbox.com/ko-KR/games/store/66qf66eqoidqs7xtl4jsnzgg6rmd7ys4ioycroyghcdso7zrrlgg6r6465s664/9P4QV7CQ3JK9/0017,2025-7-24,https://store-images.s-microsoft.com/image/apps.44261.13783945394833991.97618293-a684-422c-a44b-698e1be5ad80.38e42e4d-2c9f-48f1-b3f3-5c5e79544c72,"명말: 공허의 깃털은 파벌 분쟁과 괴생명체를 만들어 내는 수수께끼의 질병으로 고통받는 명나라 말기 어둡고 격동하는 시기의 촉 지방을 배경으로 하는 소울라이크 액션 RPG입니다.

기억을 잃은 노련한 해적 전사 무상이 되어 끔찍한 우화 병에 시달리면서도 수수께끼의 불확실한 과거를 헤쳐 나가야 합니다. 촉 지방 깊은 곳을 탐험하여 무기를 강화하고 쓰러진 적으로부터 얻은 새로운 스킬을 연마하세요. 희귀한 적수은을 사용해 전투 스타일을 진화시키고, 흥미진진한 여정에서 획득한 새로운 기술을 발전시켜 보세요. 강력한 마법 부여로 자신이 다루는 무기를 강화하면 개인 스타일에 적합한 고유한 전투 및 전략 접근법을 체험할 수 있습니다.

기괴한 흉물들과 전투하고, 고대 설화를 이용해 남은 인류를 위협하는 다가오는 어둠에 도전하세요. 진실을 찾는 모험은 여러분을 잊힌 신전, 잡초가 무성한 폐허, 그림자 속 위험이 가득한 길로 이끌 것입니다. 무상의 잃어버린 기억을 하나씩 되찾으면서 내리는 선택을 통해 여러 엔딩 중 하나를 맞이하게 됩니다. 각 엔딩은 여러분이 내린 선택, 찾아낸 비밀, 신뢰하기로 한 아군에 따라 결정됩니다.

혼돈과 죽음에 덮인 땅에서의 잊을 수 없는 모험을 선사하는 풍부한 스토리라인과 역동적인 전투 시스템, 놀라운 비주얼에 몰입해 보세요. 여러분은 무상의 저주에 관한 진실을 밝히고 촉 땅에 평화를 가져올 수 있을까요, 아니면 잠식하는 공포에 굴복하게 될까요?이 땅의 운명은 여러분의 손에 달렸습니다.","WUCHANG: Fallen Feathers,명말: 공허의 깃털",Leenzee,"https://store-images.s-microsoft.com/image/apps.44261.13783945394833991.97618293-a684-422c-a44b-698e1be5ad80.38e42e4d-2c9f-48f1-b3f3-5c5e79544c72,https://store-images.s-microsoft.com/image/apps.57866.13783945394833991.97618293-a684-422c-a44b-698e1be5ad80.e397ea5d-65d0-4539-a23e-6c91e67ed902,https://store-images.s-microsoft.com/image/apps.9400.13783945394833991.97618293-a684-422c-a44b-698e1be5ad80.72d980a4-a6bb-4dd9-b52b-1f1809aeb771,https://store-images.s-microsoft.com/image/apps.45261.13783945394833991.97618293-a684-422c-a44b-698e1be5ad80.7a3332a1-d6c7-45e9-a350-8564bacc7a9c,https://store-images.s-microsoft.com/image/apps.9325.13783945394833991.97618293-a684-422c-a44b-698e1be5ad80.f97a3864-1142-4b86-8dec-cd3fee2eba6c,https://store-images.s-microsoft.com/image/apps.21550.13783945394833991.97618293-a684-422c-a44b-698e1be5ad80.5b51af92-09eb-47c2-82c1-865b890cc024,https://store-images.s-microsoft.com/image/apps.36814.13783945394833991.97618293-a684-422c-a44b-698e1be5ad80.4ff79212-7f5c-4d4c-a238-66098e2b73a8,https://store-images.s-microsoft.com/image/apps.16332.13783945394833991.97618293-a684-422c-a44b-698e1be5ad80.dbb17fcf-54f4-49a1-83dc-c53b3e6f7f1e","액션,어드벤처,롤플레잉",xbox
WUCHANG: Fallen Feathers,http://www.xbox.com/ko-KR/games/store/66qf66eqoidqs7xtl4jsnzgg6rmd7ys4ioycroyghcdso7zrrlgg6r6465s664/9P1BB7SVBQF4/0017,2025-7-24,https://store-images.s-microsoft.com/image/apps.43113.14010391100433512.da8139df-5cda-45d2-ae01-adf60be88ef8.c29a13d6-5784-447d-ae02-9724a3e8a288,"명말: 공허의 깃털은 파벌 분쟁과 괴생명체를 만들어 내는 수수께끼의 질병으로 고통받는 명나라 말기 어둡고 격동하는 시기의 촉 지방을 배경으로 하는 소울라이크 액션 RPG입니다.

기억을 잃은 노련한 해적 전사 무상이 되어 끔찍한 우화 병에 시달리면서도 수수께끼의 불확실한 과거를 헤쳐 나가야 합니다. 촉 지방 깊은 곳을 탐험하여 무기를 강화하고 쓰러진 적으로부터 얻은 새로운 스킬을 연마하세요. 희귀한 적수은을 사용해 전투 스타일을 진화시키고, 흥미진진한 여정에서 획득한 새로운 기술을 발전시켜 보세요. 강력한 마법 부여로 자신이 다루는 무기를 강화하면 개인 스타일에 적합한 고유한 전투 및 전략 접근법을 체험할 수 있습니다.

기괴한 흉물들과 전투하고, 고대 설화를 이용해 남은 인류를 위협하는 다가오는 어둠에 도전하세요. 진실을 찾는 모험은 여러분을 잊힌 신전, 잡초가 무성한 폐허, 그림자 속 위험이 가득한 길로 이끌 것입니다. 무상의 잃어버린 기억을 하나씩 되찾으면서 내리는 선택을 통해 여러 엔딩 중 하나를 맞이하게 됩니다. 각 엔딩은 여러분이 내린 선택, 찾아낸 비밀, 신뢰하기로 한 아군에 따라 결정됩니다.

혼돈과 죽음에 덮인 땅에서의 잊을 수 없는 모험을 선사하는 풍부한 스토리라인과 역동적인 전투 시스템, 놀라운 비주얼에 몰입해 보세요. 여러분은 무상의 저주에 관한 진실을 밝히고 촉 땅에 평화를 가져올 수 있을까요, 아니면 잠식하는 공포에 굴복하게 될까요?이 땅의 운명은 여러분의 손에 달렸습니다.","WUCHANG: Fallen Feathers,명말: 공허의 깃털",Leenzee,"https://store-images.s-microsoft.com/image/apps.43113.14010391100433512.da8139df-5cda-45d2-ae01-adf60be88ef8.c29a13d6-5784-447d-ae02-9724a3e8a288,https://store-images.s-microsoft.com/image/apps.59002.14010391100433512.da8139df-5cda-45d2-ae01-adf60be88ef8.cc90c104-ecd1-4fa4-b849-a40e59d837a0,https://store-images.s-microsoft.com/image/apps.49732.14010391100433512.da8139df-5cda-45d2-ae01-adf60be88ef8.0f004a08-520f-4931-a303-bcfb38ada18b,https://store-images.s-microsoft.com/image/apps.9435.14010391100433512.da8139df-5cda-45d2-ae01-adf60be88ef8.b0884125-add7-433f-ac16-7239be259809,https://store-images.s-microsoft.com/image/apps.31707.14010391100433512.da8139df-5cda-45d2-ae01-adf60be88ef8.e540cf8b-9f3f-4ca7-b137-b2f2cce6b248,https://store-images.s-microsoft.com/image/apps.24479.14010391100433512.da8139df-5cda-45d2-ae01-adf60be88ef8.b5074b5f-9485-47b9-9bb9-3b9e09d5bf56,https://store-images.s-microsoft.com/image/apps.62045.14010391100433512.da8139df-5cda-45d2-ae01-adf60be88ef8.0ef0d8a4-9162-4d75-a880-5d250465649e,https://store-images.s-microsoft.com/image/apps.28286.14010391100433512.da8139df-5cda-45d2-ae01-adf60be88ef8.73a9fe84-5601-4530-b1ae-9e3612f5b83a","액션,어드벤처,롤플레잉",xbox
Killing Floor 3,http://www.xbox.com/ko-KR/games/store/killing-floor-3/9NB4G2RLNZW9/0017,2025-7-24,https://store-images.s-microsoft.com/image/apps.48045.14195706336164156.54ab6f5f-d9f7-4e4c-ab5f-a483f92a8b90.0c81361b-4054-42a2-a413-19ea02230515,"때는 바야흐로 2091년. 나이트폴에 합류하여 메가코프 호르진이 만들어낸 괴물 군단 제드에 맞서세요. 미래가 당신의 손에 달렸습니다. 그때까지 살아남을 수 있다면 말이죠.

Killing Floor 3는 전설적인 액션/호러 시리즈의 새로운 작품입니다. 이 격렬한 FPS에서 나이트폴 스페셜리스트 중 하나가 되어 최대 5명의 팀원과 함께 제드에 맞서고, 돈을 벌고, 스킬을 해제하고, 최강의 무기를 만드세요.

끝내주는 협동 모드
최대 6명까지 참여 가능한 협동 모드에서 최강의 제드 퇴치 스쿼드를 모으세요. 싱글 플레이어 모드에서 홀로 용감하게 현장에 출동할 수도 있습니다.

계속 밀려오는 제드
이번 제드는 역대급으로 강합니다. 모든 적들이 새롭게 디자인되어 더 뛰어난 AI로 돌아왔습니다. 더 빠르고 치명적이며 전략적인 적과 싸우세요.

생존을 위한 기술
화염방사기, 샷건, 카타나 등 다양한 무기가 준비되어 있습니다. 수백 개의 모드, 도구, 스킬을 조합하여 나만의 특별한 무기를 제작하세요.

위험한 장소
다양하고 위험한 격전지로 출동하여 질병이 퍼지지 않게 막으세요. 다행히 이 환경에서는 포탑, 팬을 비롯한 여러 치명적인 무기도 활용할 수 있습니다.

더 강해진 고어
돌아온 MEAT 시스템으로 더욱 현실적인 고어를 체험하세요. 더 많아진 절단 포인트와 넘치는 피 덕분에 공격이 보다 현실적이고 끔찍해집니다.",Killing Floor 3,Tripwire Interactive,"https://store-images.s-microsoft.com/image/apps.48045.14195706336164156.54ab6f5f-d9f7-4e4c-ab5f-a483f92a8b90.0c81361b-4054-42a2-a413-19ea02230515,https://store-images.s-microsoft.com/image/apps.13183.14195706336164156.54ab6f5f-d9f7-4e4c-ab5f-a483f92a8b90.f01f3bb8-e4f8-41b2-9065-7e2a7c3c4138,https://store-images.s-microsoft.com/image/apps.64793.14195706336164156.54ab6f5f-d9f7-4e4c-ab5f-a483f92a8b90.1238dfa1-5b31-4e2c-a8d9-8b1c40a67b92,https://store-images.s-microsoft.com/image/apps.56814.14195706336164156.c842ad8e-577e-4ac9-9776-bb5684ef2095.97bcf937-ac08-4c70-b9d1-b25ce96d9710,https://store-images.s-microsoft.com/image/apps.40156.14195706336164156.c842ad8e-577e-4ac9-9776-bb5684ef2095.077aa9d1-53c7-4894-ac0c-6d48e3a43da2,https://store-images.s-microsoft.com/image/apps.21302.14195706336164156.c842ad8e-577e-4ac9-9776-bb5684ef2095.c519b68f-6697-474a-bb80-f319c4bad045,https://store-images.s-microsoft.com/image/apps.50982.14195706336164156.c842ad8e-577e-4ac9-9776-bb5684ef2095.b6540ce8-53e0-4b9b-b540-9be5fcb56a8f,https://store-images.s-microsoft.com/image/apps.28413.14195706336164156.c842ad8e-577e-4ac9-9776-bb5684ef2095.b443640c-3d98-4ac8-afb1-a3e38320b056,https://store-images.s-microsoft.com/image/apps.15392.14195706336164156.a1e68f7a-be89-4663-ac12-d958f04ade30.9ec8a1e2-ee26-4b63-b0f0-c2e232037ec8,https://store-images.s-microsoft.com/image/apps.54806.14195706336164156.a1e68f7a-be89-4663-ac12-d958f04ade30.b1e2b548-8754-4e18-b6d9-5188728edd96,https://store-images.s-microsoft.com/image/apps.2507.14195706336164156.a1e68f7a-be89-4663-ac12-d958f04ade30.94a45b05-fd54-4a12-b4a6-db10fd309a5a,https://store-images.s-microsoft.com/image/apps.46343.14195706336164156.a1e68f7a-be89-4663-ac12-d958f04ade30.a42b7b68-b192-445a-a589-604b980d93da,https://store-images.s-microsoft.com/image/apps.45075.14195706336164156.a1e68f7a-be89-4663-ac12-d958f04ade30.0877efc3-158f-45e0-bf40-b99869275ec2,https://store-images.s-microsoft.com/image/apps.7103.14195706336164156.a1e68f7a-be89-4663-ac12-d958f04ade30.6aecf570-3fd0-428c-83a2-5280d333b252,https://store-images.s-microsoft.com/image/apps.47616.14195706336164156.54ab6f5f-d9f7-4e4c-ab5f-a483f92a8b90.75ee39c3-1675-49c9-ac67-35d24a988365,https://store-images.s-microsoft.com/image/apps.22406.14195706336164156.54ab6f5f-d9f7-4e4c-ab5f-a483f92a8b90.5255effb-4052-429f-98da-fb0f38479e76,https://store-images.s-microsoft.com/image/apps.53874.14195706336164156.a1e68f7a-be89-4663-ac12-d958f04ade30.b1781b99-1e77-4603-909b-a0edd85bf7d1",슈팅,xbox
Killing Floor 3,http://www.xbox.com/ko-KR/games/store/killing-floor-3-elite-nightfall-edition/9NVKWMV6ZDVD/0017,2025-7-24,https://store-images.s-microsoft.com/image/apps.48045.14195706336164156.54ab6f5f-d9f7-4e4c-ab5f-a483f92a8b90.0c81361b-4054-42a2-a413-19ea02230515,"때는 바야흐로 2091년. 나이트폴에 합류하여 메가코프 호르진이 만들어낸 괴물 군단 제드에 맞서세요. 미래가 당신의 손에 달렸습니다. 그때까지 살아남을 수 있다면 말이죠.

Killing Floor 3는 전설적인 액션/호러 시리즈의 새로운 작품입니다. 이 격렬한 FPS에서 나이트폴 스페셜리스트 중 하나가 되어 최대 5명의 팀원과 함께 제드에 맞서고, 돈을 벌고, 스킬을 해제하고, 최강의 무기를 만드세요.

끝내주는 협동 모드
최대 6명까지 참여 가능한 협동 모드에서 최강의 제드 퇴치 스쿼드를 모으세요. 싱글 플레이어 모드에서 홀로 용감하게 현장에 출동할 수도 있습니다.

계속 밀려오는 제드
이번 제드는 역대급으로 강합니다. 모든 적들이 새롭게 디자인되어 더 뛰어난 AI로 돌아왔습니다. 더 빠르고 치명적이며 전략적인 적과 싸우세요.

생존을 위한 기술
화염방사기, 샷건, 카타나 등 다양한 무기가 준비되어 있습니다. 수백 개의 모드, 도구, 스킬을 조합하여 나만의 특별한 무기를 제작하세요.

위험한 장소
다양하고 위험한 격전지로 출동하여 질병이 퍼지지 않게 막으세요. 다행히 이 환경에서는 포탑, 팬을 비롯한 여러 치명적인 무기도 활용할 수 있습니다.

더 강해진 고어
돌아온 MEAT 시스템으로 더욱 현실적인 고어를 체험하세요. 더 많아진 절단 포인트와 넘치는 피 덕분에 공격이 보다 현실적이고 끔찍해집니다.",Killing Floor 3,Tripwire Interactive,"https://store-images.s-microsoft.com/image/apps.48045.14195706336164156.54ab6f5f-d9f7-4e4c-ab5f-a483f92a8b90.0c81361b-4054-42a2-a413-19ea02230515,https://store-images.s-microsoft.com/image/apps.13183.14195706336164156.54ab6f5f-d9f7-4e4c-ab5f-a483f92a8b90.f01f3bb8-e4f8-41b2-9065-7e2a7c3c4138,https://store-images.s-microsoft.com/image/apps.64793.14195706336164156.54ab6f5f-d9f7-4e4c-ab5f-a483f92a8b90.1238dfa1-5b31-4e2c-a8d9-8b1c40a67b92,https://store-images.s-microsoft.com/image/apps.56814.14195706336164156.c842ad8e-577e-4ac9-9776-bb5684ef2095.97bcf937-ac08-4c70-b9d1-b25ce96d9710,https://store-images.s-microsoft.com/image/apps.40156.14195706336164156.c842ad8e-577e-4ac9-9776-bb5684ef2095.077aa9d1-53c7-4894-ac0c-6d48e3a43da2,https://store-images.s-microsoft.com/image/apps.21302.14195706336164156.c842ad8e-577e-4ac9-9776-bb5684ef2095.c519b68f-6697-474a-bb80-f319c4bad045,https://store-images.s-microsoft.com/image/apps.50982.14195706336164156.c842ad8e-577e-4ac9-9776-bb5684ef2095.b6540ce8-53e0-4b9b-b540-9be5fcb56a8f,https://store-images.s-microsoft.com/image/apps.28413.14195706336164156.c842ad8e-577e-4ac9-9776-bb5684ef2095.b443640c-3d98-4ac8-afb1-a3e38320b056,https://store-images.s-microsoft.com/image/apps.15392.14195706336164156.a1e68f7a-be89-4663-ac12-d958f04ade30.9ec8a1e2-ee26-4b63-b0f0-c2e232037ec8,https://store-images.s-microsoft.com/image/apps.54806.14195706336164156.a1e68f7a-be89-4663-ac12-d958f04ade30.b1e2b548-8754-4e18-b6d9-5188728edd96,https://store-images.s-microsoft.com/image/apps.2507.14195706336164156.a1e68f7a-be89-4663-ac12-d958f04ade30.94a45b05-fd54-4a12-b4a6-db10fd309a5a,https://store-images.s-microsoft.com/image/apps.46343.14195706336164156.a1e68f7a-be89-4663-ac12-d958f04ade30.a42b7b68-b192-445a-a589-604b980d93da,https://store-images.s-microsoft.com/image/apps.45075.14195706336164156.a1e68f7a-be89-4663-ac12-d958f04ade30.0877efc3-158f-45e0-bf40-b99869275ec2,https://store-images.s-microsoft.com/image/apps.7103.14195706336164156.a1e68f7a-be89-4663-ac12-d958f04ade30.6aecf570-3fd0-428c-83a2-5280d333b252,https://store-images.s-microsoft.com/image/apps.47616.14195706336164156.54ab6f5f-d9f7-4e4c-ab5f-a483f92a8b90.75ee39c3-1675-49c9-ac67-35d24a988365,https://store-images.s-microsoft.com/image/apps.22406.14195706336164156.54ab6f5f-d9f7-4e4c-ab5f-a483f92a8b90.5255effb-4052-429f-98da-fb0f38479e76,https://store-images.s-microsoft.com/image/apps.53874.14195706336164156.a1e68f7a-be89-4663-ac12-d958f04ade30.b1781b99-1e77-4603-909b-a0edd85bf7d1",슈팅,xbox
Demon Slayer -Kimetsu no Yaiba- The Hinokami Chronicles 2,http://www.xbox.com/ko-KR/games/store/2/9P70RHNV16W5/0017,2025-8-1,https://store-images.s-microsoft.com/image/apps.27985.14074382009502393.03446f03-ccea-4556-85f5-f6639280d78b.6a88d710-b93d-4339-acf6-1df3c4da2dcd,"※본 제품은 '일반판'입니다. 본 제품 외에 '디럭스 에디션'도 있으므로
제품 내용 및 특전을 확인 후 구매하십시오.

◆내용 설명
""인연""의 칼날로 악귀를 멸하라!
카마도 탄지로의 전투가 가정용 게임으로 다시 막을 올린다―――

【솔로 플레이 모드 -히노카미 혈풍담-: 애니메이션 '귀멸의 칼날' 세 편의 이야기를 체험!】
카마도 탄지로가 걸어온 이야기를 게임으로 체험하자.
TV 애니메이션 '귀멸의 칼날' 에서 '환락의 거리편', '도공 마을편', '합동 강화 훈련편' 의 에피소드를 수록!
탄지로와 동료들의 앞을 가로막는 상현 혈귀들에 맞서 함께 싸우자!

【버서스 모드 -대전-: 주, 집결】
귀살대 최고 계급인 검사 '주' 9명을 포함해 40명 이상의 캐릭터가 참전!
전작에 이어 '합체 오의'와 '장비'라는 신규 요소도 추가!
온라인 대전과 오프라인 대전을 통해 새로운 경지에 도달하자!

◆세트 구성
-귀멸의 칼날 히노카미 혈풍담2　게임 본편
-다운로드판 특전: 플레이어블 캐릭터 조기 해방권 '귀멸 학원·렌고쿠 쿄쥬로', '귀멸 학원·우즈이 텐겐'

◎저장 데이터 연동 특전
동일한 플랫폼의 『귀멸의 칼날 히노카미 혈풍담』 및 『귀멸의 칼날: 도전, 최강의 대원!』의 저장 데이터를 소지한 고객님께서는 아래의 특전이 증정됩니다.
-『귀멸의 칼날 히노카미 혈풍담』 저장 데이터 특전:
 플레이어블 캐릭터 조기 해방권 '귀멸 학원·카마도 탄지로', '귀멸 학원·카마도 네즈코', '귀멸 학원·아가츠마 젠이츠', '귀멸 학원·하시비라 이노스케', '귀멸 학원·토미오카 기유', '귀멸 학원·코쵸우 시노부'
-『귀멸의 칼날: 도전, 최강의 대원!』 저장 데이터 특전:
 플레이어블 캐릭터 조기 해방권 '히나츠루·마키오·스마'
게임 내 의상 조기 해방권 '히나츠루·마키오·스마【옷(식사 준비)】'

※플레이어블 캐릭터 조기 해방권은 버서스 모드에서 기재된 캐릭터를 처음부터 플레이할 수 있는 특전입니다.
※게임 내 의상은 버서스 모드에서 사용할 수 있습니다.
※저장 데이터 연동 특전은 동일한 플랫폼에서만 적용하실 수 있습니다.
※버서스 모드에서 온라인 플레이를 즐기기 위해서는 유료 서비스에 가입할 필요가 있습니다.
※온라인 기능을 이용하기 위해서는 최신 패치가 적용되어 있어야 합니다.
※내용 및 사양은 예고 없이 일부 변경될 수 있습니다.
※다운로드판 특전은 영구 부여되는 특전입니다.
※특전은 추후 별도로 배포될 수도 있습니다.","Demon Slayer -Kimetsu no Yaiba- The Hinokami Chronicles 2,귀멸의 칼날 히노카미 혈풍담2","CyberConnect2 Co., Ltd.","https://store-images.s-microsoft.com/image/apps.27985.14074382009502393.03446f03-ccea-4556-85f5-f6639280d78b.6a88d710-b93d-4339-acf6-1df3c4da2dcd,https://store-images.s-microsoft.com/image/apps.4975.14074382009502393.03446f03-ccea-4556-85f5-f6639280d78b.13a4163d-00e0-4875-99e7-9044b1d27d43,https://store-images.s-microsoft.com/image/apps.33451.14074382009502393.03446f03-ccea-4556-85f5-f6639280d78b.e6e3ed2c-674d-41a2-a021-9567e155ce50,https://store-images.s-microsoft.com/image/apps.23865.14074382009502393.03446f03-ccea-4556-85f5-f6639280d78b.5f152895-36bb-4c6f-8736-7e028cf94259,https://store-images.s-microsoft.com/image/apps.43242.14074382009502393.03446f03-ccea-4556-85f5-f6639280d78b.8a60b7c2-0f07-457d-87dd-dc3619ccf832","액션,어드벤처,격투",xbox
GRADIUS ORIGINS,http://www.xbox.com/ko-KR/games/store/gradius-origins/9NBZ94W14R5V/0017,2025-8-7,https://store-images.s-microsoft.com/image/apps.45808.13574135791556347.d299f680-a395-4a7c-8385-799bca5cf390.58889276-6667-49b7-9d34-9b2f19b4850a,"가정용 게임기로 처음 이식되는 환상의 '그라디우스 III AM 쇼 버전'을 포함하여, 총 7개 타이틀의 18개 버전 아케이드 타이틀 수록
어디서든 할 수 있는 저장과 되돌리기, 무적 모드 등 알찬 지원 기능과 함께, 부활 지점 및 플레이 회차, 파워 업 상태 등을 설정해 연습할 수 있는 트레이닝 모드, 각종 BGM과 귀중한 자료 이미지가 수록된 라이브러리 기능도 구현

1. 샐러맨더 III

2. 그라디우스
 일본 ROM판 / 일본 버블 시스템판 / 북미판 (NEMESIS) / 유럽판 (NEMESIS) / 북미 시제품판 (NEMESIS)

3. 샐러맨더
 일본판 / 북미판 (라이프 포스)

4. 라이프 포스
 일본판

5. 그라디우스 II -GOFER의 야망-
 일본 전기판 / 일본 중기판 / 일본 후기판 / 북미판 (VULCAN VENTURE)

6. 그라디우스 III -전설에서 신화로-
 일본 OLD판 / 일본 NEW판 / 아시아판 / 일본 AM 쇼판

7. 샐러맨더2
 일본판

■ 알찬 지원 기능, 편의 기능, 신규 모드

빠른 저장 / 빠른 불러오기
　게임 플레이 중 언제든지 저장/불러오기 가능

되돌리기
　언제 어디서든 되돌리기로 다시 시작할 수 있는 편의 기능

이지 모드
　플레이어 전투기의 피격 판정 범위가 작아 한결 편하게 진행할 수 있는 플레이 모드입니다.

무적 모드
　적의 공격을 맞아도 플레이어 전투기를 잃지 않으며, 잃은 횟수만 기록되는 플레이 모드입니다.

트레이닝 모드
　부활 지점 및 플레이 회차, 파워 업 상태 등을 설정해 게임을 연습할 수 있는 플레이 모드입니다.
　※특정 게임 버전에서만 플레이할 수 있습니다.

온라인 랭킹
　게임 오버 후, 획득한 스코어를 리더 보드에 등록
　상위 랭킹에 들면 스코어 등록과 함께 리플레이 업로드

사운드 갤러리
　각 타이틀의 오리지널 사운드트랙 및 기존 발매 CD에 수록된 어레인지 악곡 등 감상 가능

비주얼 갤러리
　당시의 사용 설명서, 개발 자료 등 열람 가능

그라디우스 도감
　각 오리진 타이틀의 적 캐릭터와 스코어 확인 가능


그 외 각 게임 설정 화면에서 다양한 설정(기판의 DIP 스위치, 화면 필터, 당시의 버그 재현 등) 변경 가능",GRADIUS ORIGINS,KONAMI,"https://store-images.s-microsoft.com/image/apps.45808.13574135791556347.d299f680-a395-4a7c-8385-799bca5cf390.58889276-6667-49b7-9d34-9b2f19b4850a,https://store-images.s-microsoft.com/image/apps.52294.13574135791556347.d299f680-a395-4a7c-8385-799bca5cf390.fefce435-7aed-4747-93c0-b23a3b50cd46,https://store-images.s-microsoft.com/image/apps.24042.13574135791556347.d299f680-a395-4a7c-8385-799bca5cf390.4bb5a6db-8b33-4958-8c5a-175db3bfe45a,https://store-images.s-microsoft.com/image/apps.21568.13574135791556347.d299f680-a395-4a7c-8385-799bca5cf390.ae1b73c0-b5e6-434e-960a-671cde53dfb1,https://store-images.s-microsoft.com/image/apps.59317.13574135791556347.d299f680-a395-4a7c-8385-799bca5cf390.849739d2-2d9c-485b-b65b-c24892928017,https://store-images.s-microsoft.com/image/apps.29229.13574135791556347.d299f680-a395-4a7c-8385-799bca5cf390.f37ae547-d226-475f-bf6f-8b7974d780be,https://store-images.s-microsoft.com/image/apps.64569.13574135791556347.d299f680-a395-4a7c-8385-799bca5cf390.7b742743-1f4a-4bd8-a1ab-64f139382ee2,https://store-images.s-microsoft.com/image/apps.64458.13574135791556347.d299f680-a395-4a7c-8385-799bca5cf390.f9c3b3e6-ba97-4c23-abad-063ebdd3507d,https://store-images.s-microsoft.com/image/apps.32051.13574135791556347.d299f680-a395-4a7c-8385-799bca5cf390.c65ca17c-8b00-4e82-86ee-33180020d339,https://store-images.s-microsoft.com/image/apps.6972.13574135791556347.d299f680-a395-4a7c-8385-799bca5cf390.7c4f6e58-463f-43e8-b75d-c1ec03f1a131","슈팅,클래식",xbox
Mafia: The Old Country,http://www.xbox.com/ko-KR/games/store/66ei7zs87jweoidsmkzrk5wg7luo7yq466as/9P04M5QB8JZ6/0017,2025-8-8,https://store-images.s-microsoft.com/image/apps.49984.14096008724166339.1ba6595b-d20b-4434-9a98-78edcf79cfe0.09a6f9b5-0b95-4b54-a3c0-bf3e5002018d,"1900년대 시칠리아의 잔혹한 지하 세계를 배경으로 살아가는 근성으로 똘똘 뭉친 마피아 이야기, 마피아: 올드 컨트리에서 조직범죄의 탄생 비화를 알아보세요. 위험하고 무자비한 시대를 배경으로 펼쳐지는 3인칭 몰입형 액션 어드벤처에서 엔조 파바라로서 살아남기 위해 싸우고 코사 노스트라에게 나의 가치를 증명하세요.

엔조는 더 나은 삶을 성취하기 위해서라면 무엇이든 할 준비가 되어 있습니다. 강제 노역을 해야 했던 잔혹한 어린 시절을 거쳐 이제 그는 토리시 범죄 조직의 '명예를 아는 사람'이 되는 데 모든 것을 걸었습니다.

코사 노스트라에 대한 그의 맹세와 여기에 동반되는 모든 힘과 유혹, 역경은 단 한 가지 명명백백한 진실을 가리킵니다. 

가족은 서로를 위해 희생한다.

이 스릴 넘치는 이야기는 비평가들의 극찬을 받은 마피아 시리즈 특유의 눈부신 비주얼과 시네마틱한 스토리텔링, 실감 나는 현실주의를 통해 구현됩니다. 엔조의 이야기는 스틸레토 나이프를 다루는 기술이 치명적인 자산으로 여겨지고, 총신을 잘라낸 루파라식 산탄총이 주 총기로 활약하며, 피가 낭자한 복수가 수십 년간 이어지는, 마피아 조직원이 보호비를 걷기 위해 직접 걸어다니거나, 말이나 초창기의 자동차를 타고 다녔던 시절을 배경으로 펼쳐집니다.

조직 범죄의 무자비한 세계를 탐험해 보세요
시칠리아의 다듬어지지 않은 전원 지역의 투박한 아름다움은 배반과 폭력으로 점철된 이 범죄의 도시의 으슥한 뒷골목과 강렬한 대비를 이룹니다. 라이벌 조직과 이들의 인정사정없는 지도자는 대중의 눈을 피해 그림자 속에 서 끊임 없는 전쟁을 벌입니다. 신뢰는 갈수록 희귀해지고, 충성은 목숨보다 귀합니다.

클래식 마피아 영화를 플레이해 보세요
이 스릴 넘치는 1900년대 이야기의 안티히어로가 되어 시칠리아의 은밀한 범죄 지하 세계에 몸을 담는 엔조의 모든 긴장 넘치는 순간을 직접 경험해 보세요. 시대를 반영한 디테일을 통해 위험천만한 지중해를 배경으로 놀라운 몰입감을 선사하는 이 전통 범죄 드라마에서 예측할 수 없는 동료와 잔혹한 적으로 이뤄진 캐스트와 정면으로 맞서세요.

살아남기 위해 싸우세요 
칼을 들고 근접전을 벌이거나 다양한 총기를 사용하여 거리를 유지하며 목숨을 건 전투에 참여해 보세요. 적의 허를 찔러 은밀히 제압하거나, 2인 근접전에서 적을 난도질해 보세요. 총기를 더 선호한다면 시대를 반영한 이 시대에 흔히 쓰였던 권총과 소총, 산탄총을 쏴서 모든 확률을 극복하고 돈의 적을 조용히 처리하세요.

고풍스러운 환경을 누비세요
지하실과 무너져 가는 유적지, 풍성한 포도원, 정교한 오페라 하우스까지 다양한 시칠리아의 풍경을 마음껏 누비세요. 다음 목표에 접근하거나 서둘러 도망쳐야할 때, 말을 타고 자갈이 깔린 거리와 광활한 평야를 달리거나, 시대를 반영한 세기 전환기 무렵의 자동차를 타고 비포장도로를 전력 질주하세요.

구매를 완료하면 ToS(서비스 사용 조건)와 개인정보 보호정책에 따라 디지털 제품에 대한 라이선스가 제공되며, 해당 내용은 www.take2games.com/legal과 www.take2games.com/privacy, 게임 속에서 확인하실 수 있습니다. 스페셜/보너스/온라인 기능, 콘텐츠, 서비스, 기능(이하 “특수 기능”)을 이용하려면 일회용 시리얼 코드와 추가 요금 및/또는 온라인 계정 등록(최소 연령은 다를 수 있음)이 필요할 수 있습니다. 특수 기능을 이용하려면 인터넷 연결이 필요할 수 있으며, 해당 기능은 모든 사용자에게 항상 제공되지 않을 수 있고, ToS에 따라 종료되거나 변경될 수 있으며, 다른 조건으로 제공될 수 있습니다. 특정 특수 기능의 사용 가능 여부는 https://bit.ly/2K-Online-Services-Status를 참조하세요. ToS를 위반할 경우 게임 또는 온라인 계정의 이용이 제한되거나 종료될 수 있습니다.

©2025 Take-Two Interactive Software, Inc. 2K Games 제공. Hangar 13 개발. 마피아, Take-Two Interactive Software, 2K, Hangar 13 및 각 관련 로고는 Take-Two Interactive Software, Inc.의 등록상표입니다. 기타 표시 및 상표는 각 소유주의 자산입니다. All rights reserved.","Mafia: The Old Country,마피아: 올드 컨트리",Hangar 13,"https://store-images.s-microsoft.com/image/apps.49984.14096008724166339.1ba6595b-d20b-4434-9a98-78edcf79cfe0.09a6f9b5-0b95-4b54-a3c0-bf3e5002018d,https://store-images.s-microsoft.com/image/apps.30580.14096008724166339.1ba6595b-d20b-4434-9a98-78edcf79cfe0.6e5ed6c1-da34-4bb5-bde3-3e0ccfb3eb54,https://store-images.s-microsoft.com/image/apps.34811.14096008724166339.6d1d2e93-8bc0-45e1-96d1-cfab1bf07350.bddad512-4c2f-477e-97c8-a5c08c1d769b,https://store-images.s-microsoft.com/image/apps.5582.14096008724166339.6d1d2e93-8bc0-45e1-96d1-cfab1bf07350.62fc7816-07a9-42d2-9c5b-e96267788e9f,https://store-images.s-microsoft.com/image/apps.34309.14096008724166339.6d1d2e93-8bc0-45e1-96d1-cfab1bf07350.d9aaa26a-5683-4b27-86e5-352fdb4002d6,https://store-images.s-microsoft.com/image/apps.9775.14096008724166339.6d1d2e93-8bc0-45e1-96d1-cfab1bf07350.a57e5325-898c-4e23-8c83-478a2b59d105,https://store-images.s-microsoft.com/image/apps.49683.14096008724166339.1ba6595b-d20b-4434-9a98-78edcf79cfe0.4ad1e0e2-f7ba-4802-a950-d272e626dd10,https://store-images.s-microsoft.com/image/apps.30627.14096008724166339.1ba6595b-d20b-4434-9a98-78edcf79cfe0.bb4c9969-9031-4203-be4d-b32f0f1b5a4d,https://store-images.s-microsoft.com/image/apps.24577.14096008724166339.1ba6595b-d20b-4434-9a98-78edcf79cfe0.da973561-5e8d-4ac5-a302-fb2df92e069e","액션,어드벤처,슈팅",xbox
EA SPORTS Madden NFL 26,http://www.xbox.com/ko-KR/games/store/ea-sports-madden-nfl-26-standard-edition/9P7SZ6GTHPMK/0017,2025-8-15,https://store-images.s-microsoft.com/image/apps.8472.14396710821719966.967048ac-fa03-4baf-8691-ef3cd39e9333.d5ec78aa-befe-42f7-bd59-568244405b86,"EA SPORTS™ Madden NFL 26은 AI 기반의 새로운 머신 러닝 시스템을 활용하여 약 10년에 걸친 실제 NFL 데이터에서 획득한 수천 개의 플레이를 훈련시켜 더욱 폭발적인 게임플레이를 선보입니다. 이를 통해 새로운 선수별 특성, 현실적인 플레이 스타일, NFL 쿼터백과 코치의 경기 내 경향과 전략에 맞춘 적응형 카운터 등을 제공합니다.

Minnesota의 Skol chant부터 Baltimore의 라이트 쇼까지, 게임에 영향을 미치는 날씨, 팀의 전통, Scott Hanson이 참여하는 다이내믹한 하프타임 쇼 등 NFL 전반에 걸친 새로운 프레젠테이션을 경험해 보세요.

Madden NFL 26. NFL의 실제 데이터, 현실을 초월하는 NFL 모멘트.

이 게임은 게임 내에서 사용되는 가상 화폐를 게임 내 구매 및 이용할 수 있으며, 이를 통해 확률형 아이템을 포함한 게임 내 가상 아이템을 구매할 수 있습니다.

조건 및 제한사항이 적용됩니다. 상세 사항은 ea.com/ko-kr/legal 를 참조하십시오.",EA SPORTS Madden NFL 26,Tiburon,"https://store-images.s-microsoft.com/image/apps.8472.14396710821719966.967048ac-fa03-4baf-8691-ef3cd39e9333.d5ec78aa-befe-42f7-bd59-568244405b86,https://store-images.s-microsoft.com/image/apps.57034.14396710821719966.967048ac-fa03-4baf-8691-ef3cd39e9333.8c90c46a-651c-4bbf-ba20-a46cfd268d30,https://store-images.s-microsoft.com/image/apps.62824.14396710821719966.967048ac-fa03-4baf-8691-ef3cd39e9333.b52bdf48-cbcd-490a-95e8-e945c104a320,https://store-images.s-microsoft.com/image/apps.49914.14396710821719966.967048ac-fa03-4baf-8691-ef3cd39e9333.fc3245f2-66f9-4ff4-b1f2-5977e7b3b6b6",스포츠,xbox
INAZUMA ELEVEN: Victory Road,http://www.xbox.com/ko-KR/games/store/inazuma-eleven-victory-road/9P4MKX8G70JZ/0017,2025-8-22,https://store-images.s-microsoft.com/image/apps.1372.14460551261725800.f43db729-91cd-4b10-b612-f722149ccb7b.589added-5c70-4d21-b6e5-065b79606aa3,"타오르는 구름과 함께 이나즈마의 번개가 하늘을 가릅니다!

초차원적 축구 RPG 시리즈 ""INAZUMA ELEVEN""의 최신 타이틀이 마침내 출시되었습니다!
새로운 주인공이 포함된 신규 스토리를 감상하고, 5200명이 넘는 캐릭터를 수집 및 훈련하고, 치열한 경쟁 모드를 즐겨 보세요. 풍부한 콘텐츠가 기다립니다!

✦스토리 모드
해당 신규 스토리는 INAZUMA ELEVEN 첫 작품으로부터 25년이 지난 시기를 배경으로 합니다.
주인공인 데스틴 빌로우스는 축구와 관련 없는 세상을 찾아 남운 중등부에 입학합니다. 한편 전국 최상위 팀으로 유명한 명문 라이몬 중등부에서는 하퍼 에반스라는 ""축구 괴물""이 새로이 떠오릅니다.
이 두 명의 길이 엇갈리면서 이야기가 펼쳐지기 시작합니다...

✦ 연대기 모드
시리즈 전작의 5200명이 넘는 캐릭터를 아우르는 로스터!
미래에서 온 소년, 빅토리오와 과거 이나즈마 일레븐의 경기를 다시 체험하세요.
다양한 팀과 겨루고, 캐릭터를 수집 및 훈련하고, 궁극의 드림팀을 구축하세요!

✦ 차세대 축구 시스템
""수동 모드""를 직접 조작하여 원하는 방식으로 게임을 플레이하거나, ""커맨더 모드""를 통해 팀에게 전략적인 지시를 내릴 수 있습니다!
커맨더 모드를 통해 플레이어에게 다양한 전략적 지시를 내릴 수 있어 누구든 경기를 간편하게 즐길 수 있게 됩니다!
자신에게 맞는 스타일을 찾아 경기에 뛰어들고 놀라운 특수 동작으로 승리를 쟁취하세요!

✦ 우정 스테이션
INAZUMA ELEVEN 시리즈의 추억이 담긴 오브젝트를 자유롭게 배치하여 자신만의 ""우정 마을""을 건설해 보세요!
아바타를 커스터마이징하고, 친구들을 초대하여 사교 활동을 즐기거나 경기를 진행할 수 있습니다!
커스텀 제작 아바타는 경기에서도 사용할 수 있습니다!

✦ MAPPA를 통해 활기를 찾은 궁극의 애니메이션 경험
애니메이션 스튜디오 MAPPA와 협력하여 인게임 애니메이션 컷신이 제작되었습니다!
시리즈 역사상 가장 긴 애니메이션 상영 시간을 자랑하며 새로운 경지에 도전하는 강렬한 스토리가 있습니다.",INAZUMA ELEVEN: Victory Road,LEVEL5 Inc.,"https://store-images.s-microsoft.com/image/apps.1372.14460551261725800.f43db729-91cd-4b10-b612-f722149ccb7b.589added-5c70-4d21-b6e5-065b79606aa3,https://store-images.s-microsoft.com/image/apps.60504.14460551261725800.f43db729-91cd-4b10-b612-f722149ccb7b.3b4c8b5d-1b21-45cd-a604-6f527bc364d0,https://store-images.s-microsoft.com/image/apps.47522.14460551261725800.f43db729-91cd-4b10-b612-f722149ccb7b.32281da7-70fc-4ffd-90a4-f432dd4972eb,https://store-images.s-microsoft.com/image/apps.46666.14460551261725800.f43db729-91cd-4b10-b612-f722149ccb7b.cc9b0a1f-474d-400c-8e55-7db423badac0,https://store-images.s-microsoft.com/image/apps.46024.14460551261725800.f43db729-91cd-4b10-b612-f722149ccb7b.9bba549e-1ffb-4900-b367-f62d14db6e86,https://store-images.s-microsoft.com/image/apps.50295.14460551261725800.f43db729-91cd-4b10-b612-f722149ccb7b.ad8f7e7d-cf29-4957-a2e2-77f6476217a1,https://store-images.s-microsoft.com/image/apps.536.14460551261725800.f43db729-91cd-4b10-b612-f722149ccb7b.5e6cc86d-14e5-4af8-b4dd-2b958022e6a5,https://store-images.s-microsoft.com/image/apps.35731.14460551261725800.f43db729-91cd-4b10-b612-f722149ccb7b.f7fdfd84-207a-464f-850f-32a69d1e8627,https://store-images.s-microsoft.com/image/apps.47386.14460551261725800.f43db729-91cd-4b10-b612-f722149ccb7b.829de0f4-3365-4122-ae78-f0fd2afe29e3,https://store-images.s-microsoft.com/image/apps.29939.14460551261725800.f43db729-91cd-4b10-b612-f722149ccb7b.792ef48e-92ba-4b84-85d6-891385426a4b,https://store-images.s-microsoft.com/image/apps.26414.14460551261725800.f43db729-91cd-4b10-b612-f722149ccb7b.64c3e2e5-0b63-49b9-9bdf-8161b8a56103,https://store-images.s-microsoft.com/image/apps.11237.14460551261725800.f43db729-91cd-4b10-b612-f722149ccb7b.782eb80f-d789-4836-851a-0dad53c5ce88,https://store-images.s-microsoft.com/image/apps.2874.14460551261725800.f43db729-91cd-4b10-b612-f722149ccb7b.58c0a0cd-fdcf-4986-a2b4-e8b2b40433fb,https://store-images.s-microsoft.com/image/apps.38904.14460551261725800.f43db729-91cd-4b10-b612-f722149ccb7b.84173b2c-768c-4c55-b78e-b5b9d4829f8a","롤플레잉,액션,어드벤처,스포츠",xbox
Gears of War: Reloaded,http://www.xbox.com/ko-KR/games/store/gears-of-war-reloaded-pre-order/9NZ7KCLZ1SX1/0017,2025-8-27,https://store-images.s-microsoft.com/image/apps.14211.14083498106527717.baf556ff-4380-4b5b-9e66-afb4977d6535.e66facd1-054a-429d-ba33-85e555c4b01e,"THE DEFINITIVE RELEASE

리마스터링된 원작: 언리얼 엔진으로 구동되는 Gears of War: Reloaded는 블록버스터 대작이었던 Gears of War 원작의 리마스터링 버전으로, 최신 세대의 게이밍 플랫폼에 맞춰 완전 최적화를 구현했습니다.

전부 포함된 구성: Gears of War: Reloaded는 보너스 캠페인 액트, 멀티 플레이 맵, 캐릭터와 꾸미기 등 모든 원작 타이틀 출시 후 콘텐츠를 추가 비용 없이 전부 제공합니다. 

섬세한 컨트롤: 입문자인 경우 현대적이고 원활한 컨트롤 레이아웃을, 숙련자인 경우 좋아하는 클래식한 느낌을 살린 레이아웃을 선택하실 수 있습니다. 

BUILT FOR BROTHERHOOD 

캠페인 협동: 캠페인 화면 분할이나 온라인 협동을 통해 함께 로커스트의 위협을 분쇄하세요. 타의 추종을 불허하는 선명함과 시각적 충실도를 자랑하는 최대 120fps 성능으로 멀티 플레이 모드에서 분대와 함께 싸우세요.* 

크로스 플레이: Gears of War: Reloaded는 모든 플랫폼에서 크로스 플레이를 지원하여 어떤 플랫폼에서 플레이하든 친구들과 분대를 편성할 수 있습니다.* 

교차 진행: 플랫폼을 변경하더라도 캠페인이 저장되며 멀티 플레이 진행도도 저장됩니다. 교차 진행을 위해서는 Microsoft 계정 로그인이 필요합니다.* 

XBOX와 PC에 최적화: 

Xbox Series X│S에 최적화: 상징적인 원작이 그 어느 때보다 멋진 비주얼과 재미를 갖추고 로드 시간 제로, 4K 애셋, 리마스터링된 텍스처, 조명과, 그림자 및 반사, HDR, Dolby Vision, Dolby Atmos, 최대 120 FPS의 멀티 플레이 모드 성능을 더해 돌아왔습니다.* 

PC와 핸드헬드에 최적화: 놀랍게 리마스터된 그래픽뿐만 아니라 울트라와이드 지원이나 벤치마크 모드, 다양한 주사율 옵션, 마우스 및 키보드 지원, FSR3.1 및 DLSS3.5 Super Resolution 지원 및 컨트롤러 재배치 등도 최초로 지원합니다.",Gears of War: Reloaded,The Coalition,"https://store-images.s-microsoft.com/image/apps.14211.14083498106527717.baf556ff-4380-4b5b-9e66-afb4977d6535.e66facd1-054a-429d-ba33-85e555c4b01e,https://store-images.s-microsoft.com/image/apps.45108.14083498106527717.9ead5e24-2930-400c-b5af-fa93c72ee8a7.9d7043f0-1616-443d-a156-95e55e09ef4d,https://store-images.s-microsoft.com/image/apps.34534.14083498106527717.baf556ff-4380-4b5b-9e66-afb4977d6535.8d50f740-ca8e-4cac-8121-35c5d0728ccf,https://store-images.s-microsoft.com/image/apps.64769.14083498106527717.9ead5e24-2930-400c-b5af-fa93c72ee8a7.993ee9ee-99b9-4bfe-86b3-11a5666ffb9a,https://store-images.s-microsoft.com/image/apps.5345.14083498106527717.baf556ff-4380-4b5b-9e66-afb4977d6535.33646443-2803-4a87-9542-21d0f6d9ac33,https://store-images.s-microsoft.com/image/apps.27410.14083498106527717.baf556ff-4380-4b5b-9e66-afb4977d6535.ac6ba18c-eeb2-48ef-bfb4-ccc9737b02a9,https://store-images.s-microsoft.com/image/apps.1730.14083498106527717.baf556ff-4380-4b5b-9e66-afb4977d6535.2c6c90f2-d0ed-4358-aa6e-0f02a5d93f28,https://store-images.s-microsoft.com/image/apps.345.14083498106527717.9ead5e24-2930-400c-b5af-fa93c72ee8a7.30a03d1a-9ab9-4ba7-9e13-0238313a440d,https://store-images.s-microsoft.com/image/apps.35593.14083498106527717.9ead5e24-2930-400c-b5af-fa93c72ee8a7.4c57617a-397a-4e45-8d31-61282f6fcb4c,https://store-images.s-microsoft.com/image/apps.9229.14083498106527717.9ead5e24-2930-400c-b5af-fa93c72ee8a7.ec8d976b-219a-4904-a029-940430602fd8","슈팅,액션,어드벤처",xbox
METAL GEAR SOLID Δ: SNAKE EATER,http://www.xbox.com/ko-KR/games/store/metal-gear-solid-d-snake-eater/9NX56N49H8V0/0017,2025-8-28,https://store-images.s-microsoft.com/image/apps.43472.14284539721983751.be5b5e2d-d433-4fb7-b5e1-397819d27987.9aec1ad7-43b1-493e-a2a5-5e3552f26210,"원작의 핵심은 그대로, 몰입 체험이 진화를 이룬다.
2004년 발매된 ""METAL GEAR SOLID 3: SNAKE EATER""를 원작으로 한 리메이크 작품.
원작의 스토리와 세계관은 그대로 유지되었으며, 최신 그래픽과 입체적인 사운드 표현으로 정글에서 펼쳐지는 궁극의 서바이벌 스텔스 액션을 즐길 수 있다.

오리지널 매력 그대로 진화
스토리, 캐릭터, 보이스, 게임 플레이, 음악 등 원작이 가진 매력은 그대로, 최신 하드웨어에 맞춘 진화를 이룬 리메이크 작품. 세계 구석구석을 다시 만들어 모든 컷 장면에 새로운 생명이 불어넣어졌다.

철저한 현실 추구
전투 피해 묘사가 진화하면서 옷의 찢김, 멍, 탄흔이 실시간으로 Snake의 몸에 표현된다. 옷은 갈아입어 변경을 할 수 있지만, 몸에 난 상처는 계속 남게 된다. 플레이어 개개인의 게임 플레이에 따라 Snake의 모습이 다양하게 변한다.

압도적인 몰입감과 현장감
당시와 같은 플레이 감각으로 즐길 수 있는 오리지널 조작 방법과 더불어 새로운 게임에 익숙해진 세대를 위한 플레이 스타일도 채용. 심플하고 이해하기 쉬운 조작성으로 플레이에 대한 집중력을 높여 극한 환경에서의 짜릿한 서바이벌 체험을 즐길 수 있으며, 당시와 같은 플레이 감각으로 즐길 수 있는 플레이 스타일도 선택이 가능.


【추가 컨텐츠】
※추가 컨텐츠는 인터넷에 접속해 소프트를 업데이트하면 플레이하실 수 있습니다. 각 콘텐츠의 배포 시기에 대해서는 정해지는 대로 안내해 드리겠습니다.

・SNAKE VS BOMBERMAN
Bomberman과 싸우는 스페셜 게임. Snake를 조작해서 무대 위에 있는 Bomberman을 날려버리자!

・FOX HUNT
게임 본편과 공통의 세계관으로 전개하는 완전 오리지널 온라인 대전 모드입니다. 스텔스 요소나 서바이벌 요소등을 구사한 """"숨바꼭질""""에 가까운 전술을 즐기실 수 있습니다.

・Secret Theater
적병이 숨겨둔 8mm 필름을 입수함으로써 해금되는 즐거움 영상입니다. 오리지널 영상 외에도 신작 영상도 수록되어 있습니다. 

And more…


※본 제품 외에도 「Digital Deluxe Edition」이 따로 있습니다. 중복 구매에 주의하시기 바랍니다.",METAL GEAR SOLID Δ: SNAKE EATER,KONAMI,"https://store-images.s-microsoft.com/image/apps.43472.14284539721983751.be5b5e2d-d433-4fb7-b5e1-397819d27987.9aec1ad7-43b1-493e-a2a5-5e3552f26210,https://store-images.s-microsoft.com/image/apps.59557.14284539721983751.8ae816a8-2b51-4325-8e2c-ad5b564beefd.735bda98-0f36-4bf6-b1d8-70665dd8c806,https://store-images.s-microsoft.com/image/apps.30429.14284539721983751.4a788a8d-0bcc-41c7-9285-bee17556b481.842440fd-1a82-4e9b-9528-2b982205846c,https://store-images.s-microsoft.com/image/apps.46756.14284539721983751.be5b5e2d-d433-4fb7-b5e1-397819d27987.2582608b-1de3-4a92-a427-bbe104a778e0,https://store-images.s-microsoft.com/image/apps.3538.14284539721983751.be5b5e2d-d433-4fb7-b5e1-397819d27987.70f28479-bbae-49d1-9305-e93dfa53d35b,https://store-images.s-microsoft.com/image/apps.41764.14284539721983751.8ae816a8-2b51-4325-8e2c-ad5b564beefd.21e92fe0-192b-422a-aaaa-370a9b6c7676,https://store-images.s-microsoft.com/image/apps.7149.14284539721983751.272d1da9-18fc-4d8f-8db7-e2a62547e1c1.efa0373a-b23e-4983-b9f5-aae0a515aa5c,https://store-images.s-microsoft.com/image/apps.30638.14284539721983751.4a788a8d-0bcc-41c7-9285-bee17556b481.1994ad48-a426-494f-a107-556b29a073cf,https://store-images.s-microsoft.com/image/apps.65365.14284539721983751.8ae816a8-2b51-4325-8e2c-ad5b564beefd.8993721b-759d-418d-bb0a-0412b6677732,https://store-images.s-microsoft.com/image/apps.51211.14284539721983751.272d1da9-18fc-4d8f-8db7-e2a62547e1c1.e3b0c75c-d55f-4ca6-801a-6d9fa0688f22","액션,어드벤처",xbox
SHINOBI 복수의 참격,http://www.xbox.com/ko-KR/games/store/shinobi/9N26QS8MPTT9/0017,2025-8-29,https://store-images.s-microsoft.com/image/apps.28062.13961931319111556.bc5123bd-f74d-4d6b-9c21-99aba76bc17d.7b211f94-c21b-4f56-bd4e-41759ee43ff8,"【예약 특전】
・예약 접수 중 10% OFF
・조 무사시 추가 의상 '오리지널 아케이드 의상' (게임 내 아이템)
・추가 부적 '축복' (게임 내 아이템)
※2025년 8월 29일 12:59(KST)까지 예약 구매 한 경우 본 특전이 동봉됩니다.


■게임 설명
히트작 『베어너클 4』의 개발 스튜디오가 선사하는 새로운 닌자 액션 게임. 복수심에 불타는 한 시노비의 서사가 핸드 드로잉 터치의 아트 스타일로 섬세하고 선명하게 그려진다.

■줄거리
시노비의 정점에 이른 닌자 '조 무사시'는 전소된 마을과 돌로 변한 동료들을 눈앞에서 목격하고 복수의 여정에 나선다. 거대한 악에 맞서 동료들의 원수를 갚기 위해서…

■시노비의 기술을 갈고닦아라
검과 쿠나이, 인술, 인법 그리고 조 무사시의 능력을 확장시키는 부적을 자유롭게 사용하여 적을 쓰러뜨려라. 상황에 따라 다양한 기술을 선택하고 자신만의 배틀 스타일로 콤보를 펼치자. 매끄럽고 약동감 있는 애니메이션과 속도감 넘치는 액션이 융합하여 유일무이한 통쾌함을 맛볼 수 있다.

■핸드 드로잉 터치로 그려지는 아름다운 세계
군사 기지부터 작열하는 사막까지, 길을 떠난 조 무사시 앞에 펼쳐지는 각양각색의 스테이지. 수작업으로 밀도 있게 표현된 세계가 그의 여로를 물들인다.
또한, 도중에는 다양한 인술을 구사하여 눈앞의 난관을 극복하고 숨겨진 신규 루트를 발견하는 등, 만족스러운 플랫폼 액션도 즐길 수 있다.

※본 상품은 게임 본편 단품이며, 게임 본편과 추가 콘텐츠가 포함된 세트 상품은 별도로 판매되고 있습니다. 중복 구매에 유의하시기 바랍니다.
※내용 및 사양은 예고 없이 변경될 수 있습니다.",SHINOBI 복수의 참격,Lizardcube,"https://store-images.s-microsoft.com/image/apps.28062.13961931319111556.bc5123bd-f74d-4d6b-9c21-99aba76bc17d.7b211f94-c21b-4f56-bd4e-41759ee43ff8,https://store-images.s-microsoft.com/image/apps.46669.13961931319111556.bc5123bd-f74d-4d6b-9c21-99aba76bc17d.652f195d-fb4e-4195-896d-883d4ca21f59,https://store-images.s-microsoft.com/image/apps.20235.13961931319111556.bc5123bd-f74d-4d6b-9c21-99aba76bc17d.6bb0fa99-cca6-470d-a529-df8b2f9772e7,https://store-images.s-microsoft.com/image/apps.43053.13961931319111556.bc5123bd-f74d-4d6b-9c21-99aba76bc17d.ed3c11c8-5921-45e7-8446-5024646eac92,https://store-images.s-microsoft.com/image/apps.9328.13961931319111556.bc5123bd-f74d-4d6b-9c21-99aba76bc17d.0c7d6647-c5cb-481a-bb8c-177700c249b3,https://store-images.s-microsoft.com/image/apps.17129.13961931319111556.bc5123bd-f74d-4d6b-9c21-99aba76bc17d.e606338b-8d50-4d16-bef2-4381bcabc5c3,https://store-images.s-microsoft.com/image/apps.14521.13961931319111556.bc5123bd-f74d-4d6b-9c21-99aba76bc17d.c4059ca1-7626-44f3-b932-ee7999207e9d,https://store-images.s-microsoft.com/image/apps.16961.13961931319111556.bc5123bd-f74d-4d6b-9c21-99aba76bc17d.28df2afe-c107-417d-bd04-1dbaceaf67ce","액션,어드벤처",xbox
Daemon X Machina: Titanic Scion,http://www.xbox.com/ko-KR/games/store/daemon-x-machina-titanic-scion/9NX6WMX7JP1W/0017,2025-9-5,https://store-images.s-microsoft.com/image/apps.37409.14103330610324771.6a646283-3ced-4bd5-b7fd-134964d22c9c.c35fd48b-c10f-4d33-a61e-ca8416ac6b4f,"새로운 전쟁이 여기에서。
「DAEMON X MACHINA」시리즈 최신작 등장。


다양한 장비를 조합하여 만들어낸 아스널을 장착하고, 총성과 포효로 가득한 전장 속에 몸을 던지는 메카닉 액션 게임입니다. 
자신만의 스타일로 자유롭게 커스터마이징한 기체를 타고, 지상과 공중을 넘나들며 펼쳐지는 필드를 누비도록 완전한 해방감. 거기에 더해, 다양한 병기를 구사하여 적을 격파하는 상쾌감까지 즐길 수 있습니다. 
다른 플레이어와 함께 스토리나 보스 배틀 등 다채로운 협력 플레이를 즐길 수 있는 온라인 모드도 지원합니다.
전작을 플레이했던 유저도, 이번 작품부터 시작하는 유저도 자신의 스타일로 싸울 수 있는 ""DAEMON X MACHINA"" 시리즈의 최신작입니다.

◆이모탈이 지배하는 필드를 자유롭게 누벼라
끊임없이 펼쳐진 필드에는 다양한 오더와 몰려오는 이모탈의 위협이 당신을 기다리고 있다.오더의 달성, 필드의 탐색, 장비 수집 등 무엇을 할 것인지는 당신의 손에 달렸다. 
아스널을 장착하고 자유롭게 필드를 누비자. 


◆다양한 병기과 입체적인 액션이 만들어내는 상쾌감 넘치는 배틀
블레이드와 같은 근접 장비로 기동성을 살려 공격하거나, 미사일이나 레일건 등의 중화기로 정면 돌파, 때로는 쓰러뜨린 적의 장비를 실시간으로 장착하여 싸우는 등 전투 방식이 다양하다. 
다양한 병기를 구사하여 종횡무진으로 적들을 구축하러 가는 아머 슈트만의 상쾌감도 즐길 수 있다. 


◆300종류 이상의 장비로 구현하는 나만의 아스널
외부 장갑 [아스널]은 아머의 조합에 따라 기동력이나 방어력 등 기체 성능이 달라진다. 
5개의 아머 부위와 최대 6개의 무장, 그리고 특수 효과를 부여하는 어태치먼트를 조합하여 자신만의 배틀 스타일에 맞는 기체를 만들 수 있다.","Daemon X Machina: Titanic Scion,DAEMON X MACHINA TITANIC SCION",Marvelous Inc.,"https://store-images.s-microsoft.com/image/apps.37409.14103330610324771.6a646283-3ced-4bd5-b7fd-134964d22c9c.c35fd48b-c10f-4d33-a61e-ca8416ac6b4f,https://store-images.s-microsoft.com/image/apps.13.14103330610324771.6a646283-3ced-4bd5-b7fd-134964d22c9c.483b3cb9-dbc7-4a65-a353-1949d1ba68f1,https://store-images.s-microsoft.com/image/apps.42360.14103330610324771.6a646283-3ced-4bd5-b7fd-134964d22c9c.fe2b0ad1-abc0-41ba-8ed3-6011ab98fd60,https://store-images.s-microsoft.com/image/apps.62047.14103330610324771.6a646283-3ced-4bd5-b7fd-134964d22c9c.60c56d51-6774-4911-995e-1de2c1d6c425,https://store-images.s-microsoft.com/image/apps.28264.14103330610324771.6a646283-3ced-4bd5-b7fd-134964d22c9c.702fd9f4-5a74-4461-946e-b52892ffccbd,https://store-images.s-microsoft.com/image/apps.58567.14103330610324771.6a646283-3ced-4bd5-b7fd-134964d22c9c.2ae3eb7f-0ccc-4d93-b1d4-4c9a4d38c0c8","액션,어드벤처",xbox
Borderlands 4,http://www.xbox.com/ko-KR/games/store/4/9NVSKL161M60/0017,2025-9-12,https://store-images.s-microsoft.com/image/apps.38462.13829715190335063.93631ad9-f1ab-4e1a-81bf-cc7226df9ed8.70d548e9-2bd6-409a-8220-4afa9c022470,"2025년 9월 12일에 찾아오는 보더랜드 4에서는 무자비한 폭군이 지배하는 새로운 행성에서 화끈한 액션과 배드애스 볼트 헌터, 셀 수 없이 다양한 기상천외하고 치명적인 무기를 만나볼 수 있습니다.

부와 명예를 쫓는 네 명의 새로운 볼트 헌터 중 한 명이 되어 카이로스에 온몸으로 부딪혀 보세요. 강력한 액션 스킬을 휘두르고, 무궁무진한 스킬 트리로 빌드를 커스터마이징해 화려한 이동 능력으로 적들을 압도하세요.

저 멀리 높은 자리에서 민중을 내려다보며 지배하는 무자비하고 억압적인 독재자 '타임키퍼'에게서 벗어나세요. 물 흐르듯 자연스러운 게임 플레이를 자랑하는 보더랜드의 세계에서 카이로스의 민중들을 단합하고 혁명의 불씨를 피워보세요.

무적의 배드애스
적들을 향해 기상천외한 새로운 무기들을 마음껏 발사하며 천하무적이 된 듯한 기분을 만끽해 보세요. 더블 점프, 활공, 회피, 고정 지점 잡기 등 다양한 움직임을 통해 완전히 새로운 방식으로 보더랜드를 경험하고 어떤 방향에서든 날렵하게 적들의 숨통을 끊어버리세요. 볼트 헌터의 특별한 능력을 발휘하는 강력한 액션 스킬을 사용하여 모든 전투에서 적들을 산산조각 내 버리세요. 다양한 선택지를 제공하는 스킬 트리로 나만의 드림 빌드를 완성하고, 폭발적인 무기와 강력한 장비로 가득한 전리품을 찾아 떠나보세요.

솔로 또는 협동 플레이로 즐기는 전투
카이로스를 종횡무진하는 여정은 혼자서도 즐겁지만, 2인 화면 분할이나 4인 온라인 협동 플레이로 친구들과 함께할 때 한층 더 즐거워집니다. 레벨 자동 조정과 개별 난이도를 통해 친구들과 함께 전리품을 찾아 떠나고, 임무를 수행하거나 정처 없이 떠돌며 즐거운 시간을 보내 보세요.

한층 더 광활하고 자유로워진 환경
쉴 새 없이 교전을 벌이는 무리들로 가득한 광활하고 위험한 세계를 자유롭게 탐험해 보세요. 호버 바이크에 올라타 잊지 못할 캐릭터들과 무시무시한 적, 신명 나는 이벤트, 흥미로운 퀘스트로 가득한 무성한 들판과 높디높은 고지, 위험이 도사리는 사막을 달려보세요.","Borderlands 4,보더랜드 4",Gearbox,"https://store-images.s-microsoft.com/image/apps.38462.13829715190335063.93631ad9-f1ab-4e1a-81bf-cc7226df9ed8.70d548e9-2bd6-409a-8220-4afa9c022470,https://store-images.s-microsoft.com/image/apps.47546.13829715190335063.93631ad9-f1ab-4e1a-81bf-cc7226df9ed8.370bf5f5-7c9f-4b1f-9500-c81ed9a71e76,https://store-images.s-microsoft.com/image/apps.41388.13829715190335063.93631ad9-f1ab-4e1a-81bf-cc7226df9ed8.8b8c0170-42c6-4788-bc1c-78b46dded41b,https://store-images.s-microsoft.com/image/apps.5799.13829715190335063.83a84534-9273-402e-b8d6-2db00b6f1753.a6ac5930-386c-4210-a65e-6f6d0212cbcc,https://store-images.s-microsoft.com/image/apps.64014.13829715190335063.83a84534-9273-402e-b8d6-2db00b6f1753.5eeac450-32bd-473b-a9cc-b0334e502f8b,https://store-images.s-microsoft.com/image/apps.34978.13829715190335063.93631ad9-f1ab-4e1a-81bf-cc7226df9ed8.2786bb82-d043-4d19-b171-30337b9c4564,https://store-images.s-microsoft.com/image/apps.56694.13829715190335063.83a84534-9273-402e-b8d6-2db00b6f1753.2f2bddaa-5ad5-48fe-8376-d6f46e767e77,https://store-images.s-microsoft.com/image/apps.44256.13829715190335063.93631ad9-f1ab-4e1a-81bf-cc7226df9ed8.bec8ddf2-4721-4cfc-bcf8-ac71ffa98362,https://store-images.s-microsoft.com/image/apps.24360.13829715190335063.93631ad9-f1ab-4e1a-81bf-cc7226df9ed8.2e950f62-1327-4535-8dc9-c7b6745e5410,https://store-images.s-microsoft.com/image/apps.19189.13829715190335063.93631ad9-f1ab-4e1a-81bf-cc7226df9ed8.af048c32-12c1-4934-8c97-58c7d6763efa,https://store-images.s-microsoft.com/image/apps.35126.13829715190335063.83a84534-9273-402e-b8d6-2db00b6f1753.e12e87ab-5392-4187-bdf8-be84d94f98ae,https://store-images.s-microsoft.com/image/apps.33366.13829715190335063.83a84534-9273-402e-b8d6-2db00b6f1753.bac072e2-16b0-418c-886a-710fe73c699d","슈팅,액션,어드벤처,롤플레잉",xbox
Towa and the Guardians of the Sacred Tree,http://www.xbox.com/ko-KR/games/store/7yag7jma7jmaioyloouqqeyxkcdshkdtg53rsjvsnyag7jwe7j2065ok/9PM71SBXBBVJ/0017,2025-9-18,https://store-images.s-microsoft.com/image/apps.1666.14541478927007358.87d9d54a-ac0e-4443-bd90-6e6cbe8194ea.6942ebd5-dbf5-4afe-b4af-ef0c47f0c2ee,"※본 상품은 「일반판」입니다. 그 밖에도 「디지털 디럭스 에디션」을 별도로 판매 중이므로 중복 구매에 주의하십시오.

【게임 내용】

『기도는 영원히 시간은 아득히』

이야기의 무대는 모든 악의 근원인 마가츠의 힘 때문에 “마나”가 고갈되어 버린 신주 마을. 신의 아이 토와와 신관들은 마을의 평화를 되찾기 위해 마가츠를 토벌하고자 던전으로 향한다. 때로는 만남과 함께, 때로는 이별과 함께. 토와와 신관들과 마을 사람들이 자아내는 액션 어드벤처 게임. 

◆던전
8명의 신관 중 2명을 선택, 쿼터뷰 방식의 액션으로 방에 있는 적을 소탕하자. 방을 정리하면 무작위로 “은총”이 발생하여 능력이 강화, 마가츠가 있는 최심부로 향하자.

◆신주 마을
던전에서 입수한 소재를 신주 마을에 가지고 오자. 소재는 다양한 기초 능력 향상에 사용할 수 있다. 또한 던전에서 사용할 칼을 만드는 「대장간」에서 더욱 강한 칼을 만들어 도전하자.

◆시대 진행 
던전을 클리어하면 신주 마을의 “시간”이 흐르고 이야기가 진행된다. 
시간의 흐름에 따라 변화하는 문명과 다양한 인간 묘사가 그려지는 독특한 분위기의 이야기를 즐길 수 있다.

※본 제품은 최대 2명까지 멀티 플레이를 즐길 수 있습니다. 멀티 플레이는 플레이어 한 사람 당 컨트롤러 1개가 필요합니다.","Towa and the Guardians of the Sacred Tree,토와와 신목에 선택받은 아이들",Brownies Inc.,"https://store-images.s-microsoft.com/image/apps.1666.14541478927007358.87d9d54a-ac0e-4443-bd90-6e6cbe8194ea.6942ebd5-dbf5-4afe-b4af-ef0c47f0c2ee,https://store-images.s-microsoft.com/image/apps.37400.14541478927007358.87d9d54a-ac0e-4443-bd90-6e6cbe8194ea.fa5775a9-8a3c-4062-a0c6-89dceb1138f1,https://store-images.s-microsoft.com/image/apps.22497.14541478927007358.87d9d54a-ac0e-4443-bd90-6e6cbe8194ea.ff4ec627-a4b9-4554-99f8-57438647508c,https://store-images.s-microsoft.com/image/apps.62570.14541478927007358.87d9d54a-ac0e-4443-bd90-6e6cbe8194ea.a9cd91a5-c034-4c00-a882-3e696fa7b4a2,https://store-images.s-microsoft.com/image/apps.58977.14541478927007358.87d9d54a-ac0e-4443-bd90-6e6cbe8194ea.d2574225-0e1e-470b-a8b8-214e073f9e68,https://store-images.s-microsoft.com/image/apps.60795.14541478927007358.87d9d54a-ac0e-4443-bd90-6e6cbe8194ea.8c6ac1bd-96fe-49a3-adb1-71ab3e130cdd,https://store-images.s-microsoft.com/image/apps.14271.14541478927007358.87d9d54a-ac0e-4443-bd90-6e6cbe8194ea.b77fc3c6-d687-4e16-ae6a-47fe63dc3bd5,https://store-images.s-microsoft.com/image/apps.56948.14541478927007358.87d9d54a-ac0e-4443-bd90-6e6cbe8194ea.be7ad71d-e3c9-420e-84c0-0c0b2b24bb62,https://store-images.s-microsoft.com/image/apps.26236.14541478927007358.87d9d54a-ac0e-4443-bd90-6e6cbe8194ea.ca9a058e-5b6d-412a-9193-0276851cbfc6,https://store-images.s-microsoft.com/image/apps.6547.14541478927007358.87d9d54a-ac0e-4443-bd90-6e6cbe8194ea.42ff677e-d44f-4b73-8fbd-2c8e9e1abfa0","액션,어드벤처",xbox
SILENT HILL f,http://www.xbox.com/ko-KR/games/store/silent-hill-f/9NWTMTLS2ZPB/0017,2025-9-25,https://store-images.s-microsoft.com/image/apps.50273.14030507256335121.37297f0c-a143-4cfa-a9bd-a369dc3c798c.aa31531b-9e3d-4a71-acbe-56588c753530,"《예약 구매 특전》
●흰색 교복(※1)
●부적 【모란】(※2)
●아이템 팩(※3)

※1
히나코의 외형을 변경할 수 있는 의상입니다.
게임 내 '사당'의 '갈아입기' 메뉴에서 변경할 수 있습니다.

※2
히나코가 장비할 수 있는 아이템입니다.
게임 내 '사당'의 '특전 받기' 메뉴에서 획득할 수 있습니다.
'특전 받기'는 게임 진행도에 따라 열립니다.

※3
소비 아이템이 3개 포함된 팩입니다. 한 번만 받을 수 있습니다.
게임 내 '사당'의 '특전 받기' 메뉴에서 획득할 수 있습니다.
'특전 받기'는 게임 진행도에 따라 열립니다.
《아이템 팩 내용》
·바싹 마른 유부 x1
·신수 x1
·구급상자 x1

※주의 사항
별도 판매되는 ""SILENT HILL f - Deluxe Upgrade""에는 해당 특전이 포함되지 않으므로 주의해 주세요.


미련. 갈등. 후회. 피할 수 없는 선택. 그리고 자신의 죄.
그것과 마주할 수 없는 자들은 짙은 안개 속 세상을 떠돈다……

무시무시한 심상 풍경이 구현된 세계와 크리처가 특징인
공포와 광기의 사이콜로지컬 호러 'SILENT HILL' 시리즈 최신작.

일본을 무대로 한 새로운 ""사이콜로지컬 호러""가 시작된다.

<줄거리>
옛 시절. 한 지방의 산간에 위치한 쓸쓸한 시골 마을 에비스가오카에 사는 고등학생 시미즈 히나코.
그녀의 일상은 흐릿한 잿빛이기는 해도 사춘기다운 평범한 나날이었다.

그러나 그 평범한 일상은 갑작스럽게 무너진다.
익숙했던 마을은 안개에 둘러싸여 오싹하게 변해 간다.
인기척은 사라지고 대신 안개 속에서 기괴한 무언가가 꿈틀거린다.

변모한 마을을 탐색하고 수수께끼를 풀며 몸을 지키기 위해 싸우고 살아남아라.

마주해야만 하는 선택과 마주하기 위해서.
그리고 죽여야만 하는 자를 죽이기 위해서.

그녀가 택한 것은 아름다운 선택인가?
아니면 소름 끼치는 선택인가?

아름답고도 오싹한 선택에 관한 이야기.


이 게임에는
성차별과 아동 학대, 괴롭힘, 약물에 의한 환각, 고문, 심한 폭력 표현이 포함되어 있습니다.

본 작품은 1960년대를 무대로 하고 있기에 당시의 세대상과 관습에 기초한 표현을 사용했으며
제작 회사 및 개인의 가치관을 반영하지 않았습니다.

게임 도중 불쾌감을 느끼셨을 경우에는
즉시 플레이를 중단하고 휴식을 취하거나 주변 사람에게 상담해 주십시오.",SILENT HILL f,NeoBards Entertainment Ltd.,"https://store-images.s-microsoft.com/image/apps.50273.14030507256335121.37297f0c-a143-4cfa-a9bd-a369dc3c798c.aa31531b-9e3d-4a71-acbe-56588c753530,https://store-images.s-microsoft.com/image/apps.63130.14030507256335121.37297f0c-a143-4cfa-a9bd-a369dc3c798c.fdb72225-1d8d-4251-b2ec-0de41745c219,https://store-images.s-microsoft.com/image/apps.33001.14030507256335121.37297f0c-a143-4cfa-a9bd-a369dc3c798c.585cf458-d8c2-46ed-9fc6-d4d7f8a7765c,https://store-images.s-microsoft.com/image/apps.61385.14030507256335121.37297f0c-a143-4cfa-a9bd-a369dc3c798c.ceb41c23-c0e8-4bca-9cd6-526170caf5ae,https://store-images.s-microsoft.com/image/apps.55810.14030507256335121.37297f0c-a143-4cfa-a9bd-a369dc3c798c.6dc1783a-9f94-4f67-9275-4e70377bb726,https://store-images.s-microsoft.com/image/apps.44044.14030507256335121.37297f0c-a143-4cfa-a9bd-a369dc3c798c.c08a48ad-6b97-4ba6-b177-97b629b83a93,https://store-images.s-microsoft.com/image/apps.33755.14030507256335121.37297f0c-a143-4cfa-a9bd-a369dc3c798c.f14b71c6-cb33-4032-846a-8402676b3186,https://store-images.s-microsoft.com/image/apps.7917.14030507256335121.37297f0c-a143-4cfa-a9bd-a369dc3c798c.4ed2b36c-aa41-4f7f-9852-d6215f9ec0dc,https://store-images.s-microsoft.com/image/apps.21288.14030507256335121.37297f0c-a143-4cfa-a9bd-a369dc3c798c.8db58756-8772-4877-b0e5-317db4cf6a4c","액션,어드벤처",xbox
Sonic Racing: CrossWorlds,http://www.xbox.com/ko-KR/games/store/7iam64ujiougioydtoylssdtgazrozzsiqtsm5trk5w/9NMR17QTLC33/0017,2025-9-25,https://store-images.s-microsoft.com/image/apps.17529.13671516808303266.cadfae29-980e-456c-9efd-0f1bf992ff64.fe03da83-65c4-46be-804f-db41452a44d8,"똑같은 레이스란 없다! 『소닉 레이싱 크로스월드』로 체험하는 예측 불능 경이로운 레이스 배틀!
육지, 바다, 하늘, 우주… 그리고 '트래블 링' 너머의 새로운 세계로.
궁극의 머신을 만들고 파워 업 아이템을 사용하여 나만의 플레이 스타일을 추구하자!
다양한 온라인 & 오프라인 모드로 전 세계 플레이어와 협력, 대전하여 승리를 거머쥐어라!","Sonic Racing: CrossWorlds,소닉 레이싱 크로스월드",Sonic Team,"https://store-images.s-microsoft.com/image/apps.17529.13671516808303266.cadfae29-980e-456c-9efd-0f1bf992ff64.fe03da83-65c4-46be-804f-db41452a44d8,https://store-images.s-microsoft.com/image/apps.2135.13671516808303266.537be858-6c24-4fc9-813a-70a2063441cd.3b3e23f7-ebda-4c5d-a4df-1467786ae063,https://store-images.s-microsoft.com/image/apps.23173.13671516808303266.cadfae29-980e-456c-9efd-0f1bf992ff64.f2e08813-8ee8-48fd-9fd6-8cd253f743ad,https://store-images.s-microsoft.com/image/apps.27914.13671516808303266.cadfae29-980e-456c-9efd-0f1bf992ff64.ebe16749-0dd4-40c5-ad16-a3e111203dd4,https://store-images.s-microsoft.com/image/apps.20824.13671516808303266.cadfae29-980e-456c-9efd-0f1bf992ff64.1814d3d0-ae54-4569-b593-318054d8e948,https://store-images.s-microsoft.com/image/apps.43301.13671516808303266.cadfae29-980e-456c-9efd-0f1bf992ff64.6f8a2b5f-9c5a-4b27-a63d-c564d11de547,https://store-images.s-microsoft.com/image/apps.41054.13671516808303266.cadfae29-980e-456c-9efd-0f1bf992ff64.9b92959f-2271-4616-bb80-28cc18c727b3","액션,어드벤처,가족,어린이,레이싱,비행",xbox
FINAL FANTASY TACTICS - The Ivalice Chronicles,http://www.xbox.com/ko-KR/games/store/final-fantasy-tactics-the-ivalice-chronicles/9N77PJQW22BX/0017,2025-9-30,https://store-images.s-microsoft.com/image/apps.33886.13883148504350032.93dd6e07-0f46-4bbc-bb33-a66e2d85dcb1.8aa9967f-5afd-4ade-a3b3-cf3d38c0ea32,"■스토리
태양과 성스러운 빛의 수호를 받는, 두 마리의 사자가 통치하는 국가 Ivalice.
이웃 국가인 Ordallia와의 전쟁 “The Fifty Years' War”에서 패전한 후 1년이 지나고, 선대 왕이 병사하면서 겨우 2살에 불과한 어린 왕자가 즉위한다.
그 후견인 자리와 실권을 둘러싸고 “The Fifty Years' War”에서 무훈을 세웠던 두 명의 장군, Duke Druksmald Goltanna와 Duke Bestrald Larg 사이에서 팽팽한 긴장감이 고조된다. 
흑사자를 문장으로 삼는 Duke Druksmald Goltanna와 백사자를 문장으로 삼는 Duke Bestrald Larg.
두 장군의 치열한 격돌은 훗날 “The War of the Lions”이라 불리게 된다.
Ivalice를 대표하는 무가인 Beoulve 가문의 삼남으로 태어난 Ramza, 그리고 평민 출신이면서도 Ramza의 소꿉친구로서 함께 성장한 Delita.
두 사람이 걷는 운명의 길 역시 시대의 거대한 소용돌이에 휘말리게 된다.

■배틀 시스템
위치 선정과 전술 예측이 승리로 이어지는 긴장감 넘치는 전략 시뮬레이션.
높이차가 존재하는 3D 맵의 특징과 각 유닛의 행동 순서를 전략적으로 활용하며, 전투를 승리로 이끌어라.

■빌드와 육성
여러 잡과 어빌리티를 활용한 다채로운 전술을 펼칠 수 있다.
각 캐릭터를 성장시켜, 다양한 잡으로 변경하는 것도 가능하다. 각 잡은 저마다 특징적인 어빌리티를 습득할 수 있으며, 습득한 어빌리티는 다른 잡에서도 설정할 수 있다. 잡과 수백 종류의 어빌리티를 조합해, 자신만의 전술을 탄생시키자.
백마도사, 흑마도사, 용기사 등 「FINAL FANTASY」 시리즈의 대표적인 잡을 포함해, 20종류가 넘는 개성적인 잡이 등장. 이와 더불어 초코보 등과 같은 몬스터도 동료로 만들어 파티에 편성할 수 있다.

■두 가지 버전 - Enhanced Version 및 Classic Version
뛰어난 몰입감과 쾌적한 플레이를 위한 「Enhanced Version」, 과거의 추억을 그대로 불러일으키는 「Classic Version」 중에서 선택할 수 있다.
「Enhanced Version」에서는 더욱 아름다워진 그래픽과 더불어, 풀 보이스 대응을 통해 Ivalice의 세계에 더욱 깊이 몰입할 수 있게 되었다.
또한, 일부 시스템 및 배틀에서 플레이가 더욱 쾌적해졌으며, 처음 플레이하더라도 어렵지 않게 진행할 수 있는 난이도 「Squire」가 추가되었다.
한편, 1997년에 발매된 오리지널 버전을 충실하게 재현한 「Classic Version」도 추가되었다.",FINAL FANTASY TACTICS - The Ivalice Chronicles,SQUARE ENIX,"https://store-images.s-microsoft.com/image/apps.33886.13883148504350032.93dd6e07-0f46-4bbc-bb33-a66e2d85dcb1.8aa9967f-5afd-4ade-a3b3-cf3d38c0ea32,https://store-images.s-microsoft.com/image/apps.63551.13883148504350032.93dd6e07-0f46-4bbc-bb33-a66e2d85dcb1.03a84e9c-007e-4784-94c5-7c38582b2696,https://store-images.s-microsoft.com/image/apps.54516.13883148504350032.93dd6e07-0f46-4bbc-bb33-a66e2d85dcb1.b5093a8c-ebef-49b4-b798-4564a726aa60,https://store-images.s-microsoft.com/image/apps.6401.13883148504350032.93dd6e07-0f46-4bbc-bb33-a66e2d85dcb1.1731bd7c-a51d-4d24-8b84-10d20ab8919e,https://store-images.s-microsoft.com/image/apps.33468.13883148504350032.93dd6e07-0f46-4bbc-bb33-a66e2d85dcb1.1133d63d-b178-4890-8da5-9553cbbedfc1,https://store-images.s-microsoft.com/image/apps.62419.13883148504350032.93dd6e07-0f46-4bbc-bb33-a66e2d85dcb1.7b1a6c10-e0a3-4afb-9878-d6d41f61c646","롤플레잉,시뮬레이션",xbox
Jurassic World Evolution 3,http://www.xbox.com/ko-KR/games/store/3/9N8JS11V1F8M/0017,2025-10-21,https://store-images.s-microsoft.com/image/apps.28965.14430340622751764.c415a8ac-16b1-42ce-b087-a6256b8d0b36.d979e098-2390-4ea0-8e8f-e2ef6cbdeaff,"수상 경력에 빛나는 시리즈의 신작 쥬라기 월드 에볼루션 3에서는 여러 건물을 관리하고 나만의 쥬라기 공원을 운영하게 됩니다. 

선사시대의 종을 합성하고, 번식시키고, 육성하여 생명이 스스로 살 길을 찾도록 도와주세요. 각 종을 관리하여 번영하도록 하고, 공룡들이 가족을 이루어 유전자를 다음 세대로 전달할 수 있게 도와주세요.

공룡들이 번성할 수 있는 놀라운 안식처를 만들어주고, 방문객들을 놀라게 할 흥미로운 새로운 명소를 건설하며, 재난이 닥쳤을 때에도 상황을 잘 관리하세요.

공룡 세대 육성
경외심을 불러일으키는 선사시대 생물 80종 가운데 75종을 관리 및 번식시켜 여러 세대를 온전히 거치며 가족을 육성할 수 있습니다. 장난기 많은 아성체를 입이 떡 벌어질 만한 성체로 길러내세요.종마다 뚜렷한 암컷, 수컷, 아성체 종류가 있습니다.

공원 방문객들은 이 장엄한 생물들이 주변의 생동감 넘치는 세계와 사회화하고 반응하는 모습을 보고 놀라워할 것입니다.

특별한 사회적 요구를 관리하고 새로운 행동을 관찰해보세요. 반수생 공룡들이 깊은 물 속으로 탐험을 떠나고, 익룡들이 땅 위를 걷는 모습을 지켜볼 수 있습니다.

진화한 창의성
쥬라기 월드 에볼루션 시리즈에서 사상 최초로 선보이는 새로운 제작 도구로 입이 떡 벌어지는 공원을 만들어보세요! 혁신적인 지형 편집에서 모듈식 풍경 사용자 지정까지, 맨땅에서부터 공원의 모든 요소를 만들고 조정할 수 있습니다.

가파른 절벽과 풍경을 활용해 자연스러운 우리가 있는 현장을 만들고, 열기구 투어 같은 멋진 신규 관람 명소를 도입하고, 공룡과의 만남을 통해 관람객들이 선사시대 동물을 보고 만질 수 있는 근거리 관람 명소를 추가하는 등 다양한 콘텐츠를 선보이세요!  

Frontier 창작마당을 사용해 크로스 플랫폼으로 창작물을 제작, 업로드 및 공유할 수 있습니다. 커뮤니티 최고의 창작물을 살펴보고 내 게임에 배치하거나, 나만의 공원, 건물, 우리를 만들어 다른 플레이어가 사용할 수 있도록 공유하세요.

전 세계를 넘나드는 장대한 캠페인
이안 말콤 박사 와 같은 쥬라기 공원 프랜차이즈의 익숙한 인물들과 함께 전 세계를 배경으로 펼쳐지는 비선형적 캠페인에 뛰어드세요. 몬태나 불모지와 같은 상징적인 장소는 물론, 일본과 같은 새로운 장소에서도 스릴 넘치는 새로운 도전이 기다립니다. 경쟁적인 인간의 이익과 오늘날의 세계에 공룡을 통합한다는 섬세한 작업 간 균형을 맞추며 결정을 내리다 보면 매 순간 공원 관리 실력이 시험대에 오르기 마련입니다.

영향력 있는 세 사업 부문과 평판을 잘 쌓아야 하며, 현장을 소유한 고객의 독특한 요구도 충족해야 하죠. 조심하세요. 모두가 공룡이 번영하는 걸 바라는 것은 아닙니다.

혼돈 관리
우수하고 간편한 공원 관리 도구를 활용해 현장을 최대한 효율적으로 운영하고, 공원의 운영을 완벽하게 제어하세요.

하지만 혼돈은 피할 수 없는 법이죠. 탈출한 공룡에 신속히 대응할 수 있도록 새로운 보안 카메라를 설치하고, 유지보수 팀을 배치해 현장에서 중요한 수리를 수행하며 위협을 통제하세요.","Jurassic World Evolution 3,쥬라기 월드 에볼루션 3",Frontier Developments,"https://store-images.s-microsoft.com/image/apps.28965.14430340622751764.c415a8ac-16b1-42ce-b087-a6256b8d0b36.d979e098-2390-4ea0-8e8f-e2ef6cbdeaff,https://store-images.s-microsoft.com/image/apps.17692.14430340622751764.c415a8ac-16b1-42ce-b087-a6256b8d0b36.bc591f1e-fb38-4148-a780-bd96312a8ecd,https://store-images.s-microsoft.com/image/apps.20056.14430340622751764.c415a8ac-16b1-42ce-b087-a6256b8d0b36.5772133e-c152-4f0c-bce5-35889e18de3a,https://store-images.s-microsoft.com/image/apps.48985.14430340622751764.c415a8ac-16b1-42ce-b087-a6256b8d0b36.bdd2c8f3-faad-4978-b0d6-9808e2386285,https://store-images.s-microsoft.com/image/apps.28587.14430340622751764.c415a8ac-16b1-42ce-b087-a6256b8d0b36.309b641e-6eca-4fed-8a51-7323c46716b4,https://store-images.s-microsoft.com/image/apps.40712.14430340622751764.c415a8ac-16b1-42ce-b087-a6256b8d0b36.8a9710a4-6ce2-4372-b0d5-0ed544a19fb1,https://store-images.s-microsoft.com/image/apps.40230.14430340622751764.f0cfbf57-44ae-4fb9-93ef-a16e246adc08.3c880f1c-0da5-44e7-bed6-7404291bbeb2,https://store-images.s-microsoft.com/image/apps.827.14430340622751764.f0cfbf57-44ae-4fb9-93ef-a16e246adc08.a81d317d-2edf-460e-ac69-14da00cc5442,https://store-images.s-microsoft.com/image/apps.19625.14430340622751764.f0cfbf57-44ae-4fb9-93ef-a16e246adc08.84bb47e5-2023-428c-96fa-530238408f6a,https://store-images.s-microsoft.com/image/apps.42701.14430340622751764.f0cfbf57-44ae-4fb9-93ef-a16e246adc08.1a05e34b-2793-4ffb-beaf-17c2d1731fd0","시뮬레이션,전략",xbox
Double Dragon Revive,http://www.xbox.com/ko-KR/games/store/642u67iuioutnouemoqzpcdrpqzrsjtsnbtruiwg7jii7jw9io2mkounpcdrsotsoiq/9NGGTKMK3QK6/0017,2025-10-23,https://store-images.s-microsoft.com/image/apps.35803.14054374584937820.9ca5f46e-32d0-45a2-80d8-1ab5020f295c.956a6e5f-3868-4480-8264-957123d6fc68,"【게임 설명】
1987년 오락실에 등장하여 ""벨트 스크롤 액션""을 확립한 걸작 타이틀 ""더블 드래곤"" 시리즈.
지금까지도 많은 게이머에게 영감을 주고 있는 작품이 ""더블 드래곤 리바이브""로 다시 태어난다!

1. 스타일리시하게 향상된 캐릭터 비주얼!
 아케이드 황금기를 빛낸 캐릭터들의 개성을 3D 그래픽으로 재현.
 주인공 리 형제뿐만 아니라 여태껏 맞서싸워온 강적들도 등장한다!

2. ""벨트 스크롤 액션""의 액션 쾌감을 철저하게 추구!
 플레이어가 화면을 좌우로 이동하면서 적을 쓰러트려가는 벨트 스크롤 액션.
 그 심플하면서도 직관적인 게임성을 충실히 재현하면서도 조작감과 난이도를 현세대에 맞게 최적화.
 아크시스템웍스의 격투 게임 제작 스태프가 철저히 감수하여 처음 플레이하는 사람도 쉽게 플레이가 가능!

3. 액션의 상쾌함과 전략성
 본 게임의 전투 액션은 단순히 버튼을 누르는 것이 아닌 다채로운 움직임이 필요!
 적의 행동 패턴을 기억하여 효과적인 공격 타이밍을 노리는 등 전략적 요소가 포함되어 있다.
 각 스테이지에 떨어져 있는 무기나 준비된 기믹을 활용하여 전투를 유리하게 이끌어가자!","Double Dragon Revive,더블 드래곤 리바이브",ARC SYSTEM WORKS,"https://store-images.s-microsoft.com/image/apps.35803.14054374584937820.9ca5f46e-32d0-45a2-80d8-1ab5020f295c.956a6e5f-3868-4480-8264-957123d6fc68,https://store-images.s-microsoft.com/image/apps.52045.14054374584937820.9ca5f46e-32d0-45a2-80d8-1ab5020f295c.38940481-25c5-423d-9c33-bd28cfc1947d,https://store-images.s-microsoft.com/image/apps.47822.14054374584937820.9ca5f46e-32d0-45a2-80d8-1ab5020f295c.3b025470-8050-4e16-bdf9-d150afeb231b,https://store-images.s-microsoft.com/image/apps.23740.14054374584937820.489099b2-78f5-4408-a2f5-a52308927eab.262b3620-f8b1-4451-8c4d-50297c287f74,https://store-images.s-microsoft.com/image/apps.8770.14054374584937820.489099b2-78f5-4408-a2f5-a52308927eab.26df08f9-63f6-4381-b825-c670bff858ab,https://store-images.s-microsoft.com/image/apps.58917.14054374584937820.489099b2-78f5-4408-a2f5-a52308927eab.605df977-c752-447e-806f-ddefd8112faa,https://store-images.s-microsoft.com/image/apps.62843.14054374584937820.489099b2-78f5-4408-a2f5-a52308927eab.3f7c9b3b-9018-4fee-a527-e87a7d2e2d61,https://store-images.s-microsoft.com/image/apps.6322.14054374584937820.9ca5f46e-32d0-45a2-80d8-1ab5020f295c.7ee62b47-d830-4c7e-8dc4-8a22ac597b93,https://store-images.s-microsoft.com/image/apps.5435.14054374584937820.489099b2-78f5-4408-a2f5-a52308927eab.dee8a6b6-0e63-4e53-8071-90f41ee3ef5c,https://store-images.s-microsoft.com/image/apps.65454.14054374584937820.9ca5f46e-32d0-45a2-80d8-1ab5020f295c.0a0458bd-76d8-4b1a-90e4-68f8e57b259a","액션,어드벤처",xbox
DRAGON QUEST I & II HD-2D Remake,http://www.xbox.com/ko-KR/games/store/i-ii-hd-2d-remake/9MT8RHZXFP5M/0017,2025-10-30,https://store-images.s-microsoft.com/image/apps.11415.13607416604066896.ad70e4b4-bf35-4d49-96bf-e0953ae8fe2c.0a21e6cb-0bfc-4622-8d47-fb0c811e3269,"로토의 의지는 계승된다

HD-2D 버전 『드래곤 퀘스트 I & II』
2025년 발매 예정","DRAGON QUEST I & II HD-2D Remake,드래곤 퀘스트 I & II HD-2D Remake",ARTDINK CORPORATION,https://store-images.s-microsoft.com/image/apps.11415.13607416604066896.ad70e4b4-bf35-4d49-96bf-e0953ae8fe2c.0a21e6cb-0bfc-4622-8d47-fb0c811e3269,롤플레잉,xbox
The Outer Worlds 2,http://www.xbox.com/ko-KR/games/store/the-outer-worlds-2-standard-preorder-edition/9NSPRSXXZZLG/0017,2025-10-30,https://store-images.s-microsoft.com/image/apps.33105.14086924108488409.8dd1428c-d108-469c-b8d2-05e105d1cd97.48bd7c06-db49-409a-946d-bec944e825b4,"The Outer Worlds 2는 Obsidian Entertainmen가 선보인, 수상에 빛나는 1인칭 공상 과학 RPG의 간절히 기다려온 속편입니다. 설명만 들어도 엄청난 게임 같지 않나요? 일정을 여유롭게 비워 두고, 새로운 식민지에서 새로운 동료와 함께 새로운 무기를 들고 새로운 적과 맞서는 액션 가득한 모험에 나설 준비를 하세요! 새로운 게 엄청 많네요!

용감하고 그럭저럭 괜찮게 생긴 지구 위원회 요원이 되어 전 인류의 운명을 위협하는 파괴적인 균열의 원인을 밝혀내세요. 스킵 드라이브 기술의 고향인 아카디아에서 조사를 벌이세요. 장점과 단점을 돌아보고, 어떤 동료와 세력을 믿을지 결정하세요. 여러분의 선택에 식민지, 나아가서는 온 우주의 운명이 달려 있습니다.

새로운 개척지를 탐험하세요
보호국의 소위 ‘자애로운 통치’가 종교 집단의 반란과 기업 침공으로 도전받으며, 아카디아 식민지는 세력 간 전쟁에 휩싸였습니다. 파괴적인 균열이 식민지 전체에 퍼져나가고, 각 세력은 저마다의 목적을 위해 균열을 통제하거나 닫고자 싸움을 계속합니다. 다양한 구역을 탐사하고, 숨겨진 이야기를 밝혀내고, 경각에 달한 행성계의 운명을 결정하세요!

나만의 사령관, 나만의 방식
나만의 플레이 스타일에 맞는 능력을 가지고 결정을 내리는 캐릭터를 구축하세요. 여러분의 모든 행보에 따라 식민지는 독특한 이야기를 자아냅니다. 외교의 사도, 약삭빠른 전략가, 혼돈을 부르는 성전사, 아니면 전혀 다른 무언가가 되어 보세요. 물론, 바보가 될 수도 있고요!

동료를 소집하세요
고유한 특성과 배경, 목표를 가진 동료를 모집하세요. 야망을 이루도록 돕든, 내 목표를 위해 이용하든, 여러분의 영향력이 동료의 성장(혹은 죽음)을 결정합니다. 모험에 핵심적인 역할을 하는 그들과 함께 깊이 빠져드는 스토리를 만들어 보세요.",The Outer Worlds 2,Obsidian Entertainment,"https://store-images.s-microsoft.com/image/apps.33105.14086924108488409.8dd1428c-d108-469c-b8d2-05e105d1cd97.48bd7c06-db49-409a-946d-bec944e825b4,https://store-images.s-microsoft.com/image/apps.41745.14086924108488409.8dd1428c-d108-469c-b8d2-05e105d1cd97.34dcacbd-8a27-4ee9-bfa5-2eecce233138,https://store-images.s-microsoft.com/image/apps.40432.14086924108488409.8dd1428c-d108-469c-b8d2-05e105d1cd97.83678e73-add1-4ff1-a4ea-3b74c0b779cb,https://store-images.s-microsoft.com/image/apps.55965.14086924108488409.8dd1428c-d108-469c-b8d2-05e105d1cd97.c227ff99-f4f1-4cc8-8185-57c78e20cc22,https://store-images.s-microsoft.com/image/apps.22308.14086924108488409.8dd1428c-d108-469c-b8d2-05e105d1cd97.6b6ef93c-1559-4802-8329-b11ea3bc71ad,https://store-images.s-microsoft.com/image/apps.49982.14086924108488409.8dd1428c-d108-469c-b8d2-05e105d1cd97.8854b78a-0dc5-4a84-97f9-c77d5b035749,https://store-images.s-microsoft.com/image/apps.46016.14086924108488409.8dd1428c-d108-469c-b8d2-05e105d1cd97.99898e98-1490-420d-b045-39b186239e46,https://store-images.s-microsoft.com/image/apps.13103.14086924108488409.8dd1428c-d108-469c-b8d2-05e105d1cd97.15c44208-c671-4ffa-a605-d89ec89d9a13",롤플레잉,xbox
Anno 117: Pax Romana,http://www.xbox.com/ko-KR/games/store/117/9NFMQ8MP7353/0017,2025-11-13,https://store-images.s-microsoft.com/image/apps.62409.14382645289717684.5af9dfe0-f671-42c7-869c-1d0a27ab2f8d.213db4df-9f3c-4aeb-9c36-5639cd854d5e,"도시 건설 장르를 대표하는 프랜차이즈가 가장 야심찬 콘텐츠와 함께 아노 117: 팍스 로마나로 돌아옵니다. 총독으로서 도시를 건설하고 통치하는 방식에 따라 여러분의 서사와 시민들의 운명, 그리고 지역의 미래가 결정됩니다. 다른 총독들과 힘을 합치거나, 경쟁자들에게 도전하여 자신의 군사적 역량을 증명하는 건 전적으로 여러분의 선택에 달렸습니다. 평화의 대가를 선택하는 건 여러분의 손에 달렸습니다.

최고의 도시 건설 게임을 즐겨보세요
뛰어난 디테일과 유연성, 압도적인 규모로 자신만의 도시를 건설하세요. 아이들이 거리에서 강아지를 쫓아다니는 장면이나 경기장에서 수천 명의 관중이 환호하는 장면을 감상하세요. 아름다운 라티움의 중심지부터 문명화된 로마인들이 발도 붙이기 싫어하는 켈트족의 습지대인 알비온에 이르는 모든 곳에 도시를 건설하세요.

로마의 총독이 되세요
로마 제국의 힘이 절정에 달하던 시절을 배경으로 여러분이 꿈꾸던 도시를 설계하세요. 시민의 요구와 황제의 끝없는 욕심 사이의 적절한 균형점을 찾으세요. 제국 너머의 세력들과 동맹을 맺거나, 전략적인 지상전 및 해상전으로 여러분의 힘을 과시하세요. 심지어는 황제의 명령을 거스를 수도 있습니다. 물론 그에 따르는 대가가 있을 뿐이죠.

도시의 운명을 결정하세요
총독으로서 내리는 모든 결정은 결과에 영향을 미칩니다. 현지 켈트족 문화를 존중하는 것과 로마식 전통을 강요하는 것 중 무엇을 선택하실 건가요? 외교와 무역으로 도시를 성장시키거나 군사력을 동원해 상대를 정복하세요. 여러분이 내리는 결정은 시민과 도시의 미래에만 영향을 주는 것이 아니라, 여러분의 운명에도 영향을 줍니다.",Anno 117: Pax Romana,Ubisoft,"https://store-images.s-microsoft.com/image/apps.62409.14382645289717684.5af9dfe0-f671-42c7-869c-1d0a27ab2f8d.213db4df-9f3c-4aeb-9c36-5639cd854d5e,https://store-images.s-microsoft.com/image/apps.61594.14382645289717684.5af9dfe0-f671-42c7-869c-1d0a27ab2f8d.f6354917-ee3c-4507-abd3-1f20bcb4ab63,https://store-images.s-microsoft.com/image/apps.30007.14382645289717684.5af9dfe0-f671-42c7-869c-1d0a27ab2f8d.b1dab759-bdfe-4e6a-99ad-863aa580d213,https://store-images.s-microsoft.com/image/apps.49729.14382645289717684.5af9dfe0-f671-42c7-869c-1d0a27ab2f8d.78a0bd49-6f2c-4a6d-88a8-f364f3e35742,https://store-images.s-microsoft.com/image/apps.37414.14382645289717684.5af9dfe0-f671-42c7-869c-1d0a27ab2f8d.4c8919bc-30f3-4c13-b7c0-588cf20b181a","전략,시뮬레이션,가족,어린이",xbox
Anno 117: Pax Romana,http://www.xbox.com/ko-KR/games/store/117/9PJ2N7ZWRC9L/0017,2025-11-13,https://store-images.s-microsoft.com/image/apps.62409.14382645289717684.5af9dfe0-f671-42c7-869c-1d0a27ab2f8d.213db4df-9f3c-4aeb-9c36-5639cd854d5e,"도시 건설 장르를 대표하는 프랜차이즈가 가장 야심찬 콘텐츠와 함께 아노 117: 팍스 로마나로 돌아옵니다. 총독으로서 도시를 건설하고 통치하는 방식에 따라 여러분의 서사와 시민들의 운명, 그리고 지역의 미래가 결정됩니다. 다른 총독들과 힘을 합치거나, 경쟁자들에게 도전하여 자신의 군사적 역량을 증명하는 건 전적으로 여러분의 선택에 달렸습니다. 평화의 대가를 선택하는 건 여러분의 손에 달렸습니다.

최고의 도시 건설 게임을 즐겨보세요
뛰어난 디테일과 유연성, 압도적인 규모로 자신만의 도시를 건설하세요. 아이들이 거리에서 강아지를 쫓아다니는 장면이나 경기장에서 수천 명의 관중이 환호하는 장면을 감상하세요. 아름다운 라티움의 중심지부터 문명화된 로마인들이 발도 붙이기 싫어하는 켈트족의 습지대인 알비온에 이르는 모든 곳에 도시를 건설하세요.

로마의 총독이 되세요
로마 제국의 힘이 절정에 달하던 시절을 배경으로 여러분이 꿈꾸던 도시를 설계하세요. 시민의 요구와 황제의 끝없는 욕심 사이의 적절한 균형점을 찾으세요. 제국 너머의 세력들과 동맹을 맺거나, 전략적인 지상전 및 해상전으로 여러분의 힘을 과시하세요. 심지어는 황제의 명령을 거스를 수도 있습니다. 물론 그에 따르는 대가가 있을 뿐이죠.

도시의 운명을 결정하세요
총독으로서 내리는 모든 결정은 결과에 영향을 미칩니다. 현지 켈트족 문화를 존중하는 것과 로마식 전통을 강요하는 것 중 무엇을 선택하실 건가요? 외교와 무역으로 도시를 성장시키거나 군사력을 동원해 상대를 정복하세요. 여러분이 내리는 결정은 시민과 도시의 미래에만 영향을 주는 것이 아니라, 여러분의 운명에도 영향을 줍니다.",Anno 117: Pax Romana,Ubisoft,"https://store-images.s-microsoft.com/image/apps.62409.14382645289717684.5af9dfe0-f671-42c7-869c-1d0a27ab2f8d.213db4df-9f3c-4aeb-9c36-5639cd854d5e,https://store-images.s-microsoft.com/image/apps.61594.14382645289717684.5af9dfe0-f671-42c7-869c-1d0a27ab2f8d.f6354917-ee3c-4507-abd3-1f20bcb4ab63,https://store-images.s-microsoft.com/image/apps.30007.14382645289717684.5af9dfe0-f671-42c7-869c-1d0a27ab2f8d.b1dab759-bdfe-4e6a-99ad-863aa580d213,https://store-images.s-microsoft.com/image/apps.49729.14382645289717684.5af9dfe0-f671-42c7-869c-1d0a27ab2f8d.78a0bd49-6f2c-4a6d-88a8-f364f3e35742,https://store-images.s-microsoft.com/image/apps.37414.14382645289717684.5af9dfe0-f671-42c7-869c-1d0a27ab2f8d.4c8919bc-30f3-4c13-b7c0-588cf20b181a","전략,시뮬레이션,가족,어린이",xbox
