title,pageUrl,url,date,imageurl,description,autokwd,company,screenshot,tag,platform
영화공방 스토리,http://www.xbox.com/ko-KR/games/store/7jib7zmu6ro167cpioykpo2gooumra/9N2PC52B8KG7/0017,https://www.xbox.com/ko-KR/games/store/7jib7zmu6ro167cpioykpo2gooumra/9N2PC52B8KG7/0017,2025-08-14,https://store-images.s-microsoft.com/image/apps.61030.13947876397821736.63710070-458a-40ea-9b97-f4b7a553b0f2.a1c36117-e0f4-4ead-9505-b72563dafaa6,"영화 스튜디오의 사장이 되어서
멋진 명작을 만들어 내 스튜디오의 이름을 전 세계에 빛내자!

당신의 능력이라면… CG 스튜디오와 음악 스튜디오, 
연기 교실에 식당까지 완비한 멋진 영화회사를 만들 수도 있답니다!

좋은 영화를 만들려면 우선 감독의 솜씨가 중요해요.
때로는 영업처에 감독을 파견해 다양한 능력을 키워줍시다.
배우 말고도 아이돌이나 댄서, 개그맨 등 개성 넘치는 후보 중에서 영화의 꽃인 출연자를 고를 수 있어요.
감독이 기획하다 막혔을 때는 당신이 방향을 제시해 명작 영화를 만들 수 있게 도와주세요!

목표는 최고 랭크 영화 스튜디오!
당신의 능력으로 세계에 이름을 떨칠 명작 영화를 만들어 보세요!",영화공방 스토리,Kairosoft,"https://store-images.s-microsoft.com/image/apps.61030.13947876397821736.63710070-458a-40ea-9b97-f4b7a553b0f2.a1c36117-e0f4-4ead-9505-b72563dafaa6,https://store-images.s-microsoft.com/image/apps.7433.13947876397821736.63710070-458a-40ea-9b97-f4b7a553b0f2.7c3635a3-15de-4f86-bd57-b417fb2aa5cb,https://store-images.s-microsoft.com/image/apps.23610.13947876397821736.63710070-458a-40ea-9b97-f4b7a553b0f2.45c7ba2e-664a-4e5c-9e68-cf66a1378eed,https://store-images.s-microsoft.com/image/apps.60786.13947876397821736.63710070-458a-40ea-9b97-f4b7a553b0f2.3d68d776-c2ed-4d16-81c5-bc368a7dbebb,https://store-images.s-microsoft.com/image/apps.38834.13947876397821736.63710070-458a-40ea-9b97-f4b7a553b0f2.306fba72-5d01-4b4e-8541-aea44f7886f0","시뮬레이션,클래식,전략,기타",xbox
놀이공원 스토리,http://www.xbox.com/ko-KR/games/store/64aa7j206ro17juqioykpo2gooumra/9N0LHKHDNW9D/0017,https://www.xbox.com/ko-KR/games/store/64aa7j206ro17juqioykpo2gooumra/9N0LHKHDNW9D/0017,2025-08-14,https://store-images.s-microsoft.com/image/apps.19246.13923144670665825.2809ce2a-510b-44d1-8148-8b30e0bc7e87.853032b0-3b83-46ab-af04-26482cc77164,"웃음과 추억이 가득한 멋진 놀이공원을 만들자!
먼저 ‘회전 컵’이나 ‘트램펄린’ 등 어트랙션을 지어 손님을 맞을 수 있습니다. 인기 마스코트를 스카우트하고 육성해 퍼레이드에도 출연시켜 보세요.

방문한 손님들이 SNS에 감상을 업로드하기도 합니다.
감상이나 놀이공원에 대한 요청 사항을 확인해 경영하는 데 활용하세요.
그러다 보면 유명한 리뷰어들의 후기를 보고 특별한 손님이 방문해 줄지도 몰라요!
더 많은 어트랙션을 짓기 위해서는 부지가 필요합니다.
계속 공사를 의뢰해서 부지를 확장하세요.
‘관람차’나 ‘롤러코스터’처럼 거대한 어트랙션을 짓는 것도 꿈이 아니에요!
또한 교통 기관을 정비하면 먼 곳에 사는 손님들도 방문할 수 있게 됩니다.

그리고 놀이공원의 주역으로 빼놓을 수 없는 것이 마스코트입니다.
1년에 한 번 획득 협상으로 원하는 마스코트를 스카우트할 수 있어요.
스카우트하면 ‘눈의 나라’, ‘우주’, ‘사막’ 등 마스코트의 분위기에 어울리는 테마 존을 건설할 수 있습니다. 인기가 많아지면 마스코트도 퍼레이드에 출연해 손님들도 해피 해피~

손님들이 만족하면 포인트가 쌓여 시설의 연구 등에 사용할 수 있습니다.
어트랙션 및 시설의 인기와 성능을 향상시켜 팬을 획득하고 전국 놀이공원 랭킹을 제패하세요!

광활한 부지에 어떤 놀이공원을 만들지는 당신에게 달렸어요!
손님으로 북적이는 꿈의 테마파크를 경영해 보세요!",놀이공원 스토리,Kairosoft,"https://store-images.s-microsoft.com/image/apps.19246.13923144670665825.2809ce2a-510b-44d1-8148-8b30e0bc7e87.853032b0-3b83-46ab-af04-26482cc77164,https://store-images.s-microsoft.com/image/apps.22846.13923144670665825.2809ce2a-510b-44d1-8148-8b30e0bc7e87.2bb33d01-d8e7-461e-be67-fc573da33f16,https://store-images.s-microsoft.com/image/apps.30043.13923144670665825.2809ce2a-510b-44d1-8148-8b30e0bc7e87.8f0f47f4-38d2-4887-afda-3d7c0205cdd6,https://store-images.s-microsoft.com/image/apps.49495.13923144670665825.2809ce2a-510b-44d1-8148-8b30e0bc7e87.236625dc-3522-4809-b9f9-79751531d0dd,https://store-images.s-microsoft.com/image/apps.51970.13923144670665825.2809ce2a-510b-44d1-8148-8b30e0bc7e87.9d8e845d-2686-41bf-bfdf-14f679718f9d","시뮬레이션,클래식,전략,기타",xbox
Chess Infinity,http://www.xbox.com/ko-KR/games/store/chess-infinity-grandmaster-edition/9NR6DP2ZBGXN/0017,https://www.xbox.com/ko-KR/games/store/chess-infinity/9P9796KXG61X/0010,2025-08-14,https://store-images.s-microsoft.com/image/apps.21279.14077725281438949.d288325f-8bdf-4e6f-b227-8a1a56abbf9b.79f67140-8cb7-4b9a-8f15-aae5362e017a,"Whether new to Chess, already a Grand master, or somewhere inbetween, Chess Infinity provides the ultimate Chess Experience!

With 7 beautifully crafted chess sets, 20 board locations set in stunning environments, real time weather and time of day, Chess Infinity provides options to suit any mood.

New to Chess?
Learn the fundamentals via lessons and hone your skills with a selection of puzzles before taking on AI opponents tailored to provide a gentle introduction to Chess. With a range of player assists including, 'Tactical highlights', 'Best move' '' and 'Undo move', players can ease their way into the the joys of Chess.

Looking for a challenge?
Test your skills and improve your Elo against 16 Grand master approved AI opponents or challenge players via online multiplayer modes. With a range of a Time controls to select from, players can setup games to suit their preferences.",Chess Infinity,Rockwater Games,"https://store-images.s-microsoft.com/image/apps.21279.14077725281438949.d288325f-8bdf-4e6f-b227-8a1a56abbf9b.79f67140-8cb7-4b9a-8f15-aae5362e017a,https://store-images.s-microsoft.com/image/apps.60369.14077725281438949.d288325f-8bdf-4e6f-b227-8a1a56abbf9b.dc87a9c0-6802-4284-963d-4de3d2f056a5,https://store-images.s-microsoft.com/image/apps.19184.14077725281438949.d288325f-8bdf-4e6f-b227-8a1a56abbf9b.b363ece9-31cc-421a-a779-369a11ec138e,https://store-images.s-microsoft.com/image/apps.52133.14077725281438949.d288325f-8bdf-4e6f-b227-8a1a56abbf9b.47d3efb8-d1fc-4b06-a37b-1165ab8c8b89,https://store-images.s-microsoft.com/image/apps.59045.14077725281438949.d288325f-8bdf-4e6f-b227-8a1a56abbf9b.5e8fef20-4928-4008-9e10-3a2f46807ede,https://store-images.s-microsoft.com/image/apps.20234.14077725281438949.d288325f-8bdf-4e6f-b227-8a1a56abbf9b.576a6880-bece-4435-9cf1-864329b5775b,https://store-images.s-microsoft.com/image/apps.4412.14077725281438949.d288325f-8bdf-4e6f-b227-8a1a56abbf9b.e5e9bd5e-eab1-4702-8866-e7b27e138271,https://store-images.s-microsoft.com/image/apps.47655.14077725281438949.d288325f-8bdf-4e6f-b227-8a1a56abbf9b.de344e12-bd1d-4fad-8d9c-b1e9c3fb3745,https://store-images.s-microsoft.com/image/apps.24750.14077725281438949.d288325f-8bdf-4e6f-b227-8a1a56abbf9b.9a04c4b3-1992-4bd3-ab14-f09f68b8ed04,https://store-images.s-microsoft.com/image/apps.47737.14077725281438949.d288325f-8bdf-4e6f-b227-8a1a56abbf9b.63db726c-58ae-4cf0-ae6b-8127bdffe0fe,https://store-images.s-microsoft.com/image/apps.16845.14077725281438949.d288325f-8bdf-4e6f-b227-8a1a56abbf9b.f9b18353-7a82-4e14-90a1-413add20ff41,https://store-images.s-microsoft.com/image/apps.6601.14077725281438949.d288325f-8bdf-4e6f-b227-8a1a56abbf9b.4789553f-72ce-4ee7-932f-2e3dca567f28,https://store-images.s-microsoft.com/image/apps.39190.14077725281438949.d288325f-8bdf-4e6f-b227-8a1a56abbf9b.7b4c9cbc-f773-4981-a0a2-bee231c682f5,https://store-images.s-microsoft.com/image/apps.20947.14077725281438949.d288325f-8bdf-4e6f-b227-8a1a56abbf9b.67634df1-e67a-445e-b988-3f1555b1bf75","클래식,카드,보드,전략",xbox
Relic Hunters Legend,http://www.xbox.com/ko-KR/games/store/relic-hunters-legend-legendary-edition/9NHS028MT1QG/0017,https://www.xbox.com/ko-KR/games/store/relic-hunters-legend/9P81K2C8RBF4/0017,2025-08-15,https://store-images.s-microsoft.com/image/apps.5782.13548775840568038.6520620e-38ff-43c5-af6d-cb370e0dde92.40c96d94-e2c8-4ed9-9c71-1bbd47050dd1,"Relic Hunters Legend는 강력한 무기를 수집하고, 기술을 업그레이드하며, 치열한 전투에서 적들과 싸우는 빠른 템포의 루터-슈터 RPG입니다. 솔로로 플레이하거나 최대 4명의 플레이어가 협력하여 잃어버린 기억을 되찾고 폭군 듀크 듀칸을 처치하는 여정을 떠나세요.


스릴 넘치는 루터-슈터 RPG 모험
Relic Hunters Legend는 빠른 총격전, 방대한 무기 아스날, 그리고 깊은 캐릭터 커스터마이징을 결합한 루터-슈터 RPG입니다. 적을 처치하고, 희귀한 전리품을 수집하며, 당신의 빌드를 정제하여 듀칸 제국에 맞서 싸우는 막강한 존재가 되어 보세요!


헌터를 커스터마이즈하세요
각기 다른 능력을 가진 여러 플레이 가능한 캐릭터 중에서 선택하세요. 각 헌터는 완전히 실현된 3개의 기술 트리를 가지고 있어 원하는 대로 조합할 수 있으며, 속성 포인트 할당, 다양한 기어와 무기 슬롯, 깊은 고정 효과 풀(pool), 그리고 반드시 발견하고 제작하고 레벨업해야 하는 빌드 정의용 유물까지… 처음 보기에는 간단해 보일 수 있지만 RPG 깊이가 정말 많이 있습니다!


당신만의 방식으로 플레이하세요
오프라인 싱글 플레이로 즐기거나 최대 3명의 친구와 온라인 협동 플레이를 할 수 있습니다. 바로 30시간 분량의 스토리 캠페인을 진행할 수 있고… 완전히 무시하고 진척도와 엔드게임 시스템에만 집중할 수도 있습니다!

헌터는 원하는 순서로 잠금 해제할 수 있으며, 세상과 다양한 보상 및 도전 과제를 자신만의 방식으로 탐험할 수 있습니다.

경험을 더욱 풍성하게 만들려면 Relic Hunters Legend 공식 Discord 채널(discord.gg/relichunters)에 가입하세요. 개발 중인 기능에 대해 가장 먼저 알게 되고, Rogue Snail 팀과 직접 대화할 수 있는 기회도 있습니다—우리는 항상 커뮤니티의 의견을 듣고 있으며, 우리 커뮤니티가 무엇이 가장 좋은지 잘 안다고 믿습니다.


빠른 전투, 끝없는 전리품
모든 활동은 혼자서도 완전히 플레이 가능하며 최대 4명의 플레이어에 맞게 스케일링됩니다. 미니 오픈 월드 탐험 지역, 7가지 다른 게임 모드(스커미시, 발굴, 페이로드, 방어, 방해, 균열, 공격)를 포함한 여러 빠른 템포의 미션, 랜덤 수정자가 적용된 시간 한정 특수 미션, 여러 보스를 가진 던전(각각 고유의 드롭 테이블 포함), 엔드게임 보물 지도, 소행성 던전 네메시스, 그리고 챌린지 모드 시스템이 포함됩니다.

하지만 전리품의 비는 그게 끝이 아닙니다: 다양한 파벌과 친구가 되어 평판 퀘스트를 완료하고, 완벽한 롤링 기어나 무기를 제작해줄 수 있는 NPC와도 거래할 수 있습니다!
아이템은 단순한 “기어 점수 축제”가 아니며, 다양한 고급 희귀도(엑조틱, 증강, 세트, 전설, 유니크)와 깊은 고정 효과 풀을 통해 완전히 플레이 스타일을 변화시킬 수 있습니다!

Relic Hunters의 일원이 되어 이 액션 가득한 은하 모험에서 당신의 능력을 증명해 보세요!


스토리
악의 황제 듀크 듀칸은 somehow 과거를 훔쳤고, 자신이 일어난 모든 좋은 일들의 책임자라고 주장하며, 그것을 통해 자신의 억압적인 은하 제국의 정당성을 주장합니다.

핑키가 이끄는 Relic Hunters는 은하계를 여행하며 고대 유적과 옛 문명의 유물을 찾아 진정한 과거의 기억을 복원하려고 합니다. 이 여정에서, 그들은 기억을 잃은 채 시간 여행을 할 수 있는 신비로운 동맹자 세븐을 만나게 됩니다.

더 알고 싶나요? 우리의 이야기는 'Legend' 이전에 발생한 사건들을 다룬 만화와 애니메이션 단편 영화로 확장됩니다! Steam 커뮤니티 페이지에서 에피소드 1, 2, 3을 무료로 확인하세요!


PC 최적화
Relic Hunters Legend는 부드럽게 실행될 수 있도록 세밀하게 조정되었습니다. 4K 해상도, 프레임 레이트 잠금 해제, 울트라와이드 지원, 그리고 완전히 사용자화 가능한 조작 방식을 제공합니다. 부드러운 게임플레이를 목표로 하든, 그래픽 설정을 최고로 맞추든, 모든 것을 지원합니다.


개발자 소개
안녕하세요! 우리는 브라질의 독립적인 완전 원격 게임 스튜디오 Rogue Snail입니다. 우리의 미션은? 마음을 담은 게임을 만드는 것입니다. 우리가 만든 게임에 팀이 사랑을 담을 때, 그 사랑은 게임에 그대로 반영된다고 믿습니다.

모든 Relic Hunters 게임은 즐거움과 커뮤니티를 핵심으로 제작됩니다. 착취적인 메커니즘, 악성 마이크로트랜잭션, 인위적인 장벽 없이, 우리가 만들 수 있는 가장 재미있는 게임을 만드는 데 집중하고 있으며, 그것을 커뮤니티와 함께 만들고 있습니다.",Relic Hunters Legend,Rogue Snail,"https://store-images.s-microsoft.com/image/apps.5782.13548775840568038.6520620e-38ff-43c5-af6d-cb370e0dde92.40c96d94-e2c8-4ed9-9c71-1bbd47050dd1,https://store-images.s-microsoft.com/image/apps.5782.14097016447581693.ee94877f-b509-44d9-abed-33614d4bfc2b.38a4fe69-868e-49fd-b54c-1dd79c17af25,https://store-images.s-microsoft.com/image/apps.21919.13548775840568038.6520620e-38ff-43c5-af6d-cb370e0dde92.e9fa83ae-f6cd-4238-b77d-a5407c48290a,https://store-images.s-microsoft.com/image/apps.21919.14097016447581693.ee94877f-b509-44d9-abed-33614d4bfc2b.94486629-154b-4e82-b20c-992bf7627f78,https://store-images.s-microsoft.com/image/apps.7486.13548775840568038.6520620e-38ff-43c5-af6d-cb370e0dde92.1f161f60-92ff-4e32-8003-0d40a57fd02a,https://store-images.s-microsoft.com/image/apps.7486.14097016447581693.ee94877f-b509-44d9-abed-33614d4bfc2b.ab77eb8c-5361-4334-b1cb-5e9694b5461f,https://store-images.s-microsoft.com/image/apps.16783.13548775840568038.6520620e-38ff-43c5-af6d-cb370e0dde92.aaf917e7-bc78-4590-b2c7-513c5deb224b,https://store-images.s-microsoft.com/image/apps.16783.14097016447581693.ee94877f-b509-44d9-abed-33614d4bfc2b.9a2f6df3-4422-4600-8f65-13c62afded8f,https://store-images.s-microsoft.com/image/apps.21315.13548775840568038.6520620e-38ff-43c5-af6d-cb370e0dde92.783a3fe7-b8e0-4cb1-bc9a-46a42f207e49,https://store-images.s-microsoft.com/image/apps.21315.14097016447581693.ee94877f-b509-44d9-abed-33614d4bfc2b.1aa30294-8e97-420f-98e1-717d4649fb79,https://store-images.s-microsoft.com/image/apps.59913.13548775840568038.6520620e-38ff-43c5-af6d-cb370e0dde92.f1aff4e1-c15d-4bec-bc5b-f9197d0de41d,https://store-images.s-microsoft.com/image/apps.59913.14097016447581693.ee94877f-b509-44d9-abed-33614d4bfc2b.ce8e479f-af9d-478f-9571-c190d5568a36,https://store-images.s-microsoft.com/image/apps.8064.13548775840568038.6520620e-38ff-43c5-af6d-cb370e0dde92.ed4e6593-35fe-4497-ac3b-cd60c17f2ee5,https://store-images.s-microsoft.com/image/apps.43822.13548775840568038.6520620e-38ff-43c5-af6d-cb370e0dde92.6d2d3129-ded8-4a5c-9b4d-fbb7a751077e,https://store-images.s-microsoft.com/image/apps.43822.14097016447581693.ee94877f-b509-44d9-abed-33614d4bfc2b.e37f0fba-96e8-4e9b-95f9-882506b99aa0,https://store-images.s-microsoft.com/image/apps.23834.13548775840568038.6520620e-38ff-43c5-af6d-cb370e0dde92.5ba02960-1ab9-48f9-a6fa-339b8695b3fc,https://store-images.s-microsoft.com/image/apps.23834.14097016447581693.ee94877f-b509-44d9-abed-33614d4bfc2b.c1e83b6c-97a4-413d-ba79-6982a751f76c,https://store-images.s-microsoft.com/image/apps.50781.13548775840568038.6520620e-38ff-43c5-af6d-cb370e0dde92.9f03237a-b7e5-43f9-846d-0004908770a0,https://store-images.s-microsoft.com/image/apps.50781.14097016447581693.ee94877f-b509-44d9-abed-33614d4bfc2b.2ce6663b-1201-4a0a-b476-2e43125078f7","롤플레잉,액션,어드벤처,슈팅",xbox
Relic Hunters Legend,http://www.xbox.com/ko-KR/games/store/relic-hunters-legend/9P81K2C8RBF4/0017,https://www.xbox.com/ko-KR/games/store/relic-hunters-legend/9P81K2C8RBF4/0017,2025-08-15,https://store-images.s-microsoft.com/image/apps.5782.13548775840568038.6520620e-38ff-43c5-af6d-cb370e0dde92.40c96d94-e2c8-4ed9-9c71-1bbd47050dd1,"Relic Hunters Legend는 강력한 무기를 수집하고, 기술을 업그레이드하며, 치열한 전투에서 적들과 싸우는 빠른 템포의 루터-슈터 RPG입니다. 솔로로 플레이하거나 최대 4명의 플레이어가 협력하여 잃어버린 기억을 되찾고 폭군 듀크 듀칸을 처치하는 여정을 떠나세요.


스릴 넘치는 루터-슈터 RPG 모험
Relic Hunters Legend는 빠른 총격전, 방대한 무기 아스날, 그리고 깊은 캐릭터 커스터마이징을 결합한 루터-슈터 RPG입니다. 적을 처치하고, 희귀한 전리품을 수집하며, 당신의 빌드를 정제하여 듀칸 제국에 맞서 싸우는 막강한 존재가 되어 보세요!


헌터를 커스터마이즈하세요
각기 다른 능력을 가진 여러 플레이 가능한 캐릭터 중에서 선택하세요. 각 헌터는 완전히 실현된 3개의 기술 트리를 가지고 있어 원하는 대로 조합할 수 있으며, 속성 포인트 할당, 다양한 기어와 무기 슬롯, 깊은 고정 효과 풀(pool), 그리고 반드시 발견하고 제작하고 레벨업해야 하는 빌드 정의용 유물까지… 처음 보기에는 간단해 보일 수 있지만 RPG 깊이가 정말 많이 있습니다!


당신만의 방식으로 플레이하세요
오프라인 싱글 플레이로 즐기거나 최대 3명의 친구와 온라인 협동 플레이를 할 수 있습니다. 바로 30시간 분량의 스토리 캠페인을 진행할 수 있고… 완전히 무시하고 진척도와 엔드게임 시스템에만 집중할 수도 있습니다!

헌터는 원하는 순서로 잠금 해제할 수 있으며, 세상과 다양한 보상 및 도전 과제를 자신만의 방식으로 탐험할 수 있습니다.

경험을 더욱 풍성하게 만들려면 Relic Hunters Legend 공식 Discord 채널(discord.gg/relichunters)에 가입하세요. 개발 중인 기능에 대해 가장 먼저 알게 되고, Rogue Snail 팀과 직접 대화할 수 있는 기회도 있습니다—우리는 항상 커뮤니티의 의견을 듣고 있으며, 우리 커뮤니티가 무엇이 가장 좋은지 잘 안다고 믿습니다.


빠른 전투, 끝없는 전리품
모든 활동은 혼자서도 완전히 플레이 가능하며 최대 4명의 플레이어에 맞게 스케일링됩니다. 미니 오픈 월드 탐험 지역, 7가지 다른 게임 모드(스커미시, 발굴, 페이로드, 방어, 방해, 균열, 공격)를 포함한 여러 빠른 템포의 미션, 랜덤 수정자가 적용된 시간 한정 특수 미션, 여러 보스를 가진 던전(각각 고유의 드롭 테이블 포함), 엔드게임 보물 지도, 소행성 던전 네메시스, 그리고 챌린지 모드 시스템이 포함됩니다.

하지만 전리품의 비는 그게 끝이 아닙니다: 다양한 파벌과 친구가 되어 평판 퀘스트를 완료하고, 완벽한 롤링 기어나 무기를 제작해줄 수 있는 NPC와도 거래할 수 있습니다!
아이템은 단순한 “기어 점수 축제”가 아니며, 다양한 고급 희귀도(엑조틱, 증강, 세트, 전설, 유니크)와 깊은 고정 효과 풀을 통해 완전히 플레이 스타일을 변화시킬 수 있습니다!

Relic Hunters의 일원이 되어 이 액션 가득한 은하 모험에서 당신의 능력을 증명해 보세요!


스토리
악의 황제 듀크 듀칸은 somehow 과거를 훔쳤고, 자신이 일어난 모든 좋은 일들의 책임자라고 주장하며, 그것을 통해 자신의 억압적인 은하 제국의 정당성을 주장합니다.

핑키가 이끄는 Relic Hunters는 은하계를 여행하며 고대 유적과 옛 문명의 유물을 찾아 진정한 과거의 기억을 복원하려고 합니다. 이 여정에서, 그들은 기억을 잃은 채 시간 여행을 할 수 있는 신비로운 동맹자 세븐을 만나게 됩니다.

더 알고 싶나요? 우리의 이야기는 'Legend' 이전에 발생한 사건들을 다룬 만화와 애니메이션 단편 영화로 확장됩니다! Steam 커뮤니티 페이지에서 에피소드 1, 2, 3을 무료로 확인하세요!


PC 최적화
Relic Hunters Legend는 부드럽게 실행될 수 있도록 세밀하게 조정되었습니다. 4K 해상도, 프레임 레이트 잠금 해제, 울트라와이드 지원, 그리고 완전히 사용자화 가능한 조작 방식을 제공합니다. 부드러운 게임플레이를 목표로 하든, 그래픽 설정을 최고로 맞추든, 모든 것을 지원합니다.


개발자 소개
안녕하세요! 우리는 브라질의 독립적인 완전 원격 게임 스튜디오 Rogue Snail입니다. 우리의 미션은? 마음을 담은 게임을 만드는 것입니다. 우리가 만든 게임에 팀이 사랑을 담을 때, 그 사랑은 게임에 그대로 반영된다고 믿습니다.

모든 Relic Hunters 게임은 즐거움과 커뮤니티를 핵심으로 제작됩니다. 착취적인 메커니즘, 악성 마이크로트랜잭션, 인위적인 장벽 없이, 우리가 만들 수 있는 가장 재미있는 게임을 만드는 데 집중하고 있으며, 그것을 커뮤니티와 함께 만들고 있습니다.",Relic Hunters Legend,Rogue Snail,"https://store-images.s-microsoft.com/image/apps.5782.13548775840568038.6520620e-38ff-43c5-af6d-cb370e0dde92.40c96d94-e2c8-4ed9-9c71-1bbd47050dd1,https://store-images.s-microsoft.com/image/apps.5782.14097016447581693.ee94877f-b509-44d9-abed-33614d4bfc2b.38a4fe69-868e-49fd-b54c-1dd79c17af25,https://store-images.s-microsoft.com/image/apps.5782.14097016447581693.ee94877f-b509-44d9-abed-33614d4bfc2b.38a4fe69-868e-49fd-b54c-1dd79c17af25,https://store-images.s-microsoft.com/image/apps.21919.14097016447581693.ee94877f-b509-44d9-abed-33614d4bfc2b.94486629-154b-4e82-b20c-992bf7627f78,https://store-images.s-microsoft.com/image/apps.7486.13548775840568038.6520620e-38ff-43c5-af6d-cb370e0dde92.1f161f60-92ff-4e32-8003-0d40a57fd02a,https://store-images.s-microsoft.com/image/apps.7486.14097016447581693.ee94877f-b509-44d9-abed-33614d4bfc2b.ab77eb8c-5361-4334-b1cb-5e9694b5461f,https://store-images.s-microsoft.com/image/apps.16783.13548775840568038.6520620e-38ff-43c5-af6d-cb370e0dde92.aaf917e7-bc78-4590-b2c7-513c5deb224b,https://store-images.s-microsoft.com/image/apps.16783.14097016447581693.ee94877f-b509-44d9-abed-33614d4bfc2b.9a2f6df3-4422-4600-8f65-13c62afded8f,https://store-images.s-microsoft.com/image/apps.21315.13548775840568038.6520620e-38ff-43c5-af6d-cb370e0dde92.783a3fe7-b8e0-4cb1-bc9a-46a42f207e49,https://store-images.s-microsoft.com/image/apps.21315.14097016447581693.ee94877f-b509-44d9-abed-33614d4bfc2b.1aa30294-8e97-420f-98e1-717d4649fb79,https://store-images.s-microsoft.com/image/apps.59913.13548775840568038.6520620e-38ff-43c5-af6d-cb370e0dde92.f1aff4e1-c15d-4bec-bc5b-f9197d0de41d,https://store-images.s-microsoft.com/image/apps.59913.14097016447581693.ee94877f-b509-44d9-abed-33614d4bfc2b.ce8e479f-af9d-478f-9571-c190d5568a36,https://store-images.s-microsoft.com/image/apps.8064.13548775840568038.6520620e-38ff-43c5-af6d-cb370e0dde92.ed4e6593-35fe-4497-ac3b-cd60c17f2ee5,https://store-images.s-microsoft.com/image/apps.8064.14097016447581693.ee94877f-b509-44d9-abed-33614d4bfc2b.81d3549b-6360-4cc7-b3ba-acd656307909,https://store-images.s-microsoft.com/image/apps.43822.13548775840568038.6520620e-38ff-43c5-af6d-cb370e0dde92.6d2d3129-ded8-4a5c-9b4d-fbb7a751077e,https://store-images.s-microsoft.com/image/apps.43822.14097016447581693.ee94877f-b509-44d9-abed-33614d4bfc2b.e37f0fba-96e8-4e9b-95f9-882506b99aa0,https://store-images.s-microsoft.com/image/apps.23834.13548775840568038.6520620e-38ff-43c5-af6d-cb370e0dde92.5ba02960-1ab9-48f9-a6fa-339b8695b3fc,https://store-images.s-microsoft.com/image/apps.23834.14097016447581693.ee94877f-b509-44d9-abed-33614d4bfc2b.c1e83b6c-97a4-413d-ba79-6982a751f76c,https://store-images.s-microsoft.com/image/apps.50781.13548775840568038.6520620e-38ff-43c5-af6d-cb370e0dde92.9f03237a-b7e5-43f9-846d-0004908770a0,https://store-images.s-microsoft.com/image/apps.50781.14097016447581693.ee94877f-b509-44d9-abed-33614d4bfc2b.2ce6663b-1201-4a0a-b476-2e43125078f7","롤플레잉,액션,어드벤처,슈팅",xbox
Demons Are Coming!,http://www.xbox.com/ko-KR/games/store/demons-are-coming/9PJXFQG0MDDQ/0017,https://www.xbox.com/ko-KR/games/store/demons-are-coming/9PJXFQG0MDDQ/0017,2025-08-15,https://store-images.s-microsoft.com/image/apps.42785.14273788763426225.e886a1ed-7928-4f1f-b3ab-679c78202340.f246e817-7989-4e12-b9f7-9dd5e90f7f1a,"한때 신성한 고국이 이제 악마의 침략으로 위협받고 있습니다. 완전히 커스터마이징 가능한 두 가지 무기를 사용하여 정밀하고 강력한 무기로 적의 무리를 피하고, 회피하고, 불태우며 맞서 싸워야 합니다. 수백 가지 업그레이드 조합으로 플레이 스타일에 맞춰 어둠을 밀어내세요. 적의 엄폐물을 부수고, 날아오는 포화를 빗나가며 진정한 악마의 슬레이어로 거듭나세요.",Demons Are Coming!,COMMANDO PANDA,"https://store-images.s-microsoft.com/image/apps.42785.14273788763426225.e886a1ed-7928-4f1f-b3ab-679c78202340.f246e817-7989-4e12-b9f7-9dd5e90f7f1a,https://store-images.s-microsoft.com/image/apps.31727.14273788763426225.e886a1ed-7928-4f1f-b3ab-679c78202340.e3a53965-08cf-4f0f-aaf5-6dd6b9cac3be,https://store-images.s-microsoft.com/image/apps.20600.14273788763426225.e886a1ed-7928-4f1f-b3ab-679c78202340.9dd6edc8-7bb3-48ea-833c-873e900d2183,https://store-images.s-microsoft.com/image/apps.7214.14273788763426225.e886a1ed-7928-4f1f-b3ab-679c78202340.54bcdbdc-5184-4c05-9a7f-398a5c3eaa42,https://store-images.s-microsoft.com/image/apps.55198.14273788763426225.e886a1ed-7928-4f1f-b3ab-679c78202340.e4996b9b-3f14-4526-830a-099af5dab8b7,https://store-images.s-microsoft.com/image/apps.39900.14273788763426225.e886a1ed-7928-4f1f-b3ab-679c78202340.bd72d62a-0eac-4c12-b72b-1276a0ea79a5,https://store-images.s-microsoft.com/image/apps.42442.14273788763426225.e886a1ed-7928-4f1f-b3ab-679c78202340.443aaf2e-50a1-4d25-99d2-42054b975f29","액션,어드벤처,슈팅,기타",xbox
EA SPORTS Madden NFL 26,http://www.xbox.com/ko-KR/games/store/ea-sports-madden-nfl-26-standard-edition/9P7SZ6GTHPMK/0017,https://www.xbox.com/ko-KR/games/store/ea-sports-madden-nfl-26/9NVD16NP4J8T/0010,2025-08-15,https://store-images.s-microsoft.com/image/apps.8472.14396710821719966.967048ac-fa03-4baf-8691-ef3cd39e9333.d5ec78aa-befe-42f7-bd59-568244405b86,"EA SPORTS™ Madden NFL 26은 AI 기반의 새로운 머신 러닝 시스템을 활용하여 약 10년에 걸친 실제 NFL 데이터에서 획득한 수천 개의 플레이를 훈련시켜 더욱 폭발적인 게임플레이를 선보입니다. 이를 통해 새로운 선수별 특성, 현실적인 플레이 스타일, NFL 쿼터백과 코치의 경기 내 경향과 전략에 맞춘 적응형 카운터 등을 제공합니다.

Minnesota의 Skol chant부터 Baltimore의 라이트 쇼까지, 게임에 영향을 미치는 날씨, 팀의 전통, Scott Hanson이 참여하는 다이내믹한 하프타임 쇼 등 NFL 전반에 걸친 새로운 프레젠테이션을 경험해 보세요.

Madden NFL 26. NFL의 실제 데이터, 현실을 초월하는 NFL 모멘트.

이 게임은 게임 내에서 사용되는 가상 화폐를 게임 내 구매 및 이용할 수 있으며, 이를 통해 확률형 아이템을 포함한 게임 내 가상 아이템을 구매할 수 있습니다.

조건 및 제한사항이 적용됩니다. 상세 사항은 ea.com/ko-kr/legal 를 참조하십시오.",EA SPORTS Madden NFL 26,Tiburon,"https://store-images.s-microsoft.com/image/apps.8472.14396710821719966.967048ac-fa03-4baf-8691-ef3cd39e9333.d5ec78aa-befe-42f7-bd59-568244405b86,https://store-images.s-microsoft.com/image/apps.57034.14396710821719966.967048ac-fa03-4baf-8691-ef3cd39e9333.8c90c46a-651c-4bbf-ba20-a46cfd268d30,https://store-images.s-microsoft.com/image/apps.62824.14396710821719966.967048ac-fa03-4baf-8691-ef3cd39e9333.b52bdf48-cbcd-490a-95e8-e945c104a320,https://store-images.s-microsoft.com/image/apps.49914.14396710821719966.967048ac-fa03-4baf-8691-ef3cd39e9333.fc3245f2-66f9-4ff4-b1f2-5977e7b3b6b6",스포츠,xbox
Girls of the Tower,http://www.xbox.com/ko-KR/games/store/girls-of-the-tower/9P0KFL7C5D21/0017,https://www.xbox.com/ko-KR/games/store/girls-of-the-tower/9P0KFL7C5D21/0017,2025-08-15,https://store-images.s-microsoft.com/image/apps.23319.14529966251664370.b32bf23d-811a-4afd-9bb3-405693c86946.5c8af6de-0901-4279-8f03-c9281d823b5d,"소녀 팀 집결! 오토체스 모험에서 탑을 정복하자!
이 모험에서는 오크, 궁수, 암살자, 드워프, 엘프, 마법사 등 17개의 종족과 직업에 걸쳐 70명 이상의 개성 넘치는 동료들을 모집할 수 있습니다. 그들의 능력과 시너지를 조합하여 최강의 팀을 구성하세요.

적 유형에 따라 팀의 장비, 진형, 구성원을 유동적으로 조정해야 합니다. 모든 전투는 전략적 사고와 세심한 계획이 필요합니다.

전투 사이에는 마을을 방문해 장비를 구매하거나 제작 및 강화할 수 있습니다. 무역으로 수익을 얻고, 의뢰를 수행하며 귀중한 보상을 획득할 수도 있습니다.

다양한 히로인들이 각자의 스토리와 분기형 시나리오를 가지고 여러분을 기다립니다. 조합에 따라 다양한 이벤트가 열리며, 소녀들의 일상과 교류도 함께 즐길 수 있습니다.",Girls of the Tower,Happy Player,"https://store-images.s-microsoft.com/image/apps.23319.14529966251664370.b32bf23d-811a-4afd-9bb3-405693c86946.5c8af6de-0901-4279-8f03-c9281d823b5d,https://store-images.s-microsoft.com/image/apps.37824.14529966251664370.b32bf23d-811a-4afd-9bb3-405693c86946.15a42dd6-5d7d-4624-9690-fc647b2bbe7f,https://store-images.s-microsoft.com/image/apps.48836.14529966251664370.b32bf23d-811a-4afd-9bb3-405693c86946.f8f36ee2-2272-4c0b-b4c0-bff22b482e53,https://store-images.s-microsoft.com/image/apps.13996.14529966251664370.b32bf23d-811a-4afd-9bb3-405693c86946.130c1a1e-ec61-448b-912a-40f6d42a192d,https://store-images.s-microsoft.com/image/apps.37161.14529966251664370.b32bf23d-811a-4afd-9bb3-405693c86946.83a913e1-c0f4-428c-b57f-3c8b601eeb38,https://store-images.s-microsoft.com/image/apps.56205.14529966251664370.b32bf23d-811a-4afd-9bb3-405693c86946.e9838ada-4726-4c45-9cd8-5617a2667c52,https://store-images.s-microsoft.com/image/apps.22512.14529966251664370.b32bf23d-811a-4afd-9bb3-405693c86946.58cfe258-d220-4c9c-abb1-5afc5edaa740,https://store-images.s-microsoft.com/image/apps.17710.14529966251664370.b32bf23d-811a-4afd-9bb3-405693c86946.950b6610-5e96-433e-baf9-39e796e252f5,https://store-images.s-microsoft.com/image/apps.42623.14529966251664370.b32bf23d-811a-4afd-9bb3-405693c86946.e16739de-f193-46bf-8186-edeb14a323b1","롤플레잉,액션,어드벤처,시뮬레이션",xbox
Zumba - Treasure of the Marble Sea,http://www.xbox.com/ko-KR/games/store/zumba-treasure-of-the-marble-sea/9NZ9TFKFLX9H/0017,https://www.xbox.com/ko-KR/games/store/zumba-treasure-of-the-marble-sea/9NZ9TFKFLX9H/0017,2025-08-15,https://store-images.s-microsoft.com/image/apps.41544.14479597309314314.be2343b4-d3aa-436b-80fb-f49098c25628.aa8eed79-8624-4ba7-86b3-3a041ecef6af,"줌바 - 대리석 바다의 보물은 화려한 해적 세계를 배경으로 펼쳐지는 박진감 넘치는 구슬 슈팅 게임 속으로 여러분을 초대합니다! 끊임없이 굴러오는 구슬을 쏘고, 맞추고, 파괴하며, 당신의 건방진 해적이 구슬의 광기에서 살아남을 수 있도록 도와주세요.
레벨을 선택하고, 신중하게 조준하여 구슬을 발사하여 세 개 이상의 색깔이 같은 구슬 사슬을 만드세요. 시간은 당신의 몫입니다. 구슬이 길 끝에 닿지 않도록 하세요! 폭발적인 콤보를 마스터하고, 레벨을 빠르게 클리어하며, 높은 점수와 별점을 획득하세요.
폭발적인 구슬, 시간 정지, 리페인트, 슬로우 모션, 파괴 사격과 같은 강력한 업그레이드를 잠금 해제하여 광기에서 앞서 나가세요. 각 세계는 섬 해변, 해적선, 수중 유적, 보물 동굴 등 새로운 테마를 제공하며, 10레벨마다 새로운 도전과 놀라움을 선사합니다.
플레이는 쉽지만, 마스터하기는 어렵고, 끝없는 재미를 선사하는 대리석 바다를 정복할 수 있을까요?",Zumba - Treasure of the Marble Sea,EpiXR Games,"https://store-images.s-microsoft.com/image/apps.41544.14479597309314314.be2343b4-d3aa-436b-80fb-f49098c25628.aa8eed79-8624-4ba7-86b3-3a041ecef6af,https://store-images.s-microsoft.com/image/apps.17296.14479597309314314.be2343b4-d3aa-436b-80fb-f49098c25628.2c5d15ac-62b6-443d-8183-b38a8ad2fb4d,https://store-images.s-microsoft.com/image/apps.64797.14479597309314314.be2343b4-d3aa-436b-80fb-f49098c25628.f180801d-e91c-42b9-8a9d-f4d5eb9ac99d,https://store-images.s-microsoft.com/image/apps.43798.14479597309314314.be2343b4-d3aa-436b-80fb-f49098c25628.fad46828-0bd6-4f16-b7db-82d69f08876b,https://store-images.s-microsoft.com/image/apps.8608.14479597309314314.be2343b4-d3aa-436b-80fb-f49098c25628.02108369-a4e4-41ab-a15a-c734d29b2ea7,https://store-images.s-microsoft.com/image/apps.28346.14479597309314314.be2343b4-d3aa-436b-80fb-f49098c25628.825f5dfa-8620-46fa-9cc5-6697b70dde4c","클래식,가족,어린이",xbox
GOST of Time,http://www.xbox.com/ko-KR/games/store/gost-of-time-xbox-series-xs/9MVJP7P0RCR6/0017,https://www.xbox.com/ko-KR/games/store/gost-of-time-xbox-series-xs/9MVJP7P0RCR6/0017,2025-08-15,https://store-images.s-microsoft.com/image/apps.30707.14635182527099585.f500e779-ca70-43df-ad07-6f2d2b046345.2ae5ad68-5464-429c-981e-ca6ec13e9947,"타임 트래블에서 자신의 죽은 몸을 활용하는 42가지 이상의 방법. GOST of Time은 타임 트래블 메커니즘을 가진, 상단 뷰의 부조리한 액션 퍼즐 게임입니다.

정부가 시간조차 규제하는 먼 미래, 부조리한 세상에 오신 것을 환영합니다. 이 영광스러운 진보의 시대에 한 노인이 중요한 약을 필요로 합니다. 그는 약 전달을 위해 정부 승인 Time-Clone™ 장치를 구입합니다. 이 과정은 언제나 효율적이고 정밀합니다. 약을 얻으려면, 그는 자신을 복제하고 복제체를 기계로 보내 퍼즐을 풀고 약을 회수하며 시간을 여행해야 합니다.

당신은 더 큰 목적을 위해 창조된 복제체가 되어 플레이합니다. 당신의 임무는 도전을 맞이하고 장애물을 극복하며 퍼즐을 풀어 노인을 위한 약을 회수하는 것입니다. 과거로 돌아갈 때마다, 당신은 과거의 자신을 만나게 되고, 모든 행동을 정확히 반복하게 됩니다. 과거의 자신과 협력하여 퍼즐을 풀고 약을 얻으세요. 기억하세요: 당신은 최고의 동료이자 최악의 적입니다!

특징:
- 타임 트래블 메커니즘: 과거의 자신과 함께 플레이.
- 구시대의 고대 유물을 수집.
- 헤모글로빈, 픽셀 폭력, 그리고 다크 유머.",GOST of Time,IzHard,"https://store-images.s-microsoft.com/image/apps.30707.14635182527099585.f500e779-ca70-43df-ad07-6f2d2b046345.2ae5ad68-5464-429c-981e-ca6ec13e9947,https://store-images.s-microsoft.com/image/apps.63098.14635182527099585.f500e779-ca70-43df-ad07-6f2d2b046345.7ade3632-79e9-491f-b1b7-88ac99a84523,https://store-images.s-microsoft.com/image/apps.37627.14635182527099585.f500e779-ca70-43df-ad07-6f2d2b046345.85fab8a0-73c9-4154-becc-98698fccc50e,https://store-images.s-microsoft.com/image/apps.14773.14635182527099585.f500e779-ca70-43df-ad07-6f2d2b046345.6e1752f6-851e-4d09-9527-84d0757d7cf8,https://store-images.s-microsoft.com/image/apps.52213.14635182527099585.f500e779-ca70-43df-ad07-6f2d2b046345.3769e823-58bd-4b4f-bb35-4a19f41f00f3,https://store-images.s-microsoft.com/image/apps.53577.14635182527099585.f500e779-ca70-43df-ad07-6f2d2b046345.579d6253-f528-4c13-83c8-56f5aaee9e36,https://store-images.s-microsoft.com/image/apps.14317.14635182527099585.f500e779-ca70-43df-ad07-6f2d2b046345.d3a5f74c-41ac-4bdb-b152-ac7eb62a0ea4,https://store-images.s-microsoft.com/image/apps.48700.14635182527099585.f500e779-ca70-43df-ad07-6f2d2b046345.0ee0c15b-9440-4892-a9d1-436cbfbcd2ac,https://store-images.s-microsoft.com/image/apps.53230.14635182527099585.f500e779-ca70-43df-ad07-6f2d2b046345.86613dcb-020e-4cd7-b825-66f730dbf19c,https://store-images.s-microsoft.com/image/apps.44534.14635182527099585.f500e779-ca70-43df-ad07-6f2d2b046345.bba6194f-1f41-4b40-9e6c-0d49a042724d","퍼즐,퀴즈",xbox
GOST of Time,http://www.xbox.com/ko-KR/games/store/gost-of-time/9PNW4H15RP6T/0017,https://www.xbox.com/ko-KR/games/store/gost-of-time/9PNW4H15RP6T/0017,2025-08-15,https://store-images.s-microsoft.com/image/apps.30707.14635182527099585.f500e779-ca70-43df-ad07-6f2d2b046345.2ae5ad68-5464-429c-981e-ca6ec13e9947,"타임 트래블에서 자신의 죽은 몸을 활용하는 42가지 이상의 방법. GOST of Time은 타임 트래블 메커니즘을 가진, 상단 뷰의 부조리한 액션 퍼즐 게임입니다.

정부가 시간조차 규제하는 먼 미래, 부조리한 세상에 오신 것을 환영합니다. 이 영광스러운 진보의 시대에 한 노인이 중요한 약을 필요로 합니다. 그는 약 전달을 위해 정부 승인 Time-Clone™ 장치를 구입합니다. 이 과정은 언제나 효율적이고 정밀합니다. 약을 얻으려면, 그는 자신을 복제하고 복제체를 기계로 보내 퍼즐을 풀고 약을 회수하며 시간을 여행해야 합니다.

당신은 더 큰 목적을 위해 창조된 복제체가 되어 플레이합니다. 당신의 임무는 도전을 맞이하고 장애물을 극복하며 퍼즐을 풀어 노인을 위한 약을 회수하는 것입니다. 과거로 돌아갈 때마다, 당신은 과거의 자신을 만나게 되고, 모든 행동을 정확히 반복하게 됩니다. 과거의 자신과 협력하여 퍼즐을 풀고 약을 얻으세요. 기억하세요: 당신은 최고의 동료이자 최악의 적입니다!

특징:
- 타임 트래블 메커니즘: 과거의 자신과 함께 플레이.
- 구시대의 고대 유물을 수집.
- 헤모글로빈, 픽셀 폭력, 그리고 다크 유머.",GOST of Time,IzHard,"https://store-images.s-microsoft.com/image/apps.30707.14635182527099585.f500e779-ca70-43df-ad07-6f2d2b046345.2ae5ad68-5464-429c-981e-ca6ec13e9947,https://store-images.s-microsoft.com/image/apps.63098.14635182527099585.f500e779-ca70-43df-ad07-6f2d2b046345.7ade3632-79e9-491f-b1b7-88ac99a84523,https://store-images.s-microsoft.com/image/apps.37627.14635182527099585.f500e779-ca70-43df-ad07-6f2d2b046345.85fab8a0-73c9-4154-becc-98698fccc50e,https://store-images.s-microsoft.com/image/apps.14773.14635182527099585.f500e779-ca70-43df-ad07-6f2d2b046345.6e1752f6-851e-4d09-9527-84d0757d7cf8,https://store-images.s-microsoft.com/image/apps.52213.14635182527099585.f500e779-ca70-43df-ad07-6f2d2b046345.3769e823-58bd-4b4f-bb35-4a19f41f00f3,https://store-images.s-microsoft.com/image/apps.53577.14635182527099585.f500e779-ca70-43df-ad07-6f2d2b046345.579d6253-f528-4c13-83c8-56f5aaee9e36,https://store-images.s-microsoft.com/image/apps.14317.14635182527099585.f500e779-ca70-43df-ad07-6f2d2b046345.d3a5f74c-41ac-4bdb-b152-ac7eb62a0ea4,https://store-images.s-microsoft.com/image/apps.48700.14635182527099585.f500e779-ca70-43df-ad07-6f2d2b046345.0ee0c15b-9440-4892-a9d1-436cbfbcd2ac,https://store-images.s-microsoft.com/image/apps.53230.14635182527099585.f500e779-ca70-43df-ad07-6f2d2b046345.86613dcb-020e-4cd7-b825-66f730dbf19c,https://store-images.s-microsoft.com/image/apps.44534.14635182527099585.f500e779-ca70-43df-ad07-6f2d2b046345.bba6194f-1f41-4b40-9e6c-0d49a042724d","퍼즐,퀴즈",xbox
Mind Over Magnet,http://www.xbox.com/ko-KR/games/store/mind-over-magnet/9N9HVJJBPNT1/0017,https://www.xbox.com/ko-KR/games/store/mind-over-magnet/9N9HVJJBPNT1/0017,2025-08-15,https://store-images.s-microsoft.com/image/apps.21155.13536860435343312.9f0fd806-4a91-43bf-8d1f-eb1311c0f19d.df7b7c68-89af-466d-bfff-68afdb91d37c,"자기력을 사용해 공장을 탈출하는 매력적인 퍼즐 플랫폼 게임. 자석 캐릭터들과 함께 논리 퍼즐을 해결하세요.

인기 유튜브 채널 Game Maker’s Toolkit(GMTK)의 소유자인 마크 브라운(Mark Brown)이 제작한 Mind Over Magnet은 모든 연령과 실력의 플레이어가 즐길 수 있는 게임입니다!

자기력의 힘으로 위험한 공장에서 탈출하세요. 세 명의 서로 다른 자석 친구들과 협력하여, 각각의 독특한 능력을 사용해 50개 이상의 까다로운 단일 화면 퍼즐을 해결해야 합니다.",Mind Over Magnet,Game Maker's Toolkit,"https://store-images.s-microsoft.com/image/apps.21155.13536860435343312.9f0fd806-4a91-43bf-8d1f-eb1311c0f19d.df7b7c68-89af-466d-bfff-68afdb91d37c,https://store-images.s-microsoft.com/image/apps.49176.13536860435343312.9f0fd806-4a91-43bf-8d1f-eb1311c0f19d.b9274e27-07e2-457e-a0e3-4deb66e7dd81,https://store-images.s-microsoft.com/image/apps.31439.13536860435343312.9f0fd806-4a91-43bf-8d1f-eb1311c0f19d.695d473c-7bdd-4fb4-9413-4b764c00f55c,https://store-images.s-microsoft.com/image/apps.7709.13536860435343312.9f0fd806-4a91-43bf-8d1f-eb1311c0f19d.dae89f4c-5038-47d0-8c60-ea084ffc5a0f,https://store-images.s-microsoft.com/image/apps.5414.13536860435343312.9f0fd806-4a91-43bf-8d1f-eb1311c0f19d.32935691-dc93-44de-8a7a-1616ca595144,https://store-images.s-microsoft.com/image/apps.23145.13536860435343312.9f0fd806-4a91-43bf-8d1f-eb1311c0f19d.a654cc2b-1758-4174-99c0-45106f183998,https://store-images.s-microsoft.com/image/apps.14922.13536860435343312.9f0fd806-4a91-43bf-8d1f-eb1311c0f19d.2db8ed79-2f00-4149-a711-a1e4054e607b","플랫포머,퍼즐,퀴즈,액션,어드벤처",xbox
우코 & 과라: 스텔라바운드,http://www.xbox.com/ko-KR/games/store/7jqw7l2uicyg6ro86528oidsiqtthztrnbzrsjtsmrtrk5w/9NMXTQ4SZ583/0017,https://www.xbox.com/ko-KR/games/store/7jqw7l2uicyg6ro86528oidsiqtthztrnbzrsjtsmrtrk5w/9NMXTQ4SZ583/0017,2025-08-15,https://store-images.s-microsoft.com/image/apps.10980.13749332205836408.f048f211-6e48-48bf-a01d-ffc17f28067b.fb556bd6-0396-4366-829e-adfa91a540f6,"우꼬와 과라와 함께 별의 빛을 되찾기 위한 시적인 여정을 떠나세요!

《Ukko & Guará: Stellarbound》는 손으로 그린 아트워크, 창의적인 퍼즐, 그리고 사색적인 분위기가 어우러진 1인용 협동 퍼즐 어드벤처 게임입니다.

북반구와 남반구의 동물과 문화에서 영감을 받은 세계를 여행하세요. 정성껏 제작된 스테이지를 탐험하고, 협력과 논리를 바탕으로 퍼즐을 해결하며, 말 없이도 마음을 울리는 조용한 이야기를 경험할 수 있습니다. 두 캐릭터를 동시에 조작하며 소파에서 즐기는 플레이는 친구, 연인, 가족과 함께하기에도 안성맞춤입니다.

대사 없음. 폭력 없음. 단지 서로 다른 두 존재가 하나의 목적을 위해 연결되어 별의 조각을 모으고 그 빛을 하늘로 되돌리는 여정입니다.",우코 & 과라: 스텔라바운드,Maqna Interactive Ltda,"https://store-images.s-microsoft.com/image/apps.10980.13749332205836408.f048f211-6e48-48bf-a01d-ffc17f28067b.fb556bd6-0396-4366-829e-adfa91a540f6,https://store-images.s-microsoft.com/image/apps.36927.13749332205836408.f048f211-6e48-48bf-a01d-ffc17f28067b.22205e1e-5a5f-4d4c-bb91-01ecea83de66,https://store-images.s-microsoft.com/image/apps.20704.13749332205836408.f048f211-6e48-48bf-a01d-ffc17f28067b.93849ab5-d9ce-4c39-a1a1-62522d44647f,https://store-images.s-microsoft.com/image/apps.17643.13749332205836408.f048f211-6e48-48bf-a01d-ffc17f28067b.b4e13486-70bb-4673-a9c0-c7b25ba48441,https://store-images.s-microsoft.com/image/apps.4518.13749332205836408.f048f211-6e48-48bf-a01d-ffc17f28067b.541ae0cc-9778-4290-9746-9ed36b5b2f44","가족,어린이,교육,퍼즐,퀴즈,전략",xbox
Bangman,http://www.xbox.com/ko-KR/games/store/bangman/9MVSK61JHXBM/0017,https://www.xbox.com/ko-KR/games/store/bangman/9MVSK61JHXBM/0017,2025-08-15,https://store-images.s-microsoft.com/image/apps.48184.13857167060529392.e13b9b17-ea10-47f5-bff7-caee544712b1.307f3ad4-e3c8-4612-b33f-b22fa0a26ebe,"Bangman — a perfect example of what a pixel-art roguelike should be. The game gives you everything you love: hordes of monsters, tons of unique characters, countless ways to slaughter them, and many, many, many attempts to do so. Wondering what’s in short supply here? The game costs very little money! And that’s always nice.
Now, since this text has bored not only you but also the person writing it, go watch the trailer—and please buy the game!

Game features:
– Everything is so special, I’d get tired listing it.",Bangman,Crooked Road,"https://store-images.s-microsoft.com/image/apps.48184.13857167060529392.e13b9b17-ea10-47f5-bff7-caee544712b1.307f3ad4-e3c8-4612-b33f-b22fa0a26ebe,https://store-images.s-microsoft.com/image/apps.44150.13857167060529392.e13b9b17-ea10-47f5-bff7-caee544712b1.b5abffbb-4a14-419e-8f89-6e5bed5131b0,https://store-images.s-microsoft.com/image/apps.30954.13857167060529392.e13b9b17-ea10-47f5-bff7-caee544712b1.624295b6-d877-459f-9254-58f62bdbad3f,https://store-images.s-microsoft.com/image/apps.45794.13857167060529392.e13b9b17-ea10-47f5-bff7-caee544712b1.714d5f55-3bde-424a-9522-2ebf462e364c,https://store-images.s-microsoft.com/image/apps.62590.13857167060529392.e13b9b17-ea10-47f5-bff7-caee544712b1.553b1874-35d8-488e-85dd-e665c8161263,https://store-images.s-microsoft.com/image/apps.43695.13857167060529392.e13b9b17-ea10-47f5-bff7-caee544712b1.82c3345d-b95b-455f-877d-2e876f520510","액션,어드벤처",xbox
Bendy: Lone Wolf,http://www.xbox.com/ko-KR/games/store/bendy-lone-wolf/9NC1PNSVWP55/0017,https://www.xbox.com/ko-KR/games/store/bendy-lone-wolf/9NC1PNSVWP55/0017,2025-08-16,https://store-images.s-microsoft.com/image/apps.28107.13572825356510032.b8b717a7-c45b-43ff-a38b-4bc8fd0f0d50.1dcc8560-becb-4e48-9bbd-443664f37bc5,"Bendy: Lone Wolf®를 통해 잉크로 얼룩진 악몽을 경험하세요. 이 게임은 조이 드류 스튜디오의 일그러진 러버호스 스타일의 세계에서 펼쳐지는 스릴 넘치는 서바이벌 어드벤처입니다. 외로운 늑대 보리스가 되어 끝없이 변화하는 복도를 누비며 괴기스러운 만화 괴물, 치명적인 함정, 그리고 집요하게 추격하는 잉크 데몬과 맞서 싸우세요. 매일매일 새로운 도전이 펼쳐지는 이 심장 쫄깃한 여정에서 끝까지 살아남고 진실을 밝혀내세요.
 
 • 극한의 생존: 점점 더 커지는 위험에 맞서 자신의 실력을 테스트하세요. 곳곳에 적과 장애물이 도사리는 위험한 복도를 헤쳐나가고, 물자를 찾고, 무기를 제작하고, 애니메이션 스튜디오의 수수께끼 같은 기계에 숨겨진 어두운 비밀을 밝혀내세요.
 
 • 어둠과의 전투: 정확하고 적절한 공격과 영리한 함정 전력으로 다크 퍼들에서 튀어나오는 기괴한 괴물들과 맞서 싸우세요. 괴물에게 압도당하기 전에 그림자 속으로 다시 몰아넣어야 합니다. 이 무자비한 만화 호러에서 방심은 금물입니다.
 
 • 잉크 데몬으로부터의 탈출: 잉크 데몬은 당신의 일거수일투족을 추적하고, 그가 다가오면 당신의 심장 박동 소리가 커지면서 위험을 알립니다. 이 숨막히는 쫓고 쫓기는 게임에서 달리고, 숨고, 머리를 써서 이 무자비한 존재를 따돌리세요. 어디에도 안전한 곳은 없습니다.
 
 • 끝없는 공포의 세계: 절차적으로 생성되어 매번 플레이할 때마다 새롭고 예측 불가능한 환경을 탐험하세요. 공포의 스튜디오부터 악몽의 만화 세계까지, 변화무쌍한 Bendy: Lone Wolf®의 세계는 매번 새로운 여정을 선보입니다.
 
 • 최적화된 경험: 콘솔에 어울리는 놀라운 비주얼과 반응성 높은 조작감으로 게임에 깊이 몰입하세요. 부드러운 게임플레이, 소름 끼치는 오디오, 직관적인 메커니즘이 잉크로 가득한 공포 속으로 당신을 더욱 깊이 끌어들일 것입니다.
 
 조이 드류 스튜디오의 비밀을 파헤칠 마음의 준비가 되셨나요? 과연 당신은 어둠을 이겨낼 수 있을까요? 아니면 어둠에 삼켜지고 말까요? 지금 Bendy: Lone Wolf®를 플레이하고 궁극의 생존 도전을 시작하세요.",Bendy: Lone Wolf,Joey Drew Studios,"https://store-images.s-microsoft.com/image/apps.28107.13572825356510032.b8b717a7-c45b-43ff-a38b-4bc8fd0f0d50.1dcc8560-becb-4e48-9bbd-443664f37bc5,https://store-images.s-microsoft.com/image/apps.15291.13572825356510032.b8b717a7-c45b-43ff-a38b-4bc8fd0f0d50.9e3df661-40fd-4717-9ce1-e42933b01be3,https://store-images.s-microsoft.com/image/apps.47101.13572825356510032.b8b717a7-c45b-43ff-a38b-4bc8fd0f0d50.26af0ee5-103e-459a-b23a-3ac72d886329,https://store-images.s-microsoft.com/image/apps.39999.13572825356510032.b8b717a7-c45b-43ff-a38b-4bc8fd0f0d50.5380888c-2123-400e-aa62-ae0de7edcee1,https://store-images.s-microsoft.com/image/apps.48103.13572825356510032.b8b717a7-c45b-43ff-a38b-4bc8fd0f0d50.ccd64ab8-b367-4b7a-bb14-8149a6476d71,https://store-images.s-microsoft.com/image/apps.46141.13572825356510032.b8b717a7-c45b-43ff-a38b-4bc8fd0f0d50.449edb79-5df0-4846-a3f9-8a1d9137166c,https://store-images.s-microsoft.com/image/apps.23844.13572825356510032.b8b717a7-c45b-43ff-a38b-4bc8fd0f0d50.6d87af93-9b7c-459d-969a-5f76b59a0014,https://store-images.s-microsoft.com/image/apps.19189.13572825356510032.b8b717a7-c45b-43ff-a38b-4bc8fd0f0d50.cd4ac258-0c67-48a7-a75a-788aaf3cff37,https://store-images.s-microsoft.com/image/apps.61892.13572825356510032.b8b717a7-c45b-43ff-a38b-4bc8fd0f0d50.27a30ded-cfa1-42f9-baf7-c50dcf8cb900,https://store-images.s-microsoft.com/image/apps.61865.13572825356510032.b8b717a7-c45b-43ff-a38b-4bc8fd0f0d50.b7f25a29-2567-4b9d-8d0d-c2168a3cff45,https://store-images.s-microsoft.com/image/apps.16260.13572825356510032.b8b717a7-c45b-43ff-a38b-4bc8fd0f0d50.a97ed12c-b177-4783-ba59-3d5288571504,https://store-images.s-microsoft.com/image/apps.18427.13572825356510032.b8b717a7-c45b-43ff-a38b-4bc8fd0f0d50.5538a2b8-e937-467d-b2f8-80d70dd72a4e,https://store-images.s-microsoft.com/image/apps.49501.13572825356510032.b8b717a7-c45b-43ff-a38b-4bc8fd0f0d50.42672e78-4290-4908-b623-70c5d72cb100,https://store-images.s-microsoft.com/image/apps.57734.13572825356510032.b8b717a7-c45b-43ff-a38b-4bc8fd0f0d50.c3ba76f0-05db-4b3d-8f4d-df37673cb857,https://store-images.s-microsoft.com/image/apps.36766.13572825356510032.b8b717a7-c45b-43ff-a38b-4bc8fd0f0d50.d6246b8e-3883-4117-b59a-3bb8633cb509","액션,어드벤처,기타",xbox
Delta Force,http://www.xbox.com/ko-KR/games/store/delta-force/9PC589BV8BK6/0017,https://www.xbox.com/ko-KR/games/store/delta-force/9NRMZXGKP4NM/0010,2025-08-19,https://store-images.s-microsoft.com/image/apps.34220.14384498519099716.ed8b94c7-0a6a-4729-be67-b03484a4b4e3.c44faaf6-a3b4-456a-97b0-67e125547dd7,"<Delta Force>의 귀환!

돌아온 클래식 시리즈! 무료 플레이를 지원하는 팀 베이스 현대 전술 사격 게임이 3종의 독특한 게임 모드를 선보입니다.

- 전면전: 육해공을 넘나드는 전장에서 32 v 32 PvP 전투로 적과 맞서며, 다양한 탈것과 독특한 전술 장비를 경험하세요.

- 비콘 에어리어: <Delta Force>의 새로운 철수 모드에서는 분대와 함께 적 후방에 잠입하게 됩니다. 귀중품을 수색하며 적 플레이어와 맞서 싸우고, 위험 지역에서 신속히 철수하세요. 또한, PvE 협력 작전에는 목표 기반의 도전적인 임무가 제공됩니다. 분대의 한계를 시험해 보세요.

- <블랙 호크 다운>: 이 클래식 시리즈의 리메이크 버전에서 플레이어는 전설적인 Delta Force의 오퍼레이터가 되어 2001년 걸작 영화를 기반으로 한 캠페인을 경험하게 됩니다.

우리는 과금 없이도 강해질 수 있다는 원칙을 지켜나가며, 커뮤니티의 피드백을 경청하고 게임 개발에 반영합니다. 공정한 플레이는 가장 중요한 가치이며, G.T.I. Security 부정행위 방지 전담 팀이 규정 위반 플레이어를 식별 및 제재하여 공정한 게임 환경을 조성해 나갈 것입니다.

기억하세요...

“단 한 명의 플레이어, 단 한 명의 분대원도 포기하지 않습니다.”",Delta Force,Team Jade,"https://store-images.s-microsoft.com/image/apps.34220.14384498519099716.ed8b94c7-0a6a-4729-be67-b03484a4b4e3.c44faaf6-a3b4-456a-97b0-67e125547dd7,https://store-images.s-microsoft.com/image/apps.23281.14384498519099716.dd97b8ad-a9ec-45b6-bf2a-dcbd2c44ec3c.20212a72-5248-4351-a028-16b9c40fe9ed,https://store-images.s-microsoft.com/image/apps.45268.14384498519099716.dd97b8ad-a9ec-45b6-bf2a-dcbd2c44ec3c.113b00c0-fe06-4c7e-8c61-41326e63719e,https://store-images.s-microsoft.com/image/apps.14734.14384498519099716.dd97b8ad-a9ec-45b6-bf2a-dcbd2c44ec3c.11719695-698e-41fe-a474-665decf6094b,https://store-images.s-microsoft.com/image/apps.22188.14384498519099716.dd97b8ad-a9ec-45b6-bf2a-dcbd2c44ec3c.34f76477-e250-4396-a62e-1383553ff26b,https://store-images.s-microsoft.com/image/apps.51467.14384498519099716.dd97b8ad-a9ec-45b6-bf2a-dcbd2c44ec3c.c4578f10-28c9-48a3-83c2-701792f17a35,https://store-images.s-microsoft.com/image/apps.63292.14384498519099716.dd97b8ad-a9ec-45b6-bf2a-dcbd2c44ec3c.65d3340b-f5a7-46dc-89ba-8ad65dca88ea,https://store-images.s-microsoft.com/image/apps.15409.14384498519099716.dd97b8ad-a9ec-45b6-bf2a-dcbd2c44ec3c.d7079746-e674-42de-b158-f142af9d35ca,https://store-images.s-microsoft.com/image/apps.22573.14384498519099716.dd97b8ad-a9ec-45b6-bf2a-dcbd2c44ec3c.0c4d2adf-d22b-4a2e-8737-83142318e31a,https://store-images.s-microsoft.com/image/apps.25124.14384498519099716.dd97b8ad-a9ec-45b6-bf2a-dcbd2c44ec3c.e6087204-a855-4fa0-8ba5-ec7e4d7a1a34",슈팅,xbox
Heart of Ice by Dave Morris,http://www.xbox.com/ko-KR/games/store/heart-of-ice-by-dave-morris/9NLTGL4D55L8/0017,https://www.xbox.com/ko-KR/games/store/heart-of-ice-by-dave-morris/9NLTGL4D55L8/0017,2025-08-20,https://store-images.s-microsoft.com/image/apps.4475.13700928068100279.8c535a26-7616-41cf-b1c9-dc863d96e244.31639d6b-167b-43d7-9f97-38c97a71a02d,"A CLASSIC SCI-FI STORY

The end of the 23rd century. Earth lies in the grip of a new Ice Age. Famine, cold and fanatic cults threaten what is left of civilization. Humanity is on the brink of extinction.

Nine of the strongest heroes of the age come seeking the ultimate prize: the Heart of Volent, an object with the power to reshape reality. All are ruthless, powerful, determined. To succeed they must work together. But only one can have the Heart.

Choose your alliances with care. Weigh up who to trust. Be ready for betrayal. When the moment comes, the future of mankind will rest on your judgement.

A REIMAGINED ADVENTURE

Step into a world where you control the unfolding narrative. In this interactive adventure, every choice you make shifts the story’s direction.

Unlock hidden ""Story Moments""—exclusive scenes and key revelations that can only be uncovered by making the right choices.",Heart of Ice by Dave Morris,Infinite Zone,"https://store-images.s-microsoft.com/image/apps.4475.13700928068100279.8c535a26-7616-41cf-b1c9-dc863d96e244.31639d6b-167b-43d7-9f97-38c97a71a02d,https://store-images.s-microsoft.com/image/apps.39880.13700928068100279.8c535a26-7616-41cf-b1c9-dc863d96e244.c4556c59-b0a6-415b-ae75-9199510fa9df,https://store-images.s-microsoft.com/image/apps.11406.13700928068100279.8c535a26-7616-41cf-b1c9-dc863d96e244.73a58eef-bc25-4fbb-8b9d-5fde5c625c5e,https://store-images.s-microsoft.com/image/apps.53964.13700928068100279.8c535a26-7616-41cf-b1c9-dc863d96e244.72aa19e3-04f1-4680-8dd6-fbffc0b015b1,https://store-images.s-microsoft.com/image/apps.24030.13700928068100279.8c535a26-7616-41cf-b1c9-dc863d96e244.12e6c9f6-cf05-4d32-9d04-6c58abef4da3","액션,어드벤처,기타,퍼즐,퀴즈",xbox
City of Springs,http://www.xbox.com/ko-KR/games/store/city-of-springs/9NWD05QJXV0B/0017,https://www.xbox.com/ko-KR/games/store/city-of-springs/9NWD05QJXV0B/0017,2025-08-20,https://store-images.s-microsoft.com/image/apps.7154.14451542417478517.85bb0ba3-e989-4aa6-b4a9-3076bda76ceb.510c456e-b53c-49ff-9ffd-93be992968db,"""There... Can you hear it? Something is off in the way this city ticks. Let's find out what.""

Sneak, fight and craft drones to take down a corrupt regime in this steampunk action adventure!

The city of Riveton has only one hope for freedom - you.

Play as Val, a brilliant mechanic from the slums who won’t stand for the injustices she witnesses daily. While the Queen’s chosen elite flaunt their wealth, ordinary people work night and day to keep the springwork foundries running - all while the ministries breathe down their necks. Every aspect of life in Riveton is regulated, and your rations will be cut if you so much as think about protesting.

Despite this, there is beauty in this last city on earth. People try to make the most of life even while facing resource shortages and the oppression of the Queen’s regime. Val is determined to help them.

Be the spark that ignites a revolution!

Craft and assemble robot drones to fight off a cruel regime in City of Springs. Sneak into forbidden areas, help the people rebel, and explore the streets of Riveton. Combat robotic guards with little drones you build from the scrap you find on the street. Help the populace in a time where food and water are scarce, and seek a smarter way to live.

Fight fire with fire, and fix what’s broken in this oppressed clockwork city.",City of Springs,The Naked Dev,"https://store-images.s-microsoft.com/image/apps.7154.14451542417478517.85bb0ba3-e989-4aa6-b4a9-3076bda76ceb.510c456e-b53c-49ff-9ffd-93be992968db,https://store-images.s-microsoft.com/image/apps.35916.14451542417478517.85bb0ba3-e989-4aa6-b4a9-3076bda76ceb.edd53829-2e0f-4493-96e5-6af376925183,https://store-images.s-microsoft.com/image/apps.63049.14451542417478517.85bb0ba3-e989-4aa6-b4a9-3076bda76ceb.92e3a32b-d9a9-4aad-ba4f-54ea6c761bc7,https://store-images.s-microsoft.com/image/apps.7610.14451542417478517.85bb0ba3-e989-4aa6-b4a9-3076bda76ceb.56d06f3c-222e-4c95-9bd3-efc83d42004c","액션,어드벤처",xbox
Black Myth: Wukong,http://www.xbox.com/ko-KR/games/store/wyyioyvvv0g6rka7j2aioyloo2zldog7jik6ro1/9P2691N36RHP/0017,https://www.xbox.com/ko-KR/games/store/6rka7j2aioyloo2zldog7jik6ro1/9NWQ1Q1FR0C9/0010,2025-08-20,https://store-images.s-microsoft.com/image/apps.32876.14440549613106092.b31249c1-76f7-4d2f-bc17-75d6d2d5bba4.877fc7c8-68af-465d-bdb5-8be873822f70,"《검은 신화: 오공》은 중국 신화를 배경으로 하는 액션 RPG 게임입니다. 이 이야기는 중국의 사대기서 중 하나인 《서유기》를 기반으로 합니다. 당신은 '천명을 지닌 자'가 되어 과거의 전설 속 진실을 밝히기 위해, 위험과 놀라움이 가득한 서역으로의 여정에 나서게 됩니다.

• 웅장하며 아름답고, 기이하며 다채로운 동방의 판타지
끝없이 펼쳐지는 신비로운 세상. 현실과 환상이 공존하는 동방의 판타지 세계로 여러분을 초대합니다!
천명을 지닌 자는 서유기의 발자취를 따라 환상적이고 색다른 배경 속에서 그 누구도 알지 못했던 모험의 서사시를 다시 써 내려갈 것입니다.

• 다시 찾아온 요마와 귀신들
신화 속 강력한 마왕들 및 서로 다른 강점을 지닌 강력한 요괴들은 《서유기》의 하이라이트 중 하나입니다.
천명을 지닌 자는 수많은 적들을 만나고 목숨을 건 지상 최대의 전투를 벌이게 됩니다.

• 대지를 뒤흔드는 갖가지의 신통력
불로장생의 법술부터 천변만화하는 둔갑술까지 다양한 상성을 지닌 가지각색의 법술, 변신술, 법보는 중국 신화 속에서 늘 등장해 왔던 대표적인 전투 요소입니다.
천명을 지닌 자로서 여러 봉술 외에도 다양한 법술, 변화술, 특성, 무기, 장비 등을 자유롭게 조합하여 자신에게 가장 적합한 전투 방식을 찾아 전투에서 승리를 거두어 보세요.

• 삼라만상 속 저마다의 사연을 지닌 군상들
저마다 감춰둔 그들만의 이야기. 흉악하고 교활한 그들의 모습은 그저 표면적인 것일 뿐, 그들의 과거, 동기는 스토리를 더욱 흥미롭게 만들어 줍니다.
천명을 지닌 자는 전투 외에도 각 인물들의 배경 이야기를 알아가면서, 그들의 사랑과 증오, 탐욕과 분노, 과거와 현재의 삶을 이해하게 됩니다.","Black Myth: Wukong,검은 신화: 오공",Game Science,"https://store-images.s-microsoft.com/image/apps.32876.14440549613106092.b31249c1-76f7-4d2f-bc17-75d6d2d5bba4.877fc7c8-68af-465d-bdb5-8be873822f70,https://store-images.s-microsoft.com/image/apps.56649.14440549613106092.b31249c1-76f7-4d2f-bc17-75d6d2d5bba4.75f53d65-8fb5-4d6d-80c1-b0fb44911574,https://store-images.s-microsoft.com/image/apps.26180.14440549613106092.b31249c1-76f7-4d2f-bc17-75d6d2d5bba4.a3d20533-982d-4a35-bdcf-e3113b04bb33,https://store-images.s-microsoft.com/image/apps.24358.14440549613106092.b31249c1-76f7-4d2f-bc17-75d6d2d5bba4.c49e1c0f-915a-4c3d-9a84-ed893e2cc2fc,https://store-images.s-microsoft.com/image/apps.40474.14440549613106092.b31249c1-76f7-4d2f-bc17-75d6d2d5bba4.32f7631a-2378-410d-8e16-17433765836e,https://store-images.s-microsoft.com/image/apps.56465.14440549613106092.b31249c1-76f7-4d2f-bc17-75d6d2d5bba4.b4b9369c-5451-465f-a0e7-a25d546aec86,https://store-images.s-microsoft.com/image/apps.24077.14440549613106092.b31249c1-76f7-4d2f-bc17-75d6d2d5bba4.cc63a7bc-3a7c-4e05-b5aa-3c050f6042d6,https://store-images.s-microsoft.com/image/apps.56189.14440549613106092.b31249c1-76f7-4d2f-bc17-75d6d2d5bba4.f770971e-a117-4887-bc2e-9f91c2321a1a,https://store-images.s-microsoft.com/image/apps.34917.14440549613106092.b31249c1-76f7-4d2f-bc17-75d6d2d5bba4.b0cec122-5a66-4aa7-9e86-0a29fd072bcd,https://store-images.s-microsoft.com/image/apps.36518.14440549613106092.b31249c1-76f7-4d2f-bc17-75d6d2d5bba4.e95c7e34-e098-42ea-9970-cbc152a898ac,https://store-images.s-microsoft.com/image/apps.36518.14440549613106092.b31249c1-76f7-4d2f-bc17-75d6d2d5bba4.e95c7e34-e098-42ea-9970-cbc152a898ac","액션,어드벤처,롤플레잉",xbox
CritterGarden,http://www.xbox.com/ko-KR/games/store/crittergarden/9NJJ37WR3JT3/0017,https://www.xbox.com/ko-KR/games/store/crittergarden/9NJJ37WR3JT3/0017,2025-08-20,https://store-images.s-microsoft.com/image/apps.7776.13680131515361934.abef4496-b5d7-4965-a66e-9784a8ef075a.acf973d3-8f88-45dd-8ef7-18e5e4e88aac,"Breed, feed, and collect cute Critters in this cozy, relaxing farm sim that is easy to pick up and play for everyone! Critters have complex emotional needs that must be balanced to keep them alive and happy. Critters need to eat, and each species has a unique diet. Discover new Critters by evolving the ones that are present in your garden to complete your Critter Phylogeny! Every Critter’s ancestry can be traced on the grand tree of life – who knows what kinds of great beasts might descend from your humble Slimes?

Craft Unique Creations and Discover New Life: Get creative! Create distinctive gardens with biome-specific needs and features, including traditional farms, cactus gardens, forests of fruit trees, and more! Unlock research upgrades to enhance the efficiency of your gardening, such as faster tools, quicker Critter breeding, and earning more currency. Paying attention to the specific evolution requirements of Critters and growing conditions of plants will help you check off every task in your journal to achieve 100% completion in growing your collection of life!

Tend to Crops and Sell Your Harvest: Through gardening and crafting recipes, you can create balanced ecosystems across nine unique biomes. From the desert to the arctic, manage your resources and space to support plenty of plant and Critter species. Each plant thrives in specific biomes and on suitable surface conditions! Care for your crops' unique needs, and experiment with different care techniques to see the best results in your harvest. Sow and grow your seeds, feed your Critters, and sell what’s left to purchase unlockable tools, farm layouts, designs, and items that help automate and improve the efficiency of your gardening tasks!",CritterGarden,Minjonia Studios,"https://store-images.s-microsoft.com/image/apps.7776.13680131515361934.abef4496-b5d7-4965-a66e-9784a8ef075a.acf973d3-8f88-45dd-8ef7-18e5e4e88aac,https://store-images.s-microsoft.com/image/apps.6288.13680131515361934.abef4496-b5d7-4965-a66e-9784a8ef075a.85761179-02f7-49bf-8250-4adaa38104ed,https://store-images.s-microsoft.com/image/apps.28912.13680131515361934.abef4496-b5d7-4965-a66e-9784a8ef075a.35cc315c-9362-4d09-abdf-90ac2cd00b76,https://store-images.s-microsoft.com/image/apps.41303.13680131515361934.abef4496-b5d7-4965-a66e-9784a8ef075a.2f81852d-2cae-47dc-b30a-4cc22238a3d5,https://store-images.s-microsoft.com/image/apps.61843.13680131515361934.abef4496-b5d7-4965-a66e-9784a8ef075a.7670cfb4-12c9-4804-b814-233ca03a53b5,https://store-images.s-microsoft.com/image/apps.5787.13680131515361934.abef4496-b5d7-4965-a66e-9784a8ef075a.751b7a7c-1a0c-4702-a99d-ed42862f07bb,https://store-images.s-microsoft.com/image/apps.991.13680131515361934.abef4496-b5d7-4965-a66e-9784a8ef075a.f2a593fe-2b7a-41bc-af8e-ab1985b92436,https://store-images.s-microsoft.com/image/apps.9161.13680131515361934.abef4496-b5d7-4965-a66e-9784a8ef075a.15f0d8bf-2871-4093-9fd8-c73f5f40a6d4",시뮬레이션,xbox
Golden Knight,http://www.xbox.com/ko-KR/games/store/golden-knight/9NXQSNNPGVB1/0017,https://www.xbox.com/ko-KR/games/store/golden-knight/9NXQSNNPGVB1/0017,2025-08-20,https://store-images.s-microsoft.com/image/apps.32976.14495370862045074.fc444393-617c-440e-b164-153d5c899bf0.0b37a692-3057-4b54-be74-0e93cbecd96a,"In Golden Knight, you embark on an epic journey to defeat the forces of darkness that have taken over the kingdom of Valerond. As the legendary hero Golden Knight, a defender of endangered kingdoms, you were caught off guard by the encroaching darkness while traveling through the region. Determined to save the kingdom, you venture through mysterious forests and treacherous castles, facing hordes of enemies and deadly challenges.

This mini metroidvania RPG platformer offers an immersive experience where exploration, combat, and progression are key to victory. With high-quality 2D pixel art graphics, each environment and enemy comes to life in stunning detail as you explore the world and seek a way to restore peace.

-Exploration and Action: Travel through dark forests and sinister castles, facing unique challenges as you explore to find treasures and essential resources for your journey.

-Upgrades and Progression: Collect coins, discover campsites, and improve your abilities, such as attack and health, to become stronger as you advance. Prepare to face increasingly powerful enemies.

-Dynamic Combat: Unleash your combat power with your sword, jump to avoid enemies or traps, and use your dash to dodge or hit enemies at long range.

-Challenging Enemies and Bosses: Encounter a variety of enemies like slimes, skeletons, zombies, and bats. Get ready to confront terrifying bosses, including the Demon Bat, a giant evil eye, and the powerful Dark Mage.

-Deadly Traps: Beware of traps scattered along the way, such as spikes, darts, and scythes, which require skill and precision to overcome.

-Immersive Music: The soundtrack, inspired by classic medieval music, creates an epic and immersive atmosphere, enhancing the gameplay experience.

-Linear and Focused Gameplay: Complete levels, defeat bosses, and progress through the world of Valerond to restore peace and defeat the forces of evil.

-Single-Player Mode: An intense, player-focused experience, ideal for those who love action and exploration challenges.

If you're ready to embark on an epic journey of action, exploration, and heroism, then Golden Knight is the game you've been waiting for. Unleash the hero within, face the darkness, and restore the glory of the kingdom of Valerond!",Golden Knight,Guará Studios,"https://store-images.s-microsoft.com/image/apps.32976.14495370862045074.fc444393-617c-440e-b164-153d5c899bf0.0b37a692-3057-4b54-be74-0e93cbecd96a,https://store-images.s-microsoft.com/image/apps.1204.14495370862045074.fc444393-617c-440e-b164-153d5c899bf0.db0b6f4e-6114-4e08-8f7c-de5d86090324,https://store-images.s-microsoft.com/image/apps.12811.14495370862045074.fc444393-617c-440e-b164-153d5c899bf0.774980eb-d801-4956-a28b-e16fb1e4eb6a,https://store-images.s-microsoft.com/image/apps.27235.14495370862045074.fc444393-617c-440e-b164-153d5c899bf0.563a40c3-772a-4d74-8cd5-3b1d19fe9992,https://store-images.s-microsoft.com/image/apps.49597.14495370862045074.fc444393-617c-440e-b164-153d5c899bf0.6ee46d07-3a31-4ea8-9396-ce0433ee9f45,https://store-images.s-microsoft.com/image/apps.32880.14495370862045074.fc444393-617c-440e-b164-153d5c899bf0.c5679d6f-3db6-4d5f-95eb-9c6d6106f7a8,https://store-images.s-microsoft.com/image/apps.39319.14495370862045074.fc444393-617c-440e-b164-153d5c899bf0.abd60a1e-e445-49f6-8706-3ee1c5ab0562,https://store-images.s-microsoft.com/image/apps.12122.14495370862045074.fc444393-617c-440e-b164-153d5c899bf0.0068d5d5-a708-49bc-936f-0f869a3dc85f,https://store-images.s-microsoft.com/image/apps.41482.14495370862045074.fc444393-617c-440e-b164-153d5c899bf0.6ef5bc29-4808-42ba-b89a-a190eb9ae0d2,https://store-images.s-microsoft.com/image/apps.50757.14495370862045074.fc444393-617c-440e-b164-153d5c899bf0.62ca49b9-e748-4f1d-b8e6-05085a7983d0,https://store-images.s-microsoft.com/image/apps.16747.14495370862045074.fc444393-617c-440e-b164-153d5c899bf0.614ee190-cc8b-4f8a-9068-efa8435feec6,https://store-images.s-microsoft.com/image/apps.61965.14495370862045074.fc444393-617c-440e-b164-153d5c899bf0.1c1b9600-b99c-46e3-a843-c7a63f878c78,https://store-images.s-microsoft.com/image/apps.55733.14495370862045074.fc444393-617c-440e-b164-153d5c899bf0.1376a501-4edd-4b68-8227-c8ccddf80db5,https://store-images.s-microsoft.com/image/apps.37908.14495370862045074.fc444393-617c-440e-b164-153d5c899bf0.7f479438-94f5-4efd-99ad-815a01190458,https://store-images.s-microsoft.com/image/apps.20429.14495370862045074.fc444393-617c-440e-b164-153d5c899bf0.d7f48f8f-b681-402a-be01-ffd2fc249023","플랫포머,액션,어드벤처",xbox
Discounty : 크레이지 마트,http://www.xbox.com/ko-KR/games/store/discounty/9MX2JR436QFW/0017,https://www.xbox.com/ko-KR/games/store/discounty/9MX2JR436QFW/0017,2025-08-21,https://store-images.s-microsoft.com/image/apps.60932.13827812399510110.ecd5846a-3a64-4d98-9523-722a0df6a35a.a0460d29-2b12-4764-9a35-d71241c900a5,"이 아늑한 분위기의 경영 시뮬레이션 RPG에서 자기만의 슈퍼마켓을 경영하고, 블롬케스트의 끈끈한 정으로 맺어진 지역 사회를 만나보고, 친구 또는 적을 만들며 마을의 비밀을 파헤쳐 보세요! 

별난 항구 마을 블롬케스트로 어서 오세요. 여러분의 이모가 이곳에 하나밖에 없는 슈퍼마켓의 운영을 여러분에게 맡겼습니다. 가게를 디자인 및 정돈하고, 재고량을 관리하고, 계산대에서 일하고, 거래 계약을 체결하세요. 지역 사회의 인간 관계를 파악하며 매력적인 현지 주민들과 친해지고, 사업을 성장시켜야 합니다. 가능한 모든 수단을 동원해 사업을 확장하되, 이 끈끈한 지역 사회에서 너무 빠른 성장은 반발을 살 수 있다는 점을 잊지 마세요. 끝없는 수익을 추구하실 건가요? 아니면 블롬케스트의 모두를 위할 방법을 찾으실 건가요?

블롬케스트로의 뜨뜻미지근한 환영
쇠락한 항구 마을인 블롬케스트. 여러분은 이곳의 '디스카운티'라는 가게를 맡아 달라는 이모의 초대를 받았습니다. 하지만 여러분의 성공을 바라지 않는 이들도 있으니 조심하세요.

친구(또는 평생의 원수)를 만드세요 
영업 시간이 끝나면 블롬케스트를 둘러보며 마을 주민들과 친해질 수 있습니다. 주민들을 디스카운티의 단골 고객으로 만들고, 마을의 비밀을 파헤치세요. 

나만의 가게를 디자인하고 꾸미세요
선반과 상품을 다시 배치해 눈길을 끌고 효율적인 가게를 만드세요. 물건을 쉽게 둘러볼 수 있는 통로를 디자인하고, 소비자의 구매욕을 자극하는 장식을 추가하세요!

주민들과 거래 계약을 체결하세요
블롬케스트 주민들은 외지인을 달갑지 않게 생각합니다. 제조업자의 신뢰를 얻고, 거래 계약을 체결하고, 지역 특산물을 판매해 디스카운티의 수익을 끌어올리세요!

점장의 의무를 잘 수행하세요
선반에 상품을 채우고, 바닥을 청소하고, 창고를 정돈하세요. 고객이 불만을 가지지 않도록 제때 계산을 해줘야 합니다! 기다리는 것을 좋아하는 사람은 아무도 없으니까요...

슈퍼마켓을 제국으로 확장하세요!
급증하는 수익을 재투자해 성장하세요! 더 많은 재고를 쌓아 둘 수 있도록 가게를 확장하고, 온 마을에 홍보하세요! 

점장을 맞춤 설정하세요
나만의 스타일을 드러내는 외형, 의상, 이름을 고르세요. 현명하신 이모님은 여러분이 어떤 모습을 하고 있든 알아볼 것입니다.",Discounty : 크레이지 마트,Crinkle Cut Games,"https://store-images.s-microsoft.com/image/apps.60932.13827812399510110.ecd5846a-3a64-4d98-9523-722a0df6a35a.a0460d29-2b12-4764-9a35-d71241c900a5,https://store-images.s-microsoft.com/image/apps.32494.13827812399510110.ecd5846a-3a64-4d98-9523-722a0df6a35a.f854a820-8748-4a5f-8b30-a44674b09456,https://store-images.s-microsoft.com/image/apps.26404.13827812399510110.ecd5846a-3a64-4d98-9523-722a0df6a35a.451e48cf-698f-42ed-9006-d4ebe2007aab,https://store-images.s-microsoft.com/image/apps.14942.13827812399510110.ecd5846a-3a64-4d98-9523-722a0df6a35a.911f172d-7bae-458d-b953-8d314cdac6c0,https://store-images.s-microsoft.com/image/apps.13822.13827812399510110.ecd5846a-3a64-4d98-9523-722a0df6a35a.b89ce40a-fbc3-4c61-b7d3-1c9e69aad1b1,https://store-images.s-microsoft.com/image/apps.37441.13827812399510110.ecd5846a-3a64-4d98-9523-722a0df6a35a.d0adc6da-e690-4ddc-8c1b-c634d3322e18,https://store-images.s-microsoft.com/image/apps.27705.13827812399510110.ecd5846a-3a64-4d98-9523-722a0df6a35a.a85fdf8d-2911-49d9-837f-c6a8ac7e3ee6,https://store-images.s-microsoft.com/image/apps.56226.13827812399510110.ecd5846a-3a64-4d98-9523-722a0df6a35a.13b373d3-c7d1-49ca-9e26-57b3e1b4aa52,https://store-images.s-microsoft.com/image/apps.42009.13827812399510110.ecd5846a-3a64-4d98-9523-722a0df6a35a.7c389e9f-a1db-44ce-b656-51859c3697ab,https://store-images.s-microsoft.com/image/apps.60703.13827812399510110.ecd5846a-3a64-4d98-9523-722a0df6a35a.fd1d7c8c-cea8-49ec-a433-a814d7279c0e","롤플레잉,시뮬레이션",xbox
Herdling,http://www.xbox.com/ko-KR/games/store/herdling/9NNHK7K8RV9C/0017,https://www.xbox.com/ko-KR/games/store/herdling/9NNHK7K8RV9C/0017,2025-08-21,https://store-images.s-microsoft.com/image/apps.37034.13742556933276558.18482d02-be15-4aa7-9167-344cf5b5f4ed.18837d1e-b5f1-4fb0-9024-e5913e06b6ca,"Herdling은 몰입감 있는 분위기로 찬사를 받은 FAR 게임의 제작사인 Okomotive와 Firewatch의 퍼블리셔인 Panic이 선사하는 새로운 어드벤처 게임입니다.

사랑스러운 짐승 무리와 함께 산맥으로 모험을 떠나보세요. 산길을 오르며 으스스한 위험과 예상 밖의 장애물을 마주하고, 수수께끼가 있는 정상을 향해 나아가야 합니다.",Herdling,Okomotive,"https://store-images.s-microsoft.com/image/apps.37034.13742556933276558.18482d02-be15-4aa7-9167-344cf5b5f4ed.18837d1e-b5f1-4fb0-9024-e5913e06b6ca,https://store-images.s-microsoft.com/image/apps.34755.13742556933276558.18482d02-be15-4aa7-9167-344cf5b5f4ed.52d997ab-6294-43bd-92d7-3e26e6dddaeb,https://store-images.s-microsoft.com/image/apps.24389.13742556933276558.18482d02-be15-4aa7-9167-344cf5b5f4ed.ec0bf9dd-9d8e-4dbb-a7fe-76215579fe09,https://store-images.s-microsoft.com/image/apps.26751.13742556933276558.18482d02-be15-4aa7-9167-344cf5b5f4ed.d9a4308a-5c71-4976-b20f-ac32a6d8c481,https://store-images.s-microsoft.com/image/apps.44136.13742556933276558.18482d02-be15-4aa7-9167-344cf5b5f4ed.2507684e-19cf-413f-88a2-07ff8ce09c24,https://store-images.s-microsoft.com/image/apps.39891.13742556933276558.18482d02-be15-4aa7-9167-344cf5b5f4ed.116243ba-6266-43ce-96f0-ad7dcd98be30,https://store-images.s-microsoft.com/image/apps.57234.13742556933276558.18482d02-be15-4aa7-9167-344cf5b5f4ed.74a6bec0-ad30-4625-95ca-1abc011818a9,https://store-images.s-microsoft.com/image/apps.30152.13742556933276558.18482d02-be15-4aa7-9167-344cf5b5f4ed.888d6049-4aa8-4106-b7ec-eca95119340a","액션,어드벤처,시뮬레이션",xbox
Firefighting Simulator: Ignite,http://www.xbox.com/ko-KR/games/store/firefighting-simulator-ignite-year-1-edition/9P5G2CQF22BF/0017,https://www.xbox.com/ko-KR/games/store/firefighting-simulator-ignite/9N8RKWJT32L4/0010,2025-09-09,https://store-images.s-microsoft.com/image/apps.49338.14039390486448903.ada72ba2-8178-465b-baeb-b2583c1d0b05.f3471207-c6eb-41ea-8f24-ba94f0a02e39,"힘을 합쳐 화재를 진압하라. Firefighting Simulator: Ignite에서 다양한 미국 중서부 도시의 소방관으로 거듭나 대원들과 함께 힘을 합쳐 자신의 한계를 시험하는 예측 불가능한 위험과 화재에 맞서 싸우며 생명을 구조하세요. 직관적인 협동 멀티플레이어 모드에서 3명의 친구 또는 NPC 대원과 함께 놀라운 그래픽으로 구현된 화재 진압 현장을 경험하세요. Unreal Engine 5 기반의 최첨단 물리 및 그래픽 시스템이 실시간으로 구현하는 맹렬한 불길과 열기, 연기에 맞서며 전에 없는 방식으로 소방 활동에 푹 빠져보세요. 

경력을 쌓아가며 고립된 시민, 전기 화재, 가연성 액체, 기름으로 인한 화재, 백드래프트, 섬락, 폭발 등 다양한 상황에 도전하세요. 소방용 호스, 전기톱, 할리건 장비, 도끼, 소화기 등 실제와 같이 구현된 소방 도구로 무장하고 충실한 고증을 바탕으로 구현된 소방차와 사다리차를 활용하세요. 적절한 소방 전략을 정확하게 수행해 격렬한 화마를 제압하세요. 임무마다 환기를 통한 화재 확산 방지, 과열된 물체 냉각, 장애물 제거, 공기 흐름 감소, 올바른 소화 약제 선택 등 실전과 같은 화재 진압 전략이 필요합니다. 그리고 닫힌 문을 뚫고 들어오는 엄청난 양의 연기처럼 대형 참사를 유발할 수 있는 현장의 위험 요소도 항상 주의하세요. 

하지만 너무 걱정할 필요는 없습니다. 평상시 소방서에서 올바른 화재 진압 방법과 장비 사용법을 배울 수 있으니까요. 임무가 없을 때는 휴식을 취하며 충실하게 재현된 Rosenbauer 소방차를 둘러보고 다음 임무를 선택하세요. 

그러면 긴급 신고가 접수됐을 때 가장 빠른 경로로 현장에 도착해 화재를 진압하고 대원들과 함께 사람들을 구할 수 있습니다. 


일상생활 속 영웅: 미국 소방관으로 거듭나세요
불타는 열정: 싱글플레이어 또는 멀티플레이어 모드에서 맹렬한 화재에 맞서 싸우세요
팀워크: 4인 협동 모드
힘을 합쳐 화재를 진압: 싱글플레이어 모드에서는 NPC 대원들과 힘을 합치세요
충실한 고증: HAIX®, Fire-Dex, STIHL, 등 미국을 대표하는 소방 장비를 사용해 보세요 
신속 대응: TP3® Pumper, Viper®, 68' Roadrunner 등 라이선스를 받아 현실과 똑같이 구현된 Rosenbauer America 소방차를 운전하세요
소방관 커리어: 8가지 캐릭터와 다양한 소방관복 세트 중에서 선택하세요
소방서: 화재 진압 실력을 키우고 다음 긴급 임무를 선택하세요. 
시뮬레이션: Unreal Engine 5 물리 엔진을 기반으로 불길, 열기, 물, 연기가 실제와 같이 구현되었습니다
콘솔 모딩: Mod.io 허브에서 새로운 콘텐츠를 다운로드하고 플레이하세요",Firefighting Simulator: Ignite,weltenbauer. Software Entwicklung GmbH,"https://store-images.s-microsoft.com/image/apps.49338.14039390486448903.ada72ba2-8178-465b-baeb-b2583c1d0b05.f3471207-c6eb-41ea-8f24-ba94f0a02e39,https://store-images.s-microsoft.com/image/apps.53007.14039390486448903.ada72ba2-8178-465b-baeb-b2583c1d0b05.da3c0e1b-0729-476a-8df2-de575390c033,https://store-images.s-microsoft.com/image/apps.63277.14039390486448903.ada72ba2-8178-465b-baeb-b2583c1d0b05.51fa2c20-e79a-4b06-ab9f-8c38216cb650,https://store-images.s-microsoft.com/image/apps.40747.14039390486448903.ada72ba2-8178-465b-baeb-b2583c1d0b05.ac4f3ddb-af15-4d53-88cc-70ac7860e3b2,https://store-images.s-microsoft.com/image/apps.32774.14039390486448903.ada72ba2-8178-465b-baeb-b2583c1d0b05.3e3eaca6-c956-489f-99ca-89015b5ee0c1,https://store-images.s-microsoft.com/image/apps.37511.14039390486448903.ada72ba2-8178-465b-baeb-b2583c1d0b05.68b05bc7-144e-4233-9580-69a45f8b8160,https://store-images.s-microsoft.com/image/apps.46419.14039390486448903.ada72ba2-8178-465b-baeb-b2583c1d0b05.d8dc4f02-f130-4c42-aa64-7db656716d81,https://store-images.s-microsoft.com/image/apps.46419.14039390486448903.ada72ba2-8178-465b-baeb-b2583c1d0b05.d8dc4f02-f130-4c42-aa64-7db656716d81",시뮬레이션,xbox
Borderlands 4,http://www.xbox.com/ko-KR/games/store/4/9NVSKL161M60/0017,https://www.xbox.com/ko-KR/games/store/4/9MX6HKF5647G/0010,2025-09-12,https://store-images.s-microsoft.com/image/apps.38462.13829715190335063.93631ad9-f1ab-4e1a-81bf-cc7226df9ed8.70d548e9-2bd6-409a-8220-4afa9c022470,"보더랜드 4에서는 무자비한 폭군이 지배하는 새로운 행성에서 화끈한 액션과 배드애스 볼트 헌터, 셀 수 없이 다양한 기상천외하고 치명적인 무기를 만나볼 수 있습니다.

부와 명예를 쫓는 네 명의 새로운 볼트 헌터 중 한 명이 되어 카이로스에 온몸으로 부딪혀 보세요. 강력한 액션 스킬을 휘두르고, 무궁무진한 스킬 트리로 빌드를 커스터마이징해 화려한 이동 능력으로 적들을 압도하세요.

저 멀리 높은 자리에서 민중을 내려다보며 지배하는 무자비하고 억압적인 독재자 '타임키퍼'에게서 벗어나세요. 이제 세계를 뒤흔들 엄청난 재앙이 그의 완벽한 지배를 위협하고 행성 전체에 메이햄을 불러일으킵니다.

무적의 배드애스
적들을 향해 기상천외한 새로운 무기들을 마음껏 발사하며 천하무적이 된 듯한 기분을 만끽해 보세요. 더블 점프, 활공, 회피, 고정 지점 잡기 등 다양한 움직임을 통해 완전히 새로운 방식으로 보더랜드를 경험하고 어떤 방향에서든 날렵하게 적들의 숨통을 끊어버리세요. 볼트 헌터의 특별한 능력을 발휘하는 강력한 액션 스킬을 사용하여 모든 전투에서 적들을 산산조각 내 버리세요. 다양한 선택지를 제공하는 스킬 트리로 나만의 드림 빌드를 완성하고, 기상천외한 무기와 강력한 장비로 가득한 전리품을 찾아 떠나보세요.

솔로 또는 협동 플레이로 즐기는 전투
카이로스를 종횡무진하는 여정은 혼자서도 즐겁지만, 2인 화면 분할이나 4인 온라인 협동 플레이로 친구들과 함께할 때 한층 더 즐거워집니다.** 보더랜드 4는 처음부터 협동 플레이를 염두에 두고 제작되었습니다. 레벨 자동 조정과 개별 난이도를 통해 친구들과 함께 전리품을 찾아 떠나고, 임무를 수행하거나 정처 없이 떠돌며 즐거운 시간을 보내 보세요.

한층 더 광활하고 자유로워진 환경
쉴 새 없이 교전을 벌이는 무리들로 가득한 광활하고 위험한 세계를 자유롭게 탐험해 보세요. 호버 바이크에 올라타 잊지 못할 캐릭터들과 무시무시한 적, 신명 나는 이벤트, 흥미로운 퀘스트로 가득한 무성한 들판과 높디높은 고지, 위험이 도사리는 사막을 달려보세요. 내가 원하는 방식으로 이 실감 나는 보더랜드 세계를 자유롭게 탐험하며 카이로스의 민중들을 단합하고 혁명의 불씨를 피워보세요.

**온라인 플레이에는 인터넷 연결이 필요하며, 크로스 플레이에는 SHiFT 계정이 필요합니다. 콘솔 온라인 플레이를 이용하려면 별도의 유료 구독이 필요합니다. 이용 약관이 적용됩니다.

구매를 완료하면 ToS(서비스 사용 조건)와 개인정보 보호정책에 따라 디지털 제품에 대한 라이선스가 제공되며, 해당 내용은 www.take2games.com/legal과 www.take2games.com/privacy, 게임 속에서 확인하실 수 있습니다. 스페셜/보너스/온라인 기능, 콘텐츠, 서비스, 기능(이하 “특수 기능”)을 이용하려면 일회용 시리얼 코드와 추가 요금 및/또는 온라인 계정 등록(최소 연령은 다를 수 있음)이 필요할 수 있습니다. 특수 기능을 이용하려면 인터넷 연결이 필요할 수 있으며, 해당 기능은 모든 사용자에게 항상 제공되지 않을 수 있고, ToS에 따라 종료되거나 변경될 수 있으며, 다른 조건으로 제공될 수 있습니다. 특정 특수 기능의 사용 가능 여부는 https://bit.ly/2K-Online-Services-Status를 참조하세요. ToS를 위반할 경우 게임 또는 온라인 계정의 이용이 제한되거나 종료될 수 있습니다.

©2025 Gearbox Software. 2K Games 제공. Gearbox 개발. Gearbox, 보더랜드 및 관련 로고는 모드 Gearbox Software, LLC.의 상표입니다. 2K와 2K 로고는 Take-Two Interactive Software, Inc.의 상표입니다. 그 외 모든 상표는 각 소유자의 재산입니다. All rights reserved.","Borderlands 4,보더랜드 4",Gearbox,"https://store-images.s-microsoft.com/image/apps.38462.13829715190335063.93631ad9-f1ab-4e1a-81bf-cc7226df9ed8.70d548e9-2bd6-409a-8220-4afa9c022470,https://store-images.s-microsoft.com/image/apps.47546.13829715190335063.93631ad9-f1ab-4e1a-81bf-cc7226df9ed8.370bf5f5-7c9f-4b1f-9500-c81ed9a71e76,https://store-images.s-microsoft.com/image/apps.41388.13829715190335063.93631ad9-f1ab-4e1a-81bf-cc7226df9ed8.8b8c0170-42c6-4788-bc1c-78b46dded41b,https://store-images.s-microsoft.com/image/apps.5799.13829715190335063.83a84534-9273-402e-b8d6-2db00b6f1753.a6ac5930-386c-4210-a65e-6f6d0212cbcc,https://store-images.s-microsoft.com/image/apps.64014.13829715190335063.83a84534-9273-402e-b8d6-2db00b6f1753.5eeac450-32bd-473b-a9cc-b0334e502f8b,https://store-images.s-microsoft.com/image/apps.34978.13829715190335063.93631ad9-f1ab-4e1a-81bf-cc7226df9ed8.2786bb82-d043-4d19-b171-30337b9c4564,https://store-images.s-microsoft.com/image/apps.56694.13829715190335063.83a84534-9273-402e-b8d6-2db00b6f1753.2f2bddaa-5ad5-48fe-8376-d6f46e767e77,https://store-images.s-microsoft.com/image/apps.44256.13829715190335063.93631ad9-f1ab-4e1a-81bf-cc7226df9ed8.bec8ddf2-4721-4cfc-bcf8-ac71ffa98362,https://store-images.s-microsoft.com/image/apps.24360.13829715190335063.93631ad9-f1ab-4e1a-81bf-cc7226df9ed8.2e950f62-1327-4535-8dc9-c7b6745e5410,https://store-images.s-microsoft.com/image/apps.19189.13829715190335063.93631ad9-f1ab-4e1a-81bf-cc7226df9ed8.af048c32-12c1-4934-8c97-58c7d6763efa,https://store-images.s-microsoft.com/image/apps.35126.13829715190335063.83a84534-9273-402e-b8d6-2db00b6f1753.e12e87ab-5392-4187-bdf8-be84d94f98ae,https://store-images.s-microsoft.com/image/apps.33366.13829715190335063.83a84534-9273-402e-b8d6-2db00b6f1753.bac072e2-16b0-418c-886a-710fe73c699d","슈팅,액션,어드벤처,롤플레잉",xbox
Aery - Viking Saga,http://www.xbox.com/ko-KR/games/store/aery-viking-saga/9NHZ9S1FGX0Q/0017,https://www.xbox.com/ko-KR/games/store/aery-viking-saga/9NHZ9S1FGX0Q/0017,2025-09-12,https://store-images.s-microsoft.com/image/apps.44613.13616479721466657.b7d2a58c-0a85-424f-b302-624df315525b.4c1c05c9-bc11-4ad0-abab-1dd752515824,"Aery – Viking Saga invites you on a mesmerizing journey through breathtaking landscapes inspired by Viking mythology. In this relaxing exploration game, you take on the role of a small, graceful bird soaring through the skies, experiencing the pure joy of flight while uncovering the secrets of an ancient Norse tale.
A Relaxing Adventure Awaits
Unlike traditional fast-paced action games, Aery – Viking Saga is designed to provide a calm and immersive experience. There are no enemies, no time limits—just the freedom to explore, enjoy the scenery, and collect glowing crystals scattered across each level. These crystals reveal pieces of a forgotten Viking story, encouraging you to delve deeper into the world’s mysteries.
Explore Stunning Viking-Inspired Worlds
Each level presents a unique environment, from towering fjords and frozen mountains to lush forests and ancient villages. The beautifully crafted landscapes are filled with rich details and vibrant colors, immersing you in a serene and atmospheric world. Whether you’re gliding through misty valleys or drifting above roaring waterfalls, every scene is a visual delight.
A Journey of Peace and Wonder
With its smooth and intuitive flight controls, Aery – Viking Saga lets you focus on the joy of movement. The soothing soundtrack complements the experience, making it a perfect escape from the stresses of everyday life. Whether you’re seeking relaxation, inspiration, or simply a beautiful world to explore, this game offers a truly meditative adventure.
Key Features:
● Freedom of Flight: Soar effortlessly through open environments with fluid and intuitive controls.
● Stunning Viking Landscapes: Explore breathtaking worlds inspired by Norse mythology, filled with ancient ruins, mighty fjords, and mystical skies.
● Relaxing Gameplay: No enemies, no pressure—just peaceful exploration and discovery.
● Collect Crystals & Uncover a Story: Gather glowing crystals that reveal fragments of an ancient Viking legend.
● Immersive Soundtrack: Enjoy a calming and atmospheric soundtrack that enhances the experience.
Let the wind guide you as you embark on this unforgettable journey through the world of Aery – Viking Saga. Embrace the tranquility, discover hidden wonders, and experience the beauty of flight like never before.",Aery - Viking Saga,EpiXR Games,"https://store-images.s-microsoft.com/image/apps.44613.13616479721466657.b7d2a58c-0a85-424f-b302-624df315525b.4c1c05c9-bc11-4ad0-abab-1dd752515824,https://store-images.s-microsoft.com/image/apps.35698.13616479721466657.b7d2a58c-0a85-424f-b302-624df315525b.bcd7f168-16be-4864-9466-14ae8f6d5ab6,https://store-images.s-microsoft.com/image/apps.51252.13616479721466657.b7d2a58c-0a85-424f-b302-624df315525b.aa61bbf3-66ea-4cdc-881a-8f0ed53e1614,https://store-images.s-microsoft.com/image/apps.49027.13616479721466657.b7d2a58c-0a85-424f-b302-624df315525b.44377f85-62e4-48dd-86a5-0bd7b0dc59b6,https://store-images.s-microsoft.com/image/apps.52298.13616479721466657.b7d2a58c-0a85-424f-b302-624df315525b.53c3e3cb-2732-4b3b-81b8-683ec19ba759,https://store-images.s-microsoft.com/image/apps.46003.13616479721466657.b7d2a58c-0a85-424f-b302-624df315525b.3a4ab47d-fd03-44d4-b988-4dc8154fc479,https://store-images.s-microsoft.com/image/apps.25589.13616479721466657.b7d2a58c-0a85-424f-b302-624df315525b.92d6dd16-dbfd-4f20-a28f-1fe8fae97948,https://store-images.s-microsoft.com/image/apps.49771.13616479721466657.b7d2a58c-0a85-424f-b302-624df315525b.d1210ec8-83a1-43f3-9789-d0eafbe5f613,https://store-images.s-microsoft.com/image/apps.2033.13616479721466657.b7d2a58c-0a85-424f-b302-624df315525b.740396b2-3478-46a2-a939-73c7c0308364,https://store-images.s-microsoft.com/image/apps.64672.13616479721466657.b7d2a58c-0a85-424f-b302-624df315525b.1375fa27-c490-498a-9463-4aaed0f5106e","레이싱,비행,가족,어린이,시뮬레이션,기타",xbox
NHL 26,http://www.xbox.com/ko-KR/games/store/xbox-series-xs-nhl-26-standard-edition/9MXS9MK0BK9S/0017,https://www.xbox.com/ko-KR/games/store/xbox-series-xs-nhl-26/9PC1KTWW5PB5/0010,2025-09-13,https://store-images.s-microsoft.com/image/apps.12436.14112647412832778.573a57c5-1e5b-4533-8df0-166897c3e810.10e1ab23-9dad-4716-8f0d-7632924c6011,"EA SPORTS NHL 26에서 슈퍼스타처럼 플레이하세요. 그 시작은 NHL EDGE 데이터에 의해 구동되는 ICE-Q 2.0에서 시작됩니다. 좋아하는 슈퍼스타들이 얼음 위에서 스스로 생각하고, 움직이고, 플레이합니다. 여기에는 스타 선수가 실제와 같은 방식으로 플레이스타일과 의사 결정 게임을 인식하고 영향력을 발휘하게 만드는 데이터 기반 속성 및 경향도 포함됩니다. 28가지 X-팩터로 세밀하게 조정되고 개선된 무기는 다섯 가지 범주에 걸쳐 있으며, 독특한 애니메이션, 전술 게임플레이 결과, 영향 등급에 따라 달라지며, 각각 무시무시한 얼음 위 무기로 바꿔보실 수 있습니다. 이제 슈퍼스타가 진정한 슈퍼스타가 됩니다.

새로운 골키퍼 주름 제어 시스템은 새로운 근거리 및 반사 세이브를 통해 포스트 간의 향상된 인식을 제공합니다. 퍽 굴절에 대한 반응으로 재조정을 허용하고, 픽스 체크를 개선하고, AI 포지셔닝을 개선하여 골키퍼의 블루 페인트에 대한 제어력을 향상시켰습니다. 새롭게 디자인된 프로 되기 모드에서 여러분의 선택은 여러분의 경력에 영향을 줍니다. 루키부터 슈퍼스타까지, 새로운 스토리라인, 캐릭터, 챌린지, 컷신을 통해 실감 나는 하키 여정을 즐겨보세요.

이제 내 게임 보기를 세상에 보여주고 알릴 시간입니다.

이 게임은 게임 내에서 사용되는 가상 화폐를 게임 내 구매 및 이용할 수 있으며, 이를 통해 확률형 아이템을 포함한 게임 내 가상 아이템을 구매할 수 있습니다.

*조건과 제한사항이 적용됩니다. 자세한 사항은 https://www.ea.com/games/nhl/nhl-26/game-disclaimers를 참조하세요.",NHL 26,EA Vancouver,"https://store-images.s-microsoft.com/image/apps.12436.14112647412832778.573a57c5-1e5b-4533-8df0-166897c3e810.10e1ab23-9dad-4716-8f0d-7632924c6011,https://store-images.s-microsoft.com/image/apps.23362.14112647412832778.573a57c5-1e5b-4533-8df0-166897c3e810.6c6b56d8-d125-4ca2-ab2d-0e4803a0f0a2,https://store-images.s-microsoft.com/image/apps.41082.14112647412832778.573a57c5-1e5b-4533-8df0-166897c3e810.2abc24bb-ca47-4109-843b-8aa5876fd11d,https://store-images.s-microsoft.com/image/apps.1522.14112647412832778.573a57c5-1e5b-4533-8df0-166897c3e810.d0aa63cb-b05e-42ec-b2d6-53c88b4b7202,https://store-images.s-microsoft.com/image/apps.24974.14112647412832778.573a57c5-1e5b-4533-8df0-166897c3e810.c3c6a483-c29b-468d-abb9-adf638c35c31,https://store-images.s-microsoft.com/image/apps.922.14112647412832778.573a57c5-1e5b-4533-8df0-166897c3e810.d56df9d5-ee99-4d02-8602-d3a6aee27461,https://store-images.s-microsoft.com/image/apps.9988.14112647412832778.573a57c5-1e5b-4533-8df0-166897c3e810.30af7181-8076-4429-b013-857b5fee413e",스포츠,xbox
Towa and the Guardians of the Sacred Tree,http://www.xbox.com/ko-KR/games/store/7yag7jma7jmaioyloouqqeyxkcdshkdtg53rsjvsnyag7jwe7j2065ok/9PM71SBXBBVJ/0017,https://www.xbox.com/ko-KR/games/store/7yag7jma7jmaioyloouqqeyxkcdshkdtg53rsjvsnyag7jwe7j2065ok/9P3BBJCG9WNZ/0010,2025-09-18,https://store-images.s-microsoft.com/image/apps.1666.14541478927007358.87d9d54a-ac0e-4443-bd90-6e6cbe8194ea.6942ebd5-dbf5-4afe-b4af-ef0c47f0c2ee,"※본 상품은 「일반판」입니다. 그 밖에도 「디지털 디럭스 에디션」을 별도로 판매 중이므로 중복 구매에 주의하십시오.

【게임 내용】

『기도는 영원히 시간은 아득히』

이야기의 무대는 모든 악의 근원인 마가츠의 힘 때문에 “마나”가 고갈되어 버린 신주 마을. 신의 아이 토와와 신관들은 마을의 평화를 되찾기 위해 마가츠를 토벌하고자 던전으로 향한다. 때로는 만남과 함께, 때로는 이별과 함께. 토와와 신관들과 마을 사람들이 자아내는 액션 어드벤처 게임. 

◆던전
8명의 신관 중 2명을 선택, 쿼터뷰 방식의 액션으로 방에 있는 적을 소탕하자. 방을 정리하면 무작위로 “은총”이 발생하여 능력이 강화, 마가츠가 있는 최심부로 향하자.

◆신주 마을
던전에서 입수한 소재를 신주 마을에 가지고 오자. 소재는 다양한 기초 능력 향상에 사용할 수 있다. 또한 던전에서 사용할 칼을 만드는 「대장간」에서 더욱 강한 칼을 만들어 도전하자.

◆시대 진행 
던전을 클리어하면 신주 마을의 “시간”이 흐르고 이야기가 진행된다. 
시간의 흐름에 따라 변화하는 문명과 다양한 인간 묘사가 그려지는 독특한 분위기의 이야기를 즐길 수 있다.

※본 제품은 최대 2명까지 멀티 플레이를 즐길 수 있습니다. 멀티 플레이는 플레이어 한 사람 당 컨트롤러 1개가 필요합니다.","Towa and the Guardians of the Sacred Tree,토와와 신목에 선택받은 아이들",Brownies Inc.,"https://store-images.s-microsoft.com/image/apps.1666.14541478927007358.87d9d54a-ac0e-4443-bd90-6e6cbe8194ea.6942ebd5-dbf5-4afe-b4af-ef0c47f0c2ee,https://store-images.s-microsoft.com/image/apps.37400.14541478927007358.87d9d54a-ac0e-4443-bd90-6e6cbe8194ea.fa5775a9-8a3c-4062-a0c6-89dceb1138f1,https://store-images.s-microsoft.com/image/apps.22497.14541478927007358.87d9d54a-ac0e-4443-bd90-6e6cbe8194ea.ff4ec627-a4b9-4554-99f8-57438647508c,https://store-images.s-microsoft.com/image/apps.62570.14541478927007358.87d9d54a-ac0e-4443-bd90-6e6cbe8194ea.a9cd91a5-c034-4c00-a882-3e696fa7b4a2,https://store-images.s-microsoft.com/image/apps.58977.14541478927007358.87d9d54a-ac0e-4443-bd90-6e6cbe8194ea.d2574225-0e1e-470b-a8b8-214e073f9e68,https://store-images.s-microsoft.com/image/apps.60795.14541478927007358.87d9d54a-ac0e-4443-bd90-6e6cbe8194ea.8c6ac1bd-96fe-49a3-adb1-71ab3e130cdd,https://store-images.s-microsoft.com/image/apps.14271.14541478927007358.87d9d54a-ac0e-4443-bd90-6e6cbe8194ea.b77fc3c6-d687-4e16-ae6a-47fe63dc3bd5,https://store-images.s-microsoft.com/image/apps.56948.14541478927007358.87d9d54a-ac0e-4443-bd90-6e6cbe8194ea.be7ad71d-e3c9-420e-84c0-0c0b2b24bb62,https://store-images.s-microsoft.com/image/apps.26236.14541478927007358.87d9d54a-ac0e-4443-bd90-6e6cbe8194ea.ca9a058e-5b6d-412a-9193-0276851cbfc6,https://store-images.s-microsoft.com/image/apps.6547.14541478927007358.87d9d54a-ac0e-4443-bd90-6e6cbe8194ea.42ff677e-d44f-4b73-8fbd-2c8e9e1abfa0","액션,어드벤처",xbox
Formula Legends,http://www.xbox.com/ko-KR/games/store/formula-legends/9P9VJ822JRH9/0017,https://www.xbox.com/ko-KR/games/store/formula-legends/9P9VJ822JRH9/0017,2025-09-18,https://store-images.s-microsoft.com/image/apps.42080.14131042508943712.7fab5bbb-7001-4b03-87e4-e7202b459a1e.7bdb3fd8-ad29-47df-ad1b-43490bc9f4a8,"Formula Legends와 함께 스포츠 역사상 가장 상징적인 시대로 시간 여행을 떠나보세요. 아름다운 스타일로 재현된 세계에서 1960년대의 우렁찬 엔진부터 현대의 최첨단 기술까지 아우르는 오픈 휠 레이싱의 진화를 경험하세요.

🏎️ 시간을 넘나드는 드라이브
1960년대부터 현대까지, 시대를 대표하는 디자인에서 영감을 받은 16대의 전설적인 차량을 몰아보세요. 각 모델은 그 시절의 향수를 불러일으킵니다.

🏁 새롭게 탄생한 상징적인 서킷
역사적인 장소에서 영감을 받아 새롭게 탄생한 14개의 서킷 위를 질주해 보세요. 햇빛이 쏟아지는 요트 선착장에서 험준한 고갯길까지, 과거의 향수를 자극하는 동시에 과감하고 새로운 재미를 선사하는 트랙이 여러분을 기다립니다.

🌧️ 환경을 극복하라
비에 젖은 아스팔트. 전략적인 피트 스톱. 변화하는 시대. 이제는 속도 그 이상의 기술이 필요합니다. 배터리 관리부터 슬립 스트리밍까지, 레이싱 기술을 연마하여 최고의 랩 타임을 달성하세요.

🏆 전설적인 드라이버들의 향연
모든 시대에는 영웅이 존재합니다. 실제 레이싱 전설들에게 영감을 받은 가상의 드라이버들과 함께 레이스를 펼치세요. 드라이버는 저마다 고유한 헬멧과 타이어 관리의 달인, 빗길 주행 전문가, 피트 스톱 전략가 등 특별한 능력을 지니고 있습니다.

📖 레이싱 역사 속으로 떠나는 여행
스토리 모드를 통해 포뮬러 레이싱의 역사적인 순간을 다시 한번 경험해 보세요. 시대별 챔피언십에서 승리하고, 클래식 차량을 완벽하게 조종하며, 모터스포츠 역사에 여러분의 업적을 남기세요.

🎮 커스터마이징하고 경쟁하라
나만의 레이스와 챔피언십을 만들고, 전 세계 타임 어택 순위표를 정복하세요. 차량과 헬멧, 트랙 스폰서를 원하는 대로 꾸며 개성을 뽐내보세요.",Formula Legends,3DClouds,"https://store-images.s-microsoft.com/image/apps.42080.14131042508943712.7fab5bbb-7001-4b03-87e4-e7202b459a1e.7bdb3fd8-ad29-47df-ad1b-43490bc9f4a8,https://store-images.s-microsoft.com/image/apps.55288.14131042508943712.59cd2695-52b0-4b56-abfd-180400f016c1.55d00d78-22c6-43b0-a23b-193696866acf,https://store-images.s-microsoft.com/image/apps.62154.14131042508943712.7fab5bbb-7001-4b03-87e4-e7202b459a1e.4f94e44d-89a5-4330-bf74-10935e2471c9,https://store-images.s-microsoft.com/image/apps.45984.14131042508943712.59cd2695-52b0-4b56-abfd-180400f016c1.add11e37-5513-4910-a5f6-0181c78b55a2,https://store-images.s-microsoft.com/image/apps.62840.14131042508943712.7fab5bbb-7001-4b03-87e4-e7202b459a1e.724e2a4d-445f-4aeb-95b4-bd410c61c61b,https://store-images.s-microsoft.com/image/apps.9564.14131042508943712.7fab5bbb-7001-4b03-87e4-e7202b459a1e.2c8f4761-606a-47f7-be07-0af0da8ae79c,https://store-images.s-microsoft.com/image/apps.36940.14131042508943712.7fab5bbb-7001-4b03-87e4-e7202b459a1e.a0948943-93bb-48dd-8370-a43cc8937c4f,https://store-images.s-microsoft.com/image/apps.38957.14131042508943712.7fab5bbb-7001-4b03-87e4-e7202b459a1e.7a720db9-0de6-45c6-ab27-204e815c4ecd,https://store-images.s-microsoft.com/image/apps.22658.14131042508943712.0922951b-d5ac-4004-8633-d87f1cd5d6d2.1b31b0e2-c01f-4a19-913b-157f4907a199,https://store-images.s-microsoft.com/image/apps.49733.14131042508943712.7fab5bbb-7001-4b03-87e4-e7202b459a1e.cd4bfe32-e942-41d5-b4e6-729ea0b08363,https://store-images.s-microsoft.com/image/apps.48671.14131042508943712.7fab5bbb-7001-4b03-87e4-e7202b459a1e.0baeb347-842c-4d98-aa84-d8d6866cd2e5","레이싱,비행,스포츠",xbox
SILENT HILL f,http://www.xbox.com/ko-KR/games/store/silent-hill-f/9NWTMTLS2ZPB/0017,https://www.xbox.com/ko-KR/games/store/silent-hill-f/9N5NFRQV2HQQ/0010,2025-09-25,https://store-images.s-microsoft.com/image/apps.50273.14030507256335121.37297f0c-a143-4cfa-a9bd-a369dc3c798c.aa31531b-9e3d-4a71-acbe-56588c753530,"《예약 구매 특전》
●흰색 교복(※1)
●부적 【모란】(※2)
●아이템 팩(※3)

※1
히나코의 외형을 변경할 수 있는 의상입니다.
게임 내 '사당'의 '갈아입기' 메뉴에서 변경할 수 있습니다.

※2
히나코가 장비할 수 있는 아이템입니다.
게임 내 '사당'의 '특전 받기' 메뉴에서 획득할 수 있습니다.
'특전 받기'는 게임 진행도에 따라 열립니다.

※3
소비 아이템이 3개 포함된 팩입니다. 한 번만 받을 수 있습니다.
게임 내 '사당'의 '특전 받기' 메뉴에서 획득할 수 있습니다.
'특전 받기'는 게임 진행도에 따라 열립니다.
《아이템 팩 내용》
·바싹 마른 유부 x1
·신수 x1
·구급상자 x1

※주의 사항
별도 판매되는 ""SILENT HILL f - Deluxe Upgrade""에는 해당 특전이 포함되지 않으므로 주의해 주세요.


미련. 갈등. 후회. 피할 수 없는 선택. 그리고 자신의 죄.
그것과 마주할 수 없는 자들은 짙은 안개 속 세상을 떠돈다……

무시무시한 심상 풍경이 구현된 세계와 크리처가 특징인
공포와 광기의 사이콜로지컬 호러 'SILENT HILL' 시리즈 최신작.

일본을 무대로 한 새로운 ""사이콜로지컬 호러""가 시작된다.

<줄거리>
옛 시절. 한 지방의 산간에 위치한 쓸쓸한 시골 마을 에비스가오카에 사는 고등학생 시미즈 히나코.
그녀의 일상은 흐릿한 잿빛이기는 해도 사춘기다운 평범한 나날이었다.

그러나 그 평범한 일상은 갑작스럽게 무너진다.
익숙했던 마을은 안개에 둘러싸여 오싹하게 변해 간다.
인기척은 사라지고 대신 안개 속에서 기괴한 무언가가 꿈틀거린다.

변모한 마을을 탐색하고 수수께끼를 풀며 몸을 지키기 위해 싸우고 살아남아라.

마주해야만 하는 선택과 마주하기 위해서.
그리고 죽여야만 하는 자를 죽이기 위해서.

그녀가 택한 것은 아름다운 선택인가?
아니면 소름 끼치는 선택인가?

아름답고도 오싹한 선택에 관한 이야기.


이 게임에는
성차별과 아동 학대, 괴롭힘, 약물에 의한 환각, 고문, 심한 폭력 표현이 포함되어 있습니다.

본 작품은 1960년대를 무대로 하고 있기에 당시의 세대상과 관습에 기초한 표현을 사용했으며
제작 회사 및 개인의 가치관을 반영하지 않았습니다.

게임 도중 불쾌감을 느끼셨을 경우에는
즉시 플레이를 중단하고 휴식을 취하거나 주변 사람에게 상담해 주십시오.",SILENT HILL f,NeoBards Entertainment Ltd.,"https://store-images.s-microsoft.com/image/apps.50273.14030507256335121.37297f0c-a143-4cfa-a9bd-a369dc3c798c.aa31531b-9e3d-4a71-acbe-56588c753530,https://store-images.s-microsoft.com/image/apps.63130.14030507256335121.37297f0c-a143-4cfa-a9bd-a369dc3c798c.fdb72225-1d8d-4251-b2ec-0de41745c219,https://store-images.s-microsoft.com/image/apps.33001.14030507256335121.37297f0c-a143-4cfa-a9bd-a369dc3c798c.585cf458-d8c2-46ed-9fc6-d4d7f8a7765c,https://store-images.s-microsoft.com/image/apps.61385.14030507256335121.37297f0c-a143-4cfa-a9bd-a369dc3c798c.ceb41c23-c0e8-4bca-9cd6-526170caf5ae,https://store-images.s-microsoft.com/image/apps.55810.14030507256335121.37297f0c-a143-4cfa-a9bd-a369dc3c798c.6dc1783a-9f94-4f67-9275-4e70377bb726,https://store-images.s-microsoft.com/image/apps.44044.14030507256335121.37297f0c-a143-4cfa-a9bd-a369dc3c798c.c08a48ad-6b97-4ba6-b177-97b629b83a93,https://store-images.s-microsoft.com/image/apps.33755.14030507256335121.37297f0c-a143-4cfa-a9bd-a369dc3c798c.f14b71c6-cb33-4032-846a-8402676b3186,https://store-images.s-microsoft.com/image/apps.7917.14030507256335121.37297f0c-a143-4cfa-a9bd-a369dc3c798c.4ed2b36c-aa41-4f7f-9852-d6215f9ec0dc,https://store-images.s-microsoft.com/image/apps.21288.14030507256335121.37297f0c-a143-4cfa-a9bd-a369dc3c798c.8db58756-8772-4877-b0e5-317db4cf6a4c","액션,어드벤처",xbox
PAC-MAN WORLD 2 Re-PAC,http://www.xbox.com/ko-KR/games/store/2/9PCTX2JQ33ZV/0017,https://www.xbox.com/ko-KR/games/store/2/9MZ28FZZRFF2/0010,2025-09-25,https://store-images.s-microsoft.com/image/apps.6025.13883455658704147.cf94e233-aa6b-41c4-a8af-f9a8c2c9032b.23d07ae7-b415-4e0e-a011-0c69511f513f,"※본 상품 외에도 에디션이 별도로 판매 중입니다. 중복 구매에 주의하십시오.

『팩맨 월드 2』가 새로운 그래픽과 충실한 기능을 더해 부활!

◆골든 프루트를 되찾아라!
팩 빌리지에 잠입한 고스트 일당이 골든 프루트를 훔쳐 갔다. 이대로라면 팩 랜드에서 프루트가 전부 사라진다. 상황을 알게 된 팩맨이 빼앗긴 골든 프루트를 되찾기 위해 여행에 나선다.
 
◆다채로운 3D 액션
팩맨을 가로막는 것은 다양한 장치가 숨어있는 스테이지. 숲에서는 트램펄린을 이용하고 설산에서는 아이스 스케이트, 바다 스테이지에서는 잠수함을 조작하는 슈팅 등, 다채로운 액션을 구사하며 스테이지를 공략하자. 팩 대시나 플립 킥 등, 팩맨의 특징적인 기본 액션과 새로운 액션인 「슈퍼 힙 어택」이 등장하여 점프 액션이 크게 파워 업했다.

◆충실한 신기능
이번 작품에서는 피겨 콜렉션, 팩맨 의상, 리더보드나 미션 등, 다양한 기능이 추가되고 팩 빌리지의 기능 확장과 조작성 개선, 난이도 변경 추가 등 편의 기능이 탑재되어 더욱 쾌적하게 게임을 즐길 수 있게 되었다.

◆2인 모험
가족이나 친구들과 함께 2인 플레이가 가능. 팩맨과 팩 드론을 조작해 협력하면서 모험을 즐길 수 있다.","PAC-MAN WORLD 2 Re-PAC,팩맨 월드 2 리팩","NOW PRODUCTION Co., Ltd.","https://store-images.s-microsoft.com/image/apps.6025.13883455658704147.cf94e233-aa6b-41c4-a8af-f9a8c2c9032b.23d07ae7-b415-4e0e-a011-0c69511f513f,https://store-images.s-microsoft.com/image/apps.36471.13883455658704147.cf94e233-aa6b-41c4-a8af-f9a8c2c9032b.3f9f17fe-ff7f-4ff7-a1d2-29fdbe63f0e4,https://store-images.s-microsoft.com/image/apps.56754.13883455658704147.cf94e233-aa6b-41c4-a8af-f9a8c2c9032b.712f379a-a928-492d-b414-a9e5cda208ab,https://store-images.s-microsoft.com/image/apps.32390.13883455658704147.cf94e233-aa6b-41c4-a8af-f9a8c2c9032b.7b0d26c3-6572-4351-9f28-6622f67dafd7,https://store-images.s-microsoft.com/image/apps.59079.13883455658704147.cf94e233-aa6b-41c4-a8af-f9a8c2c9032b.d6f7b14f-02af-4000-bf25-d144a2555fe6,https://store-images.s-microsoft.com/image/apps.63595.13883455658704147.cf94e233-aa6b-41c4-a8af-f9a8c2c9032b.5ae3c671-559e-4496-85eb-adcc846ea8e5,https://store-images.s-microsoft.com/image/apps.16140.13883455658704147.cf94e233-aa6b-41c4-a8af-f9a8c2c9032b.3abf276a-33c2-442c-a099-e23ac9935597,https://store-images.s-microsoft.com/image/apps.7930.13883455658704147.cf94e233-aa6b-41c4-a8af-f9a8c2c9032b.99e6f999-9e55-4f75-8c5f-b8038d6a672d,https://store-images.s-microsoft.com/image/apps.26979.13883455658704147.cf94e233-aa6b-41c4-a8af-f9a8c2c9032b.164f3fc9-6624-40d0-8a18-2f63b0d8a14b,https://store-images.s-microsoft.com/image/apps.55320.13883455658704147.cf94e233-aa6b-41c4-a8af-f9a8c2c9032b.a7da82a4-ced3-42c4-b3a1-9ca81be6c5fe","액션,어드벤처,플랫포머",xbox
Sonic Racing: CrossWorlds,http://www.xbox.com/ko-KR/games/store/7iam64ujiougioydtoylssdtgazrozzsiqtsm5trk5w/9NMR17QTLC33/0017,https://www.xbox.com/ko-KR/games/store/7iam64ujiougioydtoylssdtgazrozzsiqtsm5trk5w/9NJZSFP2ZNVK/0010,2025-09-25,https://store-images.s-microsoft.com/image/apps.17529.13671516808303266.cadfae29-980e-456c-9efd-0f1bf992ff64.fe03da83-65c4-46be-804f-db41452a44d8,"똑같은 레이스란 없다! 『소닉 레이싱 크로스월드』로 체험하는 예측 불능 경이로운 레이스 배틀!
육지, 바다, 하늘, 우주… 그리고 '트래블 링' 너머의 새로운 세계로.
궁극의 머신을 만들고 파워 업 아이템을 사용하여 나만의 플레이 스타일을 추구하자!
다양한 온라인 & 오프라인 모드로 전 세계 플레이어와 협력, 대전하여 승리를 거머쥐어라!","Sonic Racing: CrossWorlds,소닉 레이싱 크로스월드",Sonic Team,"https://store-images.s-microsoft.com/image/apps.17529.13671516808303266.cadfae29-980e-456c-9efd-0f1bf992ff64.fe03da83-65c4-46be-804f-db41452a44d8,https://store-images.s-microsoft.com/image/apps.2135.13671516808303266.537be858-6c24-4fc9-813a-70a2063441cd.3b3e23f7-ebda-4c5d-a4df-1467786ae063,https://store-images.s-microsoft.com/image/apps.23173.13671516808303266.cadfae29-980e-456c-9efd-0f1bf992ff64.f2e08813-8ee8-48fd-9fd6-8cd253f743ad,https://store-images.s-microsoft.com/image/apps.27914.13671516808303266.cadfae29-980e-456c-9efd-0f1bf992ff64.ebe16749-0dd4-40c5-ad16-a3e111203dd4,https://store-images.s-microsoft.com/image/apps.20824.13671516808303266.cadfae29-980e-456c-9efd-0f1bf992ff64.1814d3d0-ae54-4569-b593-318054d8e948,https://store-images.s-microsoft.com/image/apps.43301.13671516808303266.cadfae29-980e-456c-9efd-0f1bf992ff64.6f8a2b5f-9c5a-4b27-a63d-c564d11de547,https://store-images.s-microsoft.com/image/apps.41054.13671516808303266.cadfae29-980e-456c-9efd-0f1bf992ff64.9b92959f-2271-4616-bb80-28cc18c727b3","액션,어드벤처,가족,어린이,레이싱,비행",xbox
EA SPORTS FC 26,http://www.xbox.com/ko-KR/games/store/xbox-one-xbox-series-xs-ea-sports-fc-26-standard-edition/9PDPZ54TP7BN/0017,https://www.xbox.com/ko-KR/games/store/xbox-one-ea-sports-fc-26/9NK13T4QFPQW/0010,2025-09-26,https://store-images.s-microsoft.com/image/apps.32259.13665948255535452.c62f2600-0a85-4be2-b5a3-4453b231bb70.7d513dcd-d9dc-4629-bda7-f7dae7a1e46b,"EA SPORTS FC™ 26에서 클럽은 여러분의 것입니다.

커뮤니티 피드백을 기반으로 개선된 게임플레이 경험으로 여러분이 원하는 방식으로 플레이하세요. 새로운 현실감 넘치는 게임플레이 옵션을 통해 커리어에서 가장 사실적인 축구 경험을 즐길 수 있으며, 경쟁적인 게임플레이 옵션은 정제된 기본기, 일관성, 향상된 반응성을 바탕으로 Football Ultimate Team™과 클럽에서의 플레이에 맞춰 제작되었습니다.

Football Ultimate Team™에서 새로운 라이브 이벤트와 토너먼트 모드, 새롭게 바뀐 라이벌과 챔피언스 경험을 통해 꿈의 스쿼드를 시험해 보세요.

새로운 감독 라이브 챌린지를 통해 이전과는 다른 감독 커리어를 경험해 보세요. 새로운 시즌에서 현실 세계를 반영한 다양한 시나리오와 별도의 스토리라인(플레이 시간이 몇 분인 것부터 여러 시즌에 걸친 것까지)에 도전하여 보상을 획득하세요.

게임의 위대한 선수들에게 영감을 받은 유형이 클럽과 선수 커리어에 새로운 클래스를 도입하여 선수에게 더 많은 개성을 부여합니다. 속성 업그레이드와 유형 특전 해제로 능력을 개발하여 경기장에서 선수들의 다양한 차이를 느껴 보세요.

EA SPORTS FC™ 26에서 세계 최고 리그의 매치 데이터를 바탕으로 20,000명 이상의 실제 선수들과 함께 이전과는 다른 방식으로 The World’s Game을 경험하세요.

이 게임은 게임 내에서 사용되는 가상 화폐를 게임 내 구매 및 이용할 수 있으며, 이를 통해 확률형 아이템을 포함한 게임 내 가상 아이템을 구매할 수 있습니다(확률형 아이템 포함).

조건과 제한사항이 적용됩니다. 상세 사항은 ea.com/ko-kr/legal/legal-disclosures 를 참조하십시오.

조건과 제한사항이 적용됩니다. 자세한 사항은 ea.com/games/ea-sports-fc/fc-26/game-disclaimers를 참고하세요.

© 2025 Electronic Arts Inc. Electronic Arts, EA, EA SPORTS, the EA SPORTS logo, EA SPORTS FC, the EA SPORTS FC logo, Frostbite, the Frostbite logo, Football Ultimate Team, and Ultimate Team are trademarks of Electronic Arts Inc.",EA SPORTS FC 26,EA Vancouver,"https://store-images.s-microsoft.com/image/apps.32259.13665948255535452.c62f2600-0a85-4be2-b5a3-4453b231bb70.7d513dcd-d9dc-4629-bda7-f7dae7a1e46b,https://store-images.s-microsoft.com/image/apps.10703.13665948255535452.c62f2600-0a85-4be2-b5a3-4453b231bb70.8d90b32d-226b-4a43-a972-46ef2a1fecf9,https://store-images.s-microsoft.com/image/apps.39247.13665948255535452.c62f2600-0a85-4be2-b5a3-4453b231bb70.1e3020aa-e910-4596-bdca-106c2aa0e75d,https://store-images.s-microsoft.com/image/apps.65064.13665948255535452.c62f2600-0a85-4be2-b5a3-4453b231bb70.0fbb6d87-34d5-4b1b-8767-f0ff7bf2bb71,https://store-images.s-microsoft.com/image/apps.45134.13665948255535452.c62f2600-0a85-4be2-b5a3-4453b231bb70.73f420cc-d913-4906-98fd-a80982947ce4,https://store-images.s-microsoft.com/image/apps.27033.13665948255535452.c62f2600-0a85-4be2-b5a3-4453b231bb70.e6f34000-7601-48b6-b54c-43d9733d18c1,https://store-images.s-microsoft.com/image/apps.45103.13665948255535452.c62f2600-0a85-4be2-b5a3-4453b231bb70.d660af77-218e-4aa8-bb94-7ac2919bd2c3,https://store-images.s-microsoft.com/image/apps.17491.13665948255535452.c62f2600-0a85-4be2-b5a3-4453b231bb70.12f9348f-274a-471e-ab17-f1af36c17f3f,https://store-images.s-microsoft.com/image/apps.1588.13665948255535452.c62f2600-0a85-4be2-b5a3-4453b231bb70.98ca213e-6e71-449e-8a8c-578ebedb792d","스포츠,시뮬레이션",xbox
FINAL FANTASY TACTICS - The Ivalice Chronicles,http://www.xbox.com/ko-KR/games/store/final-fantasy-tactics-the-ivalice-chronicles/9N77PJQW22BX/0017,https://www.xbox.com/ko-KR/games/store/final-fantasy-tactics-the-ivalice-chronicles/9MZ2MC7T85T5/0010,2025-09-30,https://store-images.s-microsoft.com/image/apps.33886.13883148504350032.93dd6e07-0f46-4bbc-bb33-a66e2d85dcb1.8aa9967f-5afd-4ade-a3b3-cf3d38c0ea32,"■스토리
태양과 성스러운 빛의 수호를 받는, 두 마리의 사자가 통치하는 국가 Ivalice.
이웃 국가인 Ordallia와의 전쟁 “The Fifty Years' War”에서 패전한 후 1년이 지나고, 선대 왕이 병사하면서 겨우 2살에 불과한 어린 왕자가 즉위한다.
그 후견인 자리와 실권을 둘러싸고 “The Fifty Years' War”에서 무훈을 세웠던 두 명의 장군, Duke Druksmald Goltanna와 Duke Bestrald Larg 사이에서 팽팽한 긴장감이 고조된다. 
흑사자를 문장으로 삼는 Duke Druksmald Goltanna와 백사자를 문장으로 삼는 Duke Bestrald Larg.
두 장군의 치열한 격돌은 훗날 “The War of the Lions”이라 불리게 된다.
Ivalice를 대표하는 무가인 Beoulve 가문의 삼남으로 태어난 Ramza, 그리고 평민 출신이면서도 Ramza의 소꿉친구로서 함께 성장한 Delita.
두 사람이 걷는 운명의 길 역시 시대의 거대한 소용돌이에 휘말리게 된다.

■배틀 시스템
위치 선정과 전술 예측이 승리로 이어지는 긴장감 넘치는 전략 시뮬레이션.
높이차가 존재하는 3D 맵의 특징과 각 유닛의 행동 순서를 전략적으로 활용하며, 전투를 승리로 이끌어라.

■빌드와 육성
여러 잡과 어빌리티를 활용한 다채로운 전술을 펼칠 수 있다.
각 캐릭터를 성장시켜, 다양한 잡으로 변경하는 것도 가능하다. 각 잡은 저마다 특징적인 어빌리티를 습득할 수 있으며, 습득한 어빌리티는 다른 잡에서도 설정할 수 있다. 잡과 수백 종류의 어빌리티를 조합해, 자신만의 전술을 탄생시키자.
백마도사, 흑마도사, 용기사 등 「FINAL FANTASY」 시리즈의 대표적인 잡을 포함해, 20종류가 넘는 개성적인 잡이 등장. 이와 더불어 초코보 등과 같은 몬스터도 동료로 만들어 파티에 편성할 수 있다.

■두 가지 버전 - Enhanced Version 및 Classic Version
뛰어난 몰입감과 쾌적한 플레이를 위한 「Enhanced Version」, 과거의 추억을 그대로 불러일으키는 「Classic Version」 중에서 선택할 수 있다.
「Enhanced Version」에서는 더욱 아름다워진 그래픽과 더불어, 풀 보이스 대응을 통해 Ivalice의 세계에 더욱 깊이 몰입할 수 있게 되었다.
또한, 일부 시스템 및 배틀에서 플레이가 더욱 쾌적해졌으며, 처음 플레이하더라도 어렵지 않게 진행할 수 있는 난이도 「Squire」가 추가되었다.
한편, 1997년에 발매된 오리지널 버전을 충실하게 재현한 「Classic Version」도 추가되었다.",FINAL FANTASY TACTICS - The Ivalice Chronicles,SQUARE ENIX,"https://store-images.s-microsoft.com/image/apps.33886.13883148504350032.93dd6e07-0f46-4bbc-bb33-a66e2d85dcb1.8aa9967f-5afd-4ade-a3b3-cf3d38c0ea32,https://store-images.s-microsoft.com/image/apps.63551.13883148504350032.93dd6e07-0f46-4bbc-bb33-a66e2d85dcb1.03a84e9c-007e-4784-94c5-7c38582b2696,https://store-images.s-microsoft.com/image/apps.54516.13883148504350032.93dd6e07-0f46-4bbc-bb33-a66e2d85dcb1.b5093a8c-ebef-49b4-b798-4564a726aa60,https://store-images.s-microsoft.com/image/apps.6401.13883148504350032.93dd6e07-0f46-4bbc-bb33-a66e2d85dcb1.1731bd7c-a51d-4d24-8b84-10d20ab8919e,https://store-images.s-microsoft.com/image/apps.33468.13883148504350032.93dd6e07-0f46-4bbc-bb33-a66e2d85dcb1.1133d63d-b178-4890-8da5-9553cbbedfc1,https://store-images.s-microsoft.com/image/apps.62419.13883148504350032.93dd6e07-0f46-4bbc-bb33-a66e2d85dcb1.7b1a6c10-e0a3-4afb-9878-d6d41f61c646","롤플레잉,시뮬레이션",xbox
Digimon Story Time Stranger,http://www.xbox.com/ko-KR/games/store/65su7kea66qsioykpo2gooumrcdtg4dsnoqg7iqk7yq466ci7j247kca/9MTSZ8QG69CM/0017,https://www.xbox.com/ko-KR/games/store/65su7kea66qsioykpo2gooumrcdtg4dsnoqg7iqk7yq466ci7j247kca/9P54L8DTLC55/0010,2025-10-02,https://store-images.s-microsoft.com/image/apps.55724.14575974219760032.a3daa9b7-bd3c-482b-803c-1fc721779e27.201aa7eb-2495-4c29-b02f-af5841d6d71a,"※본 상품은 「일반판」입니다. 본 상품 외에 「디럭스 에디션」, 「얼티밋 에디션」도 판매 중입니다. 중복 구매에 주의하십시오.

■”시공”과 ”세계”를 넘어, 인간과 디지몬의 유대를 그려가는 이야기
이야기의 무대는 일본 도쿄.
비밀 조직의 에이전트인 주인공은, 미지의 생물 「디지몬」을 만나 수수께끼의 폭발에 말려든다.
그리고 정신을 차려보니 8년 전의 세계에 와있었는데…
본 작품은 「과거와 미래」「인간 세계와 이세계」, 그리고 「인간과 디지몬」이라는 상반된 두 요소가 복잡하게 얽히며 그려지는 유대와 갈등을 다룬 장대한 이야기를 체험할 수 있습니다.

■인간 세계와 오리지널리티가 넘치는 디지털 월드에서 펼쳐지는 모험
인간 세계와, 디지몬이 사는 이세계 「디지털 월드 일리아스」라는 두 세계. 플레이어는 이야기 속에서 이 세계들을 오가며 해당 세계들의 특성을 살린 기믹이나 퀘스트를 체험할 수 있습니다. 디지털 월드는 지금까지의 디지몬 게임에는 없었던 섬세한 표현이 묘사되어 있으며, 다양한 개성의 필드가 여럿 등장합니다.

■450마리 이상의 디지몬을 수집, 육성하고 전략적으로 편성하여 진행하는 턴제 배틀
디지몬은 플레이어와 대등한 동료입니다. 고난에 맞서는 과정에서 당신과 디지몬의 유대가 시험 받게 됩니다.
모험을 통해 디지몬을 동료로 만들고, 진화, 퇴화, 커스터마이즈를 거치며 자신만의 디지몬을 키워 나갑시다. 시리즈에 친숙한 디지몬부터 게임에 처음 등장하는 디지몬까지, 다양한 디지몬과의 만남을 즐겨주세요.","Digimon Story Time Stranger,디지몬 스토리 타임 스트레인저",Media.Vision Inc.,"https://store-images.s-microsoft.com/image/apps.55724.14575974219760032.a3daa9b7-bd3c-482b-803c-1fc721779e27.201aa7eb-2495-4c29-b02f-af5841d6d71a,https://store-images.s-microsoft.com/image/apps.35195.14575974219760032.a3daa9b7-bd3c-482b-803c-1fc721779e27.61a59ac1-6f8b-4998-ab12-85b5faa7e43d,https://store-images.s-microsoft.com/image/apps.64669.14575974219760032.a3daa9b7-bd3c-482b-803c-1fc721779e27.19b182e2-8445-4d9b-a7b7-0d942a6ca295,https://store-images.s-microsoft.com/image/apps.58846.14575974219760032.a3daa9b7-bd3c-482b-803c-1fc721779e27.e03c32d4-fd54-4514-a973-5797159745ad,https://store-images.s-microsoft.com/image/apps.18447.14575974219760032.1cddd3eb-e879-42fb-8e3c-48b1a63246e4.608cb174-be5e-4de3-9771-fc5c48ac6f59,https://store-images.s-microsoft.com/image/apps.4266.14575974219760032.1cddd3eb-e879-42fb-8e3c-48b1a63246e4.57cd4efc-4d74-4345-93d8-36b5bc66125e,https://store-images.s-microsoft.com/image/apps.52687.14575974219760032.1cddd3eb-e879-42fb-8e3c-48b1a63246e4.874d74bc-f0c6-4f52-9596-2c5c54e52c6f,https://store-images.s-microsoft.com/image/apps.27162.14575974219760032.a3daa9b7-bd3c-482b-803c-1fc721779e27.594d4824-f5fd-4f99-a9c7-1fb1a5badc1c,https://store-images.s-microsoft.com/image/apps.2991.14575974219760032.a3daa9b7-bd3c-482b-803c-1fc721779e27.8695e973-5548-478c-abc9-ee1770fd2463,https://store-images.s-microsoft.com/image/apps.29094.14575974219760032.a3daa9b7-bd3c-482b-803c-1fc721779e27.055b7743-7702-4521-bb91-6272c17e01e7",롤플레잉,xbox
Little Nightmares III,http://www.xbox.com/ko-KR/games/store/3/9P5QBNGT4VTJ/0017,https://www.xbox.com/ko-KR/games/store/little-nightmares-3/9PMWB693ZK7X/0010,2025-10-10,https://store-images.s-microsoft.com/image/apps.60522.14285497232739517.66735cf9-03a6-498c-af60-8fd94cf357c0.10c950bd-b7af-4731-bd94-221a29986a78,"『리틀 나이트메어』의 독특한 세계관 속에서 새로운 모험을 떠나 보세요.

『리틀 나이트메어 3』에서 여러분은 로우와 얼론의 여정에 동참하고 Nowhere 바깥으로 나가는 길을 찾아내야 합니다.

불안의 집합체인 Spiral 속에 갇힌 두 친구는 망상으로 가득한 위험한 세계에서 살아남고 그림자 속에 숨어있는 훨씬 더 큰 위협에서 벗어나기 위해 힘을 합쳐야 합니다.

시리즈 최초로 친구와 온라인에서 협력하거나 혼자라도 AI를 동료로 맞이하여 어린 시절의 공포에 함께 마주하세요.","Little Nightmares III,Little Nightmares 3",BANDAI NAMCO Entertainment Inc.,"https://store-images.s-microsoft.com/image/apps.60522.14285497232739517.66735cf9-03a6-498c-af60-8fd94cf357c0.10c950bd-b7af-4731-bd94-221a29986a78,https://store-images.s-microsoft.com/image/apps.48438.14285497232739517.66735cf9-03a6-498c-af60-8fd94cf357c0.9b341e16-20d6-43a9-88c8-97195b284742,https://store-images.s-microsoft.com/image/apps.9914.14285497232739517.66735cf9-03a6-498c-af60-8fd94cf357c0.3bc89a56-e3ab-429d-901f-6048d497d062,https://store-images.s-microsoft.com/image/apps.59623.14285497232739517.66735cf9-03a6-498c-af60-8fd94cf357c0.b70e8b0d-688b-4a3b-8e01-20f35d489b1c,https://store-images.s-microsoft.com/image/apps.61945.14285497232739517.66735cf9-03a6-498c-af60-8fd94cf357c0.ec1558d4-dee2-46f9-878c-5a1028988fe3,https://store-images.s-microsoft.com/image/apps.41068.14285497232739517.66735cf9-03a6-498c-af60-8fd94cf357c0.09503e8d-1c76-4088-948d-77ddaf7bf1ac,https://store-images.s-microsoft.com/image/apps.1966.14285497232739517.66735cf9-03a6-498c-af60-8fd94cf357c0.6bb0053d-b397-4568-b0f2-78d8e18b58b0,https://store-images.s-microsoft.com/image/apps.37918.14285497232739517.66735cf9-03a6-498c-af60-8fd94cf357c0.694187fe-bb4c-4c6b-bc5d-9597124de057,https://store-images.s-microsoft.com/image/apps.39328.14285497232739517.66735cf9-03a6-498c-af60-8fd94cf357c0.2b3af6af-710a-4d7f-9e1a-33a2f975bd71,https://store-images.s-microsoft.com/image/apps.50726.14285497232739517.66735cf9-03a6-498c-af60-8fd94cf357c0.e2c22dc5-a7ba-4105-bfba-c3e82c7a6299","액션,어드벤처,플랫포머",xbox
Nocturnal Whispers,http://www.xbox.com/ko-KR/games/store/nocturnal-whispers/9PKL6QVDGKPX/0017,https://www.xbox.com/ko-KR/games/store/nocturnal-whispers/9PKL6QVDGKPX/0017,2025-10-10,https://store-images.s-microsoft.com/image/apps.20323.14260509080659841.dbf9e461-fda1-4555-999d-b2fe7c1ba494.dd0bee27-4edf-4d91-9230-9963d8ab7853,"Step into the shoes of a psychoanalyst and embark on a gripping journey of psychological drama. A woman plagued by recurring nightmares seeks your help. You must delve into her subconscious, deciphering strange and haunting symbolism to uncover the hidden truths buried within and solve the mystery behind her dreams.

Key Features:

Immersive Full-Motion Video: Experience a deeply realistic narrative brought to life by Hollywood veterans. 
Watch as each emotion and revelation unfolds through live action video.

Interactive Storytelling: Your questions guide the narrative. Choose carefully to uncover the patient's secrets 
and piece together their story.

Question Construction: Craft your own questions by combining topics the patient mentions, allowing for a personalized and engaging therapeutic journey.

Psychological Depth: Explore complex themes like trauma, memory, and self-discovery. 

Engaging Gameplay: Piece together clues from the patient's responses and use your psychoanalytical skills to interpret the symbolism in her dreams.",Nocturnal Whispers,FMV Interactive,"https://store-images.s-microsoft.com/image/apps.20323.14260509080659841.dbf9e461-fda1-4555-999d-b2fe7c1ba494.dd0bee27-4edf-4d91-9230-9963d8ab7853,https://store-images.s-microsoft.com/image/apps.35348.14260509080659841.8e59874d-233f-42bb-bef5-3ab88611d01e.7518508c-e980-4b1f-82b4-a2b270bc4c75,https://store-images.s-microsoft.com/image/apps.41414.14260509080659841.dbf9e461-fda1-4555-999d-b2fe7c1ba494.d0f11af7-ba21-4a1d-824c-67509a2ac39f,https://store-images.s-microsoft.com/image/apps.6454.14260509080659841.8e59874d-233f-42bb-bef5-3ab88611d01e.e6bdc762-d6b4-4cc7-8aa9-3d7465d16347,https://store-images.s-microsoft.com/image/apps.9384.14260509080659841.dbf9e461-fda1-4555-999d-b2fe7c1ba494.d72a3ebb-95db-4ca4-a94b-9c7eeeefc921,https://store-images.s-microsoft.com/image/apps.44124.14260509080659841.8e59874d-233f-42bb-bef5-3ab88611d01e.5318db3d-124d-4d4e-85e5-67841ee56171,https://store-images.s-microsoft.com/image/apps.49841.14260509080659841.dbf9e461-fda1-4555-999d-b2fe7c1ba494.ab890c42-e355-49c9-b3cf-8e8e9278726e,https://store-images.s-microsoft.com/image/apps.46125.14260509080659841.8e59874d-233f-42bb-bef5-3ab88611d01e.af4719c5-101d-4fa4-b380-d2f7adfc3e37",기타,xbox
Battle Puzzle 2048 - Wicked Witches,http://www.xbox.com/ko-KR/games/store/battle-puzzle-2048-wicked-witches/9PP05N000P67/0017,https://www.xbox.com/ko-KR/games/store/battle-puzzle-2048-wicked-witches/9PP05N000P67/0017,2025-10-10,https://store-images.s-microsoft.com/image/apps.38533.14334554674270824.61404d51-eb68-41a4-9ab2-c2d60cd6a7cf.524a3910-144b-4c1a-99bb-181600a58298,"Battle Puzzle 2048 - Wicked Witches brings a spellbinding twist to the classic 2048 puzzle game! Slide tiles to combine matching numbers, build powerful combos, and take on a colorful array of supernatural foes. Face off against crafty witches, playful vampires, and adorable girly demons, each armed with unique abilities like hexing tiles, draining health, or summoning chaos on the grid.
Defeat these magical enemies by smashing high-value tiles into them while keeping an eye on their cooldowns and countering their attacks. Choose from five difficulty levels to match your skill and enjoy a thrilling mix of strategy, puzzles, and supernatural mischief.
Once you've conquered the witches and demons, switch to Infinite Mode to chase the ultimate 2048 score. Combine tiles, climb the numbers, and test your puzzle mastery in this enchanting and challenging game. Can you rise to the top and become the ultimate puzzle champion in a world of magic and mayhem?",Battle Puzzle 2048 - Wicked Witches,EpiXR Games,"https://store-images.s-microsoft.com/image/apps.38533.14334554674270824.61404d51-eb68-41a4-9ab2-c2d60cd6a7cf.524a3910-144b-4c1a-99bb-181600a58298,https://store-images.s-microsoft.com/image/apps.10864.14334554674270824.61404d51-eb68-41a4-9ab2-c2d60cd6a7cf.cd6934eb-b153-48a5-a45c-1a230d085ef9,https://store-images.s-microsoft.com/image/apps.49991.14334554674270824.61404d51-eb68-41a4-9ab2-c2d60cd6a7cf.90f29577-a41b-4a8d-9370-1e344da3d413,https://store-images.s-microsoft.com/image/apps.731.14334554674270824.61404d51-eb68-41a4-9ab2-c2d60cd6a7cf.099aa39b-356c-47f2-abe2-49c0d4caa16d,https://store-images.s-microsoft.com/image/apps.47991.14334554674270824.61404d51-eb68-41a4-9ab2-c2d60cd6a7cf.62735764-fd83-4271-ae14-80b0c335ef22,https://store-images.s-microsoft.com/image/apps.60682.14334554674270824.61404d51-eb68-41a4-9ab2-c2d60cd6a7cf.1ec2fa40-9853-43c6-b504-4970af601888,https://store-images.s-microsoft.com/image/apps.31832.14334554674270824.61404d51-eb68-41a4-9ab2-c2d60cd6a7cf.6fb61ed3-1449-4ffb-a93b-bf36f48ff74a,https://store-images.s-microsoft.com/image/apps.20219.14334554674270824.61404d51-eb68-41a4-9ab2-c2d60cd6a7cf.b37bda50-f5b2-427c-9f23-ba8e11f8244c,https://store-images.s-microsoft.com/image/apps.19252.14334554674270824.61404d51-eb68-41a4-9ab2-c2d60cd6a7cf.08f907af-bef9-42e4-8f7e-658bb96fa3ae,https://store-images.s-microsoft.com/image/apps.39718.14334554674270824.61404d51-eb68-41a4-9ab2-c2d60cd6a7cf.55d02293-1a05-4bd4-b23c-89c495f5448d","퍼즐,퀴즈,가족,어린이,전략,기타",xbox
NINJA GAIDEN 4,http://www.xbox.com/ko-KR/games/store/ninja-gaiden-4-preorder-standard-edition/9NKDWGNFK77P/0017,https://www.xbox.com/ko-KR/games/store/ninja-gaiden-4/9P0SQ1S72G4J/0010,2025-10-21,https://store-images.s-microsoft.com/image/apps.45550.14524843898704391.85a1bf00-ba10-44d9-90b4-d20f9cb73fb6.8b1284bb-b251-49a2-a1a8-8d334f0b3f91,"지금 바로 예약하고 발매와 동시에 야쿠모용 스킨 '흑룡의 후예'를 획득하자.

궁극의 고속 닌자 액션 시리즈가 NINJA GAIDEN 4로 부활! 전통과 혁신이 융합된 스타일리시하고 자유로운 전투가 자아내는 최첨단 어드벤처 게임의 막이 오른다.

전설의 부활: NINJA GAIDEN 4를 굴지의 액션 게임 시리즈로 만든 격렬한 고속 액션이 부활. 신세대 플레이어를 위해 스타일리시하게 다시 태어난 전설의 시작을 체험하라.

더 진화된 장대한 고속 배틀: NINJA GAIDEN 4에서는 Team NINJA의 갈고닦은 전투 철학과 PlatinumGames Inc.의 스타일리시하고 다이내믹한 액션 게임 플레이가 융합되어 정밀함과 전략성이 요구되는 압권의 배틀에 뛰어들어라. '혈설'을 사용해 무기를 변형시키면 '이즈나 드롭'과 '비연' 등 익숙한 기술로 적에게 괴멸적인 대미지를 줄 수 있다. 전설의 류 하야부사도 개량된 추억의 장비를 갖추고 부활. 난이도 조정과 커스터마이징이 실장된 NINJA GAIDEN 4에는 숙련된 액션 게이머를 극한까지 몰아넣으면서도 초심자도 즐길 수 있는 스릴 넘치고 눈을 뗄 수 없는 전개가 기다리는 어드벤처가 펼쳐진다.

오랜 적의 부활: 오랜 적이 부활하여 근미래 도쿄에는 독기를 띤 비가 끝없이 내린다. 도시의 운명은 젊은 천재 닌자 야쿠모의 손에 달렸다. 길을 막는 기갑 닌자 부대와 이계의 크리처와의 싸움을 펼치며 야쿠모는 전설의 류 하야부사와 함께 짊은 운명에 맞서 도쿄를 오랜 저주로부터 해방시켜야만 한다.",NINJA GAIDEN 4,"PlatinumGames Inc. / Team NINJA / KOEI TECMO GAMES CO., LTD.)","https://store-images.s-microsoft.com/image/apps.45550.14524843898704391.85a1bf00-ba10-44d9-90b4-d20f9cb73fb6.8b1284bb-b251-49a2-a1a8-8d334f0b3f91,https://store-images.s-microsoft.com/image/apps.31776.14524843898704391.85a1bf00-ba10-44d9-90b4-d20f9cb73fb6.c80c0510-c36f-4a98-b40b-03549bee346c,https://store-images.s-microsoft.com/image/apps.31776.14524843898704391.85a1bf00-ba10-44d9-90b4-d20f9cb73fb6.c80c0510-c36f-4a98-b40b-03549bee346c,https://store-images.s-microsoft.com/image/apps.27821.14524843898704391.a7071000-b779-423c-b793-041cea948681.d7c324d0-7b2c-4f6b-87bd-4197530ec217,https://store-images.s-microsoft.com/image/apps.48319.14524843898704391.a7071000-b779-423c-b793-041cea948681.cc944643-23e6-4e63-b3c2-44d166e35063,https://store-images.s-microsoft.com/image/apps.31072.14524843898704391.a7071000-b779-423c-b793-041cea948681.20ffe526-934b-43d8-8c55-c412b6eceb2f,https://store-images.s-microsoft.com/image/apps.30020.14524843898704391.a7071000-b779-423c-b793-041cea948681.777ba109-6df7-43a5-a782-ee7b76422478,https://store-images.s-microsoft.com/image/apps.17111.14524843898704391.a7071000-b779-423c-b793-041cea948681.314cb8c8-e824-423d-9d2f-1c11008d9e5d,https://store-images.s-microsoft.com/image/apps.47160.14524843898704391.85a1bf00-ba10-44d9-90b4-d20f9cb73fb6.698edf26-d2cb-42e7-ad69-a58fe8b928ae,https://store-images.s-microsoft.com/image/apps.11217.14524843898704391.85a1bf00-ba10-44d9-90b4-d20f9cb73fb6.6477ae24-462e-4cb1-a937-259ae35c29e0,https://store-images.s-microsoft.com/image/apps.49995.14524843898704391.85a1bf00-ba10-44d9-90b4-d20f9cb73fb6.1b0f99b6-e271-4c3f-9ab1-be4db9ab4e07,https://store-images.s-microsoft.com/image/apps.63843.14524843898704391.85a1bf00-ba10-44d9-90b4-d20f9cb73fb6.311f472f-44f0-4dd7-899c-bbb82df50257,https://store-images.s-microsoft.com/image/apps.64622.14524843898704391.85a1bf00-ba10-44d9-90b4-d20f9cb73fb6.65f9bff6-e04a-4653-89fd-51db2e4ef61b,https://store-images.s-microsoft.com/image/apps.43719.14524843898704391.85a1bf00-ba10-44d9-90b4-d20f9cb73fb6.cf052ca3-4a51-4505-9cac-bc17ea6cb4d5,https://store-images.s-microsoft.com/image/apps.41040.14524843898704391.85a1bf00-ba10-44d9-90b4-d20f9cb73fb6.bcb525e9-7ee1-4ac4-aebb-04afd70a942a","액션,어드벤처",xbox
Jurassic World Evolution 3,http://www.xbox.com/ko-KR/games/store/3/9N8JS11V1F8M/0017,https://www.xbox.com/ko-KR/games/store/3/9NX7HCWL13Z9/0010,2025-10-21,https://store-images.s-microsoft.com/image/apps.28965.14430340622751764.c415a8ac-16b1-42ce-b087-a6256b8d0b36.d979e098-2390-4ea0-8e8f-e2ef6cbdeaff,"수상 경력에 빛나는 시리즈의 신작 쥬라기 월드 에볼루션 3에서는 여러 건물을 관리하고 나만의 쥬라기 공원을 운영하게 됩니다. 

선사시대의 종을 합성하고, 번식시키고, 육성하여 생명이 스스로 살 길을 찾도록 도와주세요. 각 종을 관리하여 번영하도록 하고, 공룡들이 가족을 이루어 유전자를 다음 세대로 전달할 수 있게 도와주세요.

공룡들이 번성할 수 있는 놀라운 안식처를 만들어주고, 방문객들을 놀라게 할 흥미로운 새로운 명소를 건설하며, 재난이 닥쳤을 때에도 상황을 잘 관리하세요.

공룡 세대 육성
경외심을 불러일으키는 선사시대 생물 80종 가운데 75종을 관리 및 번식시켜 여러 세대를 온전히 거치며 가족을 육성할 수 있습니다. 장난기 많은 아성체를 입이 떡 벌어질 만한 성체로 길러내세요.종마다 뚜렷한 암컷, 수컷, 아성체 종류가 있습니다.

공원 방문객들은 이 장엄한 생물들이 주변의 생동감 넘치는 세계와 사회화하고 반응하는 모습을 보고 놀라워할 것입니다.

특별한 사회적 요구를 관리하고 새로운 행동을 관찰해보세요. 반수생 공룡들이 깊은 물 속으로 탐험을 떠나고, 익룡들이 땅 위를 걷는 모습을 지켜볼 수 있습니다.

진화한 창의성
쥬라기 월드 에볼루션 시리즈에서 사상 최초로 선보이는 새로운 제작 도구로 입이 떡 벌어지는 공원을 만들어보세요! 혁신적인 지형 편집에서 모듈식 풍경 사용자 지정까지, 맨땅에서부터 공원의 모든 요소를 만들고 조정할 수 있습니다.

가파른 절벽과 풍경을 활용해 자연스러운 우리가 있는 현장을 만들고, 열기구 투어 같은 멋진 신규 관람 명소를 도입하고, 공룡과의 만남을 통해 관람객들이 선사시대 동물을 보고 만질 수 있는 근거리 관람 명소를 추가하는 등 다양한 콘텐츠를 선보이세요!  

Frontier 창작마당을 사용해 크로스 플랫폼으로 창작물을 제작, 업로드 및 공유할 수 있습니다. 커뮤니티 최고의 창작물을 살펴보고 내 게임에 배치하거나, 나만의 공원, 건물, 우리를 만들어 다른 플레이어가 사용할 수 있도록 공유하세요.

전 세계를 넘나드는 장대한 캠페인
이안 말콤 박사(영어 성우: 제프 골드블룸)와 같은 쥬라기 공원 프랜차이즈의 익숙한 인물들과 함께 전 세계를 배경으로 펼쳐지는 비선형적 캠페인에 뛰어드세요. 몬태나 불모지와 같은 상징적인 장소는 물론, 일본과 같은 새로운 장소에서도 스릴 넘치는 새로운 도전이 기다립니다. 경쟁적인 인간의 이익과 오늘날의 세계에 공룡을 통합한다는 섬세한 작업 간 균형을 맞추며 결정을 내리다 보면 매 순간 공원 관리 실력이 시험대에 오르기 마련입니다.

영향력 있는 세 사업 부문과 평판을 잘 쌓아야 하며, 현장을 소유한 고객의 독특한 요구도 충족해야 하죠. 조심하세요. 모두가 공룡이 번영하는 걸 바라는 것은 아닙니다.

혼돈 관리
우수하고 간편한 공원 관리 도구를 활용해 현장을 최대한 효율적으로 운영하고, 공원의 운영을 완벽하게 제어하세요.

하지만 혼돈은 피할 수 없는 법이죠. 탈출한 공룡에 신속히 대응할 수 있도록 새로운 보안 카메라를 설치하고, 유지보수 팀을 배치해 현장에서 중요한 수리를 수행하며 위협을 통제하세요.","Jurassic World Evolution 3,쥬라기 월드 에볼루션 3",Frontier Developments,"https://store-images.s-microsoft.com/image/apps.28965.14430340622751764.c415a8ac-16b1-42ce-b087-a6256b8d0b36.d979e098-2390-4ea0-8e8f-e2ef6cbdeaff,https://store-images.s-microsoft.com/image/apps.17692.14430340622751764.c415a8ac-16b1-42ce-b087-a6256b8d0b36.bc591f1e-fb38-4148-a780-bd96312a8ecd,https://store-images.s-microsoft.com/image/apps.20056.14430340622751764.c415a8ac-16b1-42ce-b087-a6256b8d0b36.5772133e-c152-4f0c-bce5-35889e18de3a,https://store-images.s-microsoft.com/image/apps.48985.14430340622751764.c415a8ac-16b1-42ce-b087-a6256b8d0b36.bdd2c8f3-faad-4978-b0d6-9808e2386285,https://store-images.s-microsoft.com/image/apps.28587.14430340622751764.c415a8ac-16b1-42ce-b087-a6256b8d0b36.309b641e-6eca-4fed-8a51-7323c46716b4,https://store-images.s-microsoft.com/image/apps.40712.14430340622751764.c415a8ac-16b1-42ce-b087-a6256b8d0b36.8a9710a4-6ce2-4372-b0d5-0ed544a19fb1,https://store-images.s-microsoft.com/image/apps.40230.14430340622751764.f0cfbf57-44ae-4fb9-93ef-a16e246adc08.3c880f1c-0da5-44e7-bed6-7404291bbeb2,https://store-images.s-microsoft.com/image/apps.827.14430340622751764.f0cfbf57-44ae-4fb9-93ef-a16e246adc08.a81d317d-2edf-460e-ac69-14da00cc5442,https://store-images.s-microsoft.com/image/apps.19625.14430340622751764.f0cfbf57-44ae-4fb9-93ef-a16e246adc08.84bb47e5-2023-428c-96fa-530238408f6a,https://store-images.s-microsoft.com/image/apps.42701.14430340622751764.f0cfbf57-44ae-4fb9-93ef-a16e246adc08.1a05e34b-2793-4ffb-beaf-17c2d1731fd0","시뮬레이션,전략",xbox
Double Dragon Revive,http://www.xbox.com/ko-KR/games/store/642u67iuioutnouemoqzpcdrpqzrsjtsnbtruiwg7jii7jw9io2mkounpcdrsotsoiq/9NGGTKMK3QK6/0017,https://www.xbox.com/ko-KR/games/store/642u67iuioutnouemoqzpcdrpqzrsjtsnbtruiw/9N87VFG0RN5F/0010,2025-10-23,https://store-images.s-microsoft.com/image/apps.35803.14054374584937820.9ca5f46e-32d0-45a2-80d8-1ab5020f295c.956a6e5f-3868-4480-8264-957123d6fc68,"【게임 설명】
1987년 오락실에 등장하여 ""벨트 스크롤 액션""을 확립한 걸작 타이틀 ""더블 드래곤"" 시리즈.
지금까지도 많은 게이머에게 영감을 주고 있는 작품이 ""더블 드래곤 리바이브""로 다시 태어난다!

1. 스타일리시하게 향상된 캐릭터 비주얼!
 아케이드 황금기를 빛낸 캐릭터들의 개성을 3D 그래픽으로 재현.
 주인공 리 형제뿐만 아니라 여태껏 맞서싸워온 강적들도 등장한다!

2. ""벨트 스크롤 액션""의 액션 쾌감을 철저하게 추구!
 플레이어가 화면을 좌우로 이동하면서 적을 쓰러트려가는 벨트 스크롤 액션.
 그 심플하면서도 직관적인 게임성을 충실히 재현하면서도 조작감과 난이도를 현세대에 맞게 최적화.
 아크시스템웍스의 격투 게임 제작 스태프가 철저히 감수하여 처음 플레이하는 사람도 쉽게 플레이가 가능!

3. 액션의 상쾌함과 전략성
 본 게임의 전투 액션은 단순히 버튼을 누르는 것이 아닌 다채로운 움직임이 필요!
 적의 행동 패턴을 기억하여 효과적인 공격 타이밍을 노리는 등 전략적 요소가 포함되어 있다.
 각 스테이지에 떨어져 있는 무기나 준비된 기믹을 활용하여 전투를 유리하게 이끌어가자!","Double Dragon Revive,더블 드래곤 리바이브",ARC SYSTEM WORKS,"https://store-images.s-microsoft.com/image/apps.35803.14054374584937820.9ca5f46e-32d0-45a2-80d8-1ab5020f295c.956a6e5f-3868-4480-8264-957123d6fc68,https://store-images.s-microsoft.com/image/apps.52045.14054374584937820.9ca5f46e-32d0-45a2-80d8-1ab5020f295c.38940481-25c5-423d-9c33-bd28cfc1947d,https://store-images.s-microsoft.com/image/apps.47822.14054374584937820.9ca5f46e-32d0-45a2-80d8-1ab5020f295c.3b025470-8050-4e16-bdf9-d150afeb231b,https://store-images.s-microsoft.com/image/apps.23740.14054374584937820.489099b2-78f5-4408-a2f5-a52308927eab.262b3620-f8b1-4451-8c4d-50297c287f74,https://store-images.s-microsoft.com/image/apps.8770.14054374584937820.489099b2-78f5-4408-a2f5-a52308927eab.26df08f9-63f6-4381-b825-c670bff858ab,https://store-images.s-microsoft.com/image/apps.58917.14054374584937820.489099b2-78f5-4408-a2f5-a52308927eab.605df977-c752-447e-806f-ddefd8112faa,https://store-images.s-microsoft.com/image/apps.62843.14054374584937820.489099b2-78f5-4408-a2f5-a52308927eab.3f7c9b3b-9018-4fee-a527-e87a7d2e2d61,https://store-images.s-microsoft.com/image/apps.6322.14054374584937820.9ca5f46e-32d0-45a2-80d8-1ab5020f295c.7ee62b47-d830-4c7e-8dc4-8a22ac597b93,https://store-images.s-microsoft.com/image/apps.5435.14054374584937820.489099b2-78f5-4408-a2f5-a52308927eab.dee8a6b6-0e63-4e53-8071-90f41ee3ef5c,https://store-images.s-microsoft.com/image/apps.65454.14054374584937820.9ca5f46e-32d0-45a2-80d8-1ab5020f295c.0a0458bd-76d8-4b1a-90e4-68f8e57b259a","액션,어드벤처",xbox
Once Upon A KATAMARI,http://www.xbox.com/ko-KR/games/store/7jib64kgioyymyggeyxkcdqtlttmlw/9N5KSS30JZ98/0017,https://www.xbox.com/ko-KR/games/store/7jib64kgioyymyggeyxkcdqtlttmlw/9N78W63W9W9R/0010,2025-10-23,https://store-images.s-microsoft.com/image/apps.41231.14073453586727934.1c0b2037-ccd0-43f8-8dbb-03ce3d3418e5.aee9e799-8e6a-4097-8a27-3680551bda31,"※본 상품은 「일반판」입니다. 별도로 「옛날 옛적에 괴혼 아바마마의 플레이 리스트 에디션」을 판매하고 있습니다. 중복 구매에 주의하십시오.

【게임 내용】
시대를 굴려라

시간을 넘어 세상을 돌며 덩어리를 굴리는 여행담.
굴리며 뭉치며 크게 만드는 것은 「괴혼」에선 익숙한 일. 이번엔 새로운 세계에서 마음 가는 대로 굴리자.

■「괴혼」 완전 신작이 여기에 등장!
새로운 무대에서 새로운 「삐까번쩍 송」을 들으면서 덩어리를 굴리고 뭉치고 크게 만듭시다.
그리고 물건을 끌어당기는 「자석」 등, 굴리는 데에 도움을 주는 아이템이 등장. 이전하고는 또 다른 굴리기 체험을 즐길 수 있습니다.

■색다른 옛날 시대! 빙하기! 공룡이 가득한 태곳적 옛날
아바마마가 가지고 놀던 기묘한 두루마리가 지구와 달, 수많은 별을 부수고 말았습니다.
두루마리에 기록된 다양한 지구의 시대로 시간 여행을 하면서 덩어리를 우주로 날려 사라진 별들을 되살려냅시다.

■새로운 기능 「사촌 커스터마이즈」 등장
본작에선 왕자와 함께 총 68명의 사촌이 등장.
사촌의 컬러나 페이스 파츠를 변경해 자신만의 오리지널 사촌을 만들 수도 있습니다.

■4인이서 경쟁하는 「스포츠 괴혼」을 즐겨보자
과거 대 코스모에서 유행했던 경기, 「스포츠 괴혼」. 온라인을 통해 전세계의 사촌들과 실력을 겨뤄봅시다.
※오프라인에서는 CPU하고만 대전할 수 있습니다.
---

※내용 및 사양은 예고 없이 일부 변경될 수 있습니다.
※자세한 내용은 공식 홈페이지를 확인하시기 바랍니다.","Once Upon A KATAMARI,옛날 옛적에 괴혼",RENGAME,"https://store-images.s-microsoft.com/image/apps.41231.14073453586727934.1c0b2037-ccd0-43f8-8dbb-03ce3d3418e5.aee9e799-8e6a-4097-8a27-3680551bda31,https://store-images.s-microsoft.com/image/apps.20668.14073453586727934.1c0b2037-ccd0-43f8-8dbb-03ce3d3418e5.57d690a1-a41e-4f5e-a9d9-576ae1e9152a,https://store-images.s-microsoft.com/image/apps.57008.14073453586727934.1c0b2037-ccd0-43f8-8dbb-03ce3d3418e5.3fbf14a1-63d0-42bd-9452-3e0a104a8606,https://store-images.s-microsoft.com/image/apps.29586.14073453586727934.1c0b2037-ccd0-43f8-8dbb-03ce3d3418e5.16de9c5c-a53e-40a5-8621-3d27e9fdb526,https://store-images.s-microsoft.com/image/apps.43810.14073453586727934.1c0b2037-ccd0-43f8-8dbb-03ce3d3418e5.15a82daf-9a37-40b1-bb79-3beda467e95f,https://store-images.s-microsoft.com/image/apps.28146.14073453586727934.1c0b2037-ccd0-43f8-8dbb-03ce3d3418e5.bd7c4b20-83f7-4ec5-9510-4d2b8b6fbd84,https://store-images.s-microsoft.com/image/apps.37320.14073453586727934.1c0b2037-ccd0-43f8-8dbb-03ce3d3418e5.2a8843e1-3b88-4de1-917c-a03b2a0cb22c,https://store-images.s-microsoft.com/image/apps.5897.14073453586727934.1c0b2037-ccd0-43f8-8dbb-03ce3d3418e5.ca150414-0bde-411e-b54b-71c076c28f6b,https://store-images.s-microsoft.com/image/apps.54732.14073453586727934.1c0b2037-ccd0-43f8-8dbb-03ce3d3418e5.540a0a99-c7ae-4e78-90b4-e144fce11e28,https://store-images.s-microsoft.com/image/apps.54325.14073453586727934.1c0b2037-ccd0-43f8-8dbb-03ce3d3418e5.d217579e-6368-46a3-84e2-f66ca31c7397","액션,어드벤처",xbox
Once Upon A KATAMARI,http://www.xbox.com/ko-KR/games/store/7jib64kgioyymyggeyxkcdqtlttmlwg7jwe67cu66ei66ei7j2yio2ujougioydtcdrpqzsiqttirgg7jeq65su7iwy/9NS29JW4XSLC/0017,https://www.xbox.com/ko-KR/games/store/7jib64kgioyymyggeyxkcdqtlttmlw/9N78W63W9W9R/0010,2025-10-23,https://store-images.s-microsoft.com/image/apps.41231.14073453586727934.1c0b2037-ccd0-43f8-8dbb-03ce3d3418e5.aee9e799-8e6a-4097-8a27-3680551bda31,"※본 상품은 「일반판」입니다. 별도로 「옛날 옛적에 괴혼 아바마마의 플레이 리스트 에디션」을 판매하고 있습니다. 중복 구매에 주의하십시오.

【게임 내용】
시대를 굴려라

시간을 넘어 세상을 돌며 덩어리를 굴리는 여행담.
굴리며 뭉치며 크게 만드는 것은 「괴혼」에선 익숙한 일. 이번엔 새로운 세계에서 마음 가는 대로 굴리자.

■「괴혼」 완전 신작이 여기에 등장!
새로운 무대에서 새로운 「삐까번쩍 송」을 들으면서 덩어리를 굴리고 뭉치고 크게 만듭시다.
그리고 물건을 끌어당기는 「자석」 등, 굴리는 데에 도움을 주는 아이템이 등장. 이전하고는 또 다른 굴리기 체험을 즐길 수 있습니다.

■색다른 옛날 시대! 빙하기! 공룡이 가득한 태곳적 옛날
아바마마가 가지고 놀던 기묘한 두루마리가 지구와 달, 수많은 별을 부수고 말았습니다.
두루마리에 기록된 다양한 지구의 시대로 시간 여행을 하면서 덩어리를 우주로 날려 사라진 별들을 되살려냅시다.

■새로운 기능 「사촌 커스터마이즈」 등장
본작에선 왕자와 함께 총 68명의 사촌이 등장.
사촌의 컬러나 페이스 파츠를 변경해 자신만의 오리지널 사촌을 만들 수도 있습니다.

■4인이서 경쟁하는 「스포츠 괴혼」을 즐겨보자
과거 대 코스모에서 유행했던 경기, 「스포츠 괴혼」. 온라인을 통해 전세계의 사촌들과 실력을 겨뤄봅시다.
※오프라인에서는 CPU하고만 대전할 수 있습니다.
---

※내용 및 사양은 예고 없이 일부 변경될 수 있습니다.
※자세한 내용은 공식 홈페이지를 확인하시기 바랍니다.","Once Upon A KATAMARI,옛날 옛적에 괴혼",RENGAME,"https://store-images.s-microsoft.com/image/apps.41231.14073453586727934.1c0b2037-ccd0-43f8-8dbb-03ce3d3418e5.aee9e799-8e6a-4097-8a27-3680551bda31,https://store-images.s-microsoft.com/image/apps.20668.14073453586727934.1c0b2037-ccd0-43f8-8dbb-03ce3d3418e5.57d690a1-a41e-4f5e-a9d9-576ae1e9152a,https://store-images.s-microsoft.com/image/apps.57008.14073453586727934.1c0b2037-ccd0-43f8-8dbb-03ce3d3418e5.3fbf14a1-63d0-42bd-9452-3e0a104a8606,https://store-images.s-microsoft.com/image/apps.29586.14073453586727934.1c0b2037-ccd0-43f8-8dbb-03ce3d3418e5.16de9c5c-a53e-40a5-8621-3d27e9fdb526,https://store-images.s-microsoft.com/image/apps.43810.14073453586727934.1c0b2037-ccd0-43f8-8dbb-03ce3d3418e5.15a82daf-9a37-40b1-bb79-3beda467e95f,https://store-images.s-microsoft.com/image/apps.28146.14073453586727934.1c0b2037-ccd0-43f8-8dbb-03ce3d3418e5.bd7c4b20-83f7-4ec5-9510-4d2b8b6fbd84,https://store-images.s-microsoft.com/image/apps.37320.14073453586727934.1c0b2037-ccd0-43f8-8dbb-03ce3d3418e5.2a8843e1-3b88-4de1-917c-a03b2a0cb22c,https://store-images.s-microsoft.com/image/apps.5897.14073453586727934.1c0b2037-ccd0-43f8-8dbb-03ce3d3418e5.ca150414-0bde-411e-b54b-71c076c28f6b,https://store-images.s-microsoft.com/image/apps.54732.14073453586727934.1c0b2037-ccd0-43f8-8dbb-03ce3d3418e5.540a0a99-c7ae-4e78-90b4-e144fce11e28,https://store-images.s-microsoft.com/image/apps.54325.14073453586727934.1c0b2037-ccd0-43f8-8dbb-03ce3d3418e5.d217579e-6368-46a3-84e2-f66ca31c7397","액션,어드벤처",xbox
Plants vs. Zombies: Replanted,http://www.xbox.com/ko-KR/games/store/plants-vs-zombies-replanted/9P39L2DHLTPN/0017,https://www.xbox.com/ko-KR/games/store/plants-vs-zombies-replanted/9PGSDFM3JD85/0010,2025-10-24,https://store-images.s-microsoft.com/image/apps.3733.14249493036313298.22c0dae5-4fa6-41f8-a5bd-bfdfcb3e98a0.34f5ac95-fab9-4faa-9cc8-14ca30acc335,"클래식 Plants vs. Zombies가 선명한 HD로 돌아옵니다! 수년간 미치광이 데이브의 다락에 잠들어 있던 식물과 좀비의 오리지널 전투가 더 크고, 더 밝고, 더 크레이지한 모습으로 돌아왔습니다! 모든 것이 시작된 게임을 리마스터된 HD 그래픽으로 다시 경험해 보세요. 새로운 비밀 요소도 가득합니다.

잊을 수 없는 전설적인 뒷마당 전투를 다시 경험해 보세요. 이번에는 새로운 레벨, 신선한 반전, 15년간 공개되지 않았던 프랜차이즈의 역사가 다시 펼쳐집니다. 완두콩 슈터, 해바라기, 뇌를 노리는 혼란이 가득한 전성기를 다시 느껴보세요! 최고의 정원 방어전에 다시 참여하고, 모든 전설이 시작된 뒷마당 전투를 다시 경험하세요. 새로운 시대에 맞는 모습으로 돌아왔습니다!

주요 특징:

- 아름다운 HD 그래픽으로 완전히 리마스터된 오리지널 Plants vs. Zombies 게임을 경험해 보세요
- 오리지널 레인 기반 방어 모드에서 좀비 무리를 막아내세요! 이제 보너스 레벨과 새로운 콘텐츠가 추가되었습니다!
- 로컬 협동 모드에서 친구와 함께 뒷마당을 방어하세요. 버터가 100% 증가합니다!
- 로컬 PvP 모드에서 좀비를 조종해 맞대결을 펼치세요
- 켜기/끄기 토글이 편리하게 업데이트된 지혜의 나무로 비주얼 옵션을 해제하세요
- Wall-Nut Bowling 같은 클래식 미니 게임을 다시 체험해 보세요. HD로 더 매끄러워지고 한층 더 혼란스러워진 재미를 즐기세요!
- 햇빛이 제한되어 전략적으로 식물을 심어야 하는 새로운 Cloudy Day 모드에서 여러분의 실력을 시험해 보세요!
- 새로운 하드코어 모드인 Rest In Peace에서 살아남으세요. 한 번의 실수로 모든 것이 사라지는 어드벤처 영구적 죽음 모드입니다
- 지금까지 공개된 적 없는 제작 전 스케치와 게임 역사를 담은 새로운 아트 및 콘셉트 라이브러리를 확인해 보세요

조건과 제한사항이 적용됩니다. 상세 사항은 ea.com/ko-kr/legal/legal-disclosures 를 참조하십시오.

©2025 Electronic Arts Inc. Electronic Arts, PopCap and Plants vs. Zombies are trademarks of Electronic Arts Inc.",Plants vs. Zombies: Replanted,PopCap Games,"https://store-images.s-microsoft.com/image/apps.3733.14249493036313298.22c0dae5-4fa6-41f8-a5bd-bfdfcb3e98a0.34f5ac95-fab9-4faa-9cc8-14ca30acc335,https://store-images.s-microsoft.com/image/apps.636.14249493036313298.22c0dae5-4fa6-41f8-a5bd-bfdfcb3e98a0.832873cb-6a09-44ea-ab8b-b2022f878a5a,https://store-images.s-microsoft.com/image/apps.42839.14249493036313298.22c0dae5-4fa6-41f8-a5bd-bfdfcb3e98a0.f292b60f-ad4a-47af-9e6a-bac9837f59bf,https://store-images.s-microsoft.com/image/apps.34515.14249493036313298.22c0dae5-4fa6-41f8-a5bd-bfdfcb3e98a0.47fe422b-a7c0-4e08-972f-e83a08b37bce,https://store-images.s-microsoft.com/image/apps.11976.14249493036313298.22c0dae5-4fa6-41f8-a5bd-bfdfcb3e98a0.586b4366-4c8d-4364-9a20-bdc9cf0e98f4",전략,xbox
Windborn - Echoes of the Night,http://www.xbox.com/ko-KR/games/store/windborn-echoes-of-the-night/9NZD6NNTHW48/0017,https://www.xbox.com/ko-KR/games/store/windborn-echoes-of-the-night/9NZD6NNTHW48/0017,2025-10-24,https://store-images.s-microsoft.com/image/apps.43118.14482677829839331.1c7863aa-5aba-49fa-9c14-c07ef8569071.de2a96c3-50f3-4bd5-a2ee-c610593368a9,"Embark on an exhilarating journey as a bird navigating the skies alongside your flock. In this beautifully crafted adventure, you will soar through 11 vibrant and diverse levels, each offering unique challenges and breathtaking landscapes. Your mission isn’t just about speed—it’s about staying connected with your flock as you all journey together, guided by instinct and unity.
Feel the rush as you fly through speed boosts that propel you forward, but be careful! Lose track of your flock, and you risk being left behind. The world around you is full of wonder—experience the thrill of wide-open skies, the serenity of soaring with your companions, and the subtle strategy of maintaining the perfect pace to stay with your flock.
From lush forests to vast oceans and sweeping mountain ranges, every level introduces a new environment that tests your ability to adapt and stay with your group. The game combines exciting, fast-paced moments with relaxing, meditative flights, creating a balance that makes every moment enjoyable.
Will you master the skies and ensure that no one gets left behind? The freedom of the skies is yours to explore—let the journey begin!",Windborn - Echoes of the Night,EpiXR Games,"https://store-images.s-microsoft.com/image/apps.43118.14482677829839331.1c7863aa-5aba-49fa-9c14-c07ef8569071.de2a96c3-50f3-4bd5-a2ee-c610593368a9,https://store-images.s-microsoft.com/image/apps.15936.14482677829839331.1c7863aa-5aba-49fa-9c14-c07ef8569071.6b2c0ca0-8e69-4506-a076-a8fdde4c42b5,https://store-images.s-microsoft.com/image/apps.47783.14482677829839331.1c7863aa-5aba-49fa-9c14-c07ef8569071.c3593b06-c5da-4626-983d-1fe29d3c3bf8,https://store-images.s-microsoft.com/image/apps.28059.14482677829839331.1c7863aa-5aba-49fa-9c14-c07ef8569071.4be7e02a-ced1-410a-810c-5533354c4ec7,https://store-images.s-microsoft.com/image/apps.61440.14482677829839331.1c7863aa-5aba-49fa-9c14-c07ef8569071.1d9f6354-ef70-4d43-8292-f7fba81a52ed,https://store-images.s-microsoft.com/image/apps.50479.14482677829839331.1c7863aa-5aba-49fa-9c14-c07ef8569071.a4255341-c994-4e8a-9f96-d5eef452160d,https://store-images.s-microsoft.com/image/apps.23712.14482677829839331.1c7863aa-5aba-49fa-9c14-c07ef8569071.ce5b68d9-17ea-4382-ab82-3d2faa3c1475,https://store-images.s-microsoft.com/image/apps.3445.14482677829839331.1c7863aa-5aba-49fa-9c14-c07ef8569071.13e19c46-0dd6-407b-9501-be08356e7949","시뮬레이션,가족,어린이,레이싱,비행,기타",xbox
Death Park 2: 4k Remaster,http://www.xbox.com/ko-KR/games/store/death-park-2-4k-remaster/9NXDGBRQ32L5/0017,https://www.xbox.com/ko-KR/games/store/death-park-2-4k-remaster/9NXDGBRQ32L5/0017,2025-10-29,https://store-images.s-microsoft.com/image/apps.50017.14427426295635190.87f86246-a028-4722-89fc-7a35207e6bbd.a9fe0953-d130-4fd4-b9eb-ff7b593a8168,"Start your adventure in one of the best scary games and creepy horror games! 

In the horror you will find yourself in a creepy city filled with secrets, monsters, and adventure. Take an action and save your sister from the clown, find out the mystery of Death Park and the origin of the scary clown! 

Are you ready to fight your nightmares and various monsters that have flooded Farland? Can you cope with all puzzles that await you in this horror story?

You have to visit 8 huge locations including streets, hospital, cemetery, sewer, and military base. You will be able to move between the real world and the world of sleep to solve riddles and fight a scary clown and various monsters.

We paid special attention to puzzles now they have two difficulty levels, also puzzles themselves change with every adventure! Try to complete the game with challenging puzzles! Only a few players are able to do it.

There are many endings in our shooter, and your survival and the outcome of the story depend on your decisions and actions. Can you unlock all the endings of the thriller?

Enjoy the horror, friend!",Death Park 2: 4k Remaster,Euphoria Games,"https://store-images.s-microsoft.com/image/apps.50017.14427426295635190.87f86246-a028-4722-89fc-7a35207e6bbd.a9fe0953-d130-4fd4-b9eb-ff7b593a8168,https://store-images.s-microsoft.com/image/apps.13336.14427426295635190.87f86246-a028-4722-89fc-7a35207e6bbd.a29c8d77-2ed3-4565-b319-75a81b83c00c,https://store-images.s-microsoft.com/image/apps.62968.14427426295635190.87f86246-a028-4722-89fc-7a35207e6bbd.f46dded4-2e1d-4d7e-8361-72055fa6af12,https://store-images.s-microsoft.com/image/apps.31085.14427426295635190.87f86246-a028-4722-89fc-7a35207e6bbd.b0acf9e3-2a5c-4d8d-ad88-49d084393bf8,https://store-images.s-microsoft.com/image/apps.21778.14427426295635190.87f86246-a028-4722-89fc-7a35207e6bbd.e4fd7607-0bdc-42cf-b4f5-fc55515d166d,https://store-images.s-microsoft.com/image/apps.38997.14427426295635190.87f86246-a028-4722-89fc-7a35207e6bbd.3b7b2dbf-c07f-4bb2-8ae5-b409b5ad87c5","액션,어드벤처",xbox
DRAGON QUEST I & II HD-2D Remake,http://www.xbox.com/ko-KR/games/store/i-ii-hd-2d-remake/9MT8RHZXFP5M/0017,https://www.xbox.com/ko-KR/games/store/i-ii-hd-2d-remake/9NF2KMV0RTPP/0010,2025-10-30,https://store-images.s-microsoft.com/image/apps.51580.13607416604066896.6818bf02-67ed-49f3-bfca-b58a73d03f23.3419ba92-8a39-4be9-b235-17b5a60f1597,"『드래곤 퀘스트 III HD-2D Remake』 이후의 세계를 그리는 『드래곤 퀘스트 I』과 『드래곤 퀘스트 II』가 1개의 타이틀로 등장.
도트 아트와 3D CG가 융합된 ""HD-2D"" 세계에서 다시금 모험의 막이 오른다!

■『드래곤 퀘스트 I』 스토리
전설의 용사가 대마왕을 쓰러뜨려 평화를 되찾은 아레프갈드는
어둠의 패자인 용왕에 의해 다시 마물들로 뒤덮이게 된다.
고통받는 사람들을 구하기 위해, 용사 로토의 피를 이은 당신이 용왕 토벌에 나서게 되는데…!

■『드래곤 퀘스트 II』 스토리
과거에 아레프갈드를 구원한 용사 로토의 자손들에 의해
세 개의 나라가 새롭게 세워진 세계.
그러나 이들의 평온은 무시무시한 마물 군대에 의해 갑자기 깨지게 된다.
퍼져 가는 어둠의 힘에 맞서기 위해
로토의 피를 이은 젊은 왕자와 공주가 진정한 평화를 되찾기 위해 길을 떠난다.
----------
『드래곤 퀘스트 III HD-2D Remake』의 저장 데이터가 있는 경우, 특전으로 『드래곤 퀘스트 I & II HD-2D Remake』에서 사용할 수 있는 게임 내 아이템을 받으실 수 있습니다.

■「전설의 이미지 변신 세트」 내용
『드래곤 퀘스트 I』: 개 인형 탈 × 1
『드래곤 퀘스트 II』: 고양이 인형 탈 × 1

※이 특전 아이템은 게임 진행 중에도 얻을 수 있습니다.
※『드래곤 퀘스트 I』의 특전 아이템은 게임 속 라다톰 여관에 있는 보물 상자를 열면 획득할 수 있습니다.
※『드래곤 퀘스트 II』의 특전 아이템은 게임 속 로레시아 여관에 있는 보물 상자를 열면 획득할 수 있습니다.
※『드래곤 퀘스트 I & II HD-2D Remake』를 플레이하는 게임기 또는 PC 본체에, 동일한 계정으로 작성한 『드래곤 퀘스트 III HD-2D Remake』의 저장 데이터가 존재해야 합니다.
※『드래곤 퀘스트 I & II HD-2D Remake』를 먼저 플레이한 다음 『드래곤 퀘스트 III HD-2D Remake』를 플레이하는 경우에도 이 특전이 적용됩니다.
※이 특전은 2024년도에 발매된 『드래곤 퀘스트 III HD-2D Remake』의 저장 데이터로만 받으실 수 있습니다. 2019년 이전에 발매된 『DRAGON QUEST III 전설의 시작』 혹은 『드래곤 퀘스트 III 그리고 전설로…』의 저장 데이터로는 특전을 받으실 수 없습니다.
※특전의 내용 및 사양은 예고 없이 변경될 수 있습니다.","DRAGON QUEST I & II HD-2D Remake,드래곤 퀘스트 I & II HD-2D Remake",ARTDINK CORPORATION,"https://store-images.s-microsoft.com/image/apps.51580.13607416604066896.6818bf02-67ed-49f3-bfca-b58a73d03f23.3419ba92-8a39-4be9-b235-17b5a60f1597,https://store-images.s-microsoft.com/image/apps.23310.13607416604066896.6818bf02-67ed-49f3-bfca-b58a73d03f23.6d2c18d3-bde5-460a-8259-17758813bac8,https://store-images.s-microsoft.com/image/apps.43753.13607416604066896.6818bf02-67ed-49f3-bfca-b58a73d03f23.168ee373-983e-4481-90a0-69eb81b0173d,https://store-images.s-microsoft.com/image/apps.22172.13607416604066896.6818bf02-67ed-49f3-bfca-b58a73d03f23.a1da116b-6c38-440b-9b1c-089f83bd3846,https://store-images.s-microsoft.com/image/apps.64937.13607416604066896.6818bf02-67ed-49f3-bfca-b58a73d03f23.4e0cf4c6-2e36-48f5-a39b-af41093d2bc9",롤플레잉,xbox
Virtua Fighter 5 R.E.V.O. World Stage,http://www.xbox.com/ko-KR/games/store/virtua-fighter-5-revo-world-stage/9NH125TK028C/0017,https://www.xbox.com/ko-KR/games/store/virtua-fighter-5-revo-world-stage/9NSM674QVLBS/0010,2025-10-30,https://store-images.s-microsoft.com/image/apps.38187.14360936962313275.ff2fb803-bad6-4e21-940c-e5f9d202a2d2.b2f51105-0d05-4514-b6dd-bb33605b342d,"리얼리티의 추구를 이어가는 3D 격투 게임의 시조 '버추어 파이터'가 드디어 Xbox Series X|S로 등장.
 
본작은 플랫폼의 벽을 뛰어넘은 크로스 플레이를 지원!
또한, 전 세계의 팬들과 보다 원활하게, 보다 심도 깊게 배틀을 즐길 수 있는 대망의 롤백 넷코드에도 대응.
전 세계 유저들과 불꽃 튀는 배틀을 즐겨 보자.

그리고, 각국의 강자들과 각축전을 벌일 수 있는 솔로 플레이용 신규 모드 'World Stage' 등장!
'World Stage' 모드에서는 전 세계의 수많은 강적들이 집결! 또한, 실존 유명 플레이어도 CPU로 등장한다.
개성 넘치는 라이벌들과 대전하여 실력을 갈고닦아 최강자가 되어 보자!

그 외에도 리플레이 기능이 추가되고 트레이닝 기능이 개선되었다.
버추어 파이터를 처음 플레이하거나 오랜만에 플레이하는 사람도
마음 놓고 즐길 수 있는 서포트 기능이 충실히 탑재된 '버추어 파이터'의 결정판.

※본 상품은 게임 본편 단품입니다. 게임 본편과 추가 콘텐츠가 포함된 세트 상품도 있습니다. 구매하실 때는 중복 구매에 주의해 주십시오.",Virtua Fighter 5 R.E.V.O. World Stage,SEGA,"https://store-images.s-microsoft.com/image/apps.38187.14360936962313275.ff2fb803-bad6-4e21-940c-e5f9d202a2d2.b2f51105-0d05-4514-b6dd-bb33605b342d,https://store-images.s-microsoft.com/image/apps.25750.14360936962313275.ff2fb803-bad6-4e21-940c-e5f9d202a2d2.910100db-a414-4e81-b671-ac4dee6ba9b6,https://store-images.s-microsoft.com/image/apps.43177.14360936962313275.ff2fb803-bad6-4e21-940c-e5f9d202a2d2.4d74185e-8e85-4678-84d9-41b446508421,https://store-images.s-microsoft.com/image/apps.50254.14360936962313275.ff2fb803-bad6-4e21-940c-e5f9d202a2d2.4a114054-2dd1-4952-8e88-f02e8bdbebec,https://store-images.s-microsoft.com/image/apps.14759.14360936962313275.ff2fb803-bad6-4e21-940c-e5f9d202a2d2.6605ebc3-b1bc-42c7-b8d4-2f1b78bb9d71",격투,xbox
Virtua Fighter 5 R.E.V.O. World Stage,http://www.xbox.com/ko-KR/games/store/virtua-fighter-5-revo-world-stage-30th/9PK9VV0V4DWJ/0017,https://www.xbox.com/ko-KR/games/store/virtua-fighter-5-revo-world-stage/9NSM674QVLBS/0010,2025-10-30,https://store-images.s-microsoft.com/image/apps.38187.14360936962313275.ff2fb803-bad6-4e21-940c-e5f9d202a2d2.b2f51105-0d05-4514-b6dd-bb33605b342d,"리얼리티의 추구를 이어가는 3D 격투 게임의 시조 '버추어 파이터'가 드디어 Xbox Series X|S로 등장.
 
본작은 플랫폼의 벽을 뛰어넘은 크로스 플레이를 지원!
또한, 전 세계의 팬들과 보다 원활하게, 보다 심도 깊게 배틀을 즐길 수 있는 대망의 롤백 넷코드에도 대응.
전 세계 유저들과 불꽃 튀는 배틀을 즐겨 보자.

그리고, 각국의 강자들과 각축전을 벌일 수 있는 솔로 플레이용 신규 모드 'World Stage' 등장!
'World Stage' 모드에서는 전 세계의 수많은 강적들이 집결! 또한, 실존 유명 플레이어도 CPU로 등장한다.
개성 넘치는 라이벌들과 대전하여 실력을 갈고닦아 최강자가 되어 보자!

그 외에도 리플레이 기능이 추가되고 트레이닝 기능이 개선되었다.
버추어 파이터를 처음 플레이하거나 오랜만에 플레이하는 사람도
마음 놓고 즐길 수 있는 서포트 기능이 충실히 탑재된 '버추어 파이터'의 결정판.

※본 상품은 게임 본편 단품입니다. 게임 본편과 추가 콘텐츠가 포함된 세트 상품도 있습니다. 구매하실 때는 중복 구매에 주의해 주십시오.",Virtua Fighter 5 R.E.V.O. World Stage,SEGA,"https://store-images.s-microsoft.com/image/apps.38187.14360936962313275.ff2fb803-bad6-4e21-940c-e5f9d202a2d2.b2f51105-0d05-4514-b6dd-bb33605b342d,https://store-images.s-microsoft.com/image/apps.25750.14360936962313275.ff2fb803-bad6-4e21-940c-e5f9d202a2d2.910100db-a414-4e81-b671-ac4dee6ba9b6,https://store-images.s-microsoft.com/image/apps.43177.14360936962313275.ff2fb803-bad6-4e21-940c-e5f9d202a2d2.4d74185e-8e85-4678-84d9-41b446508421,https://store-images.s-microsoft.com/image/apps.50254.14360936962313275.ff2fb803-bad6-4e21-940c-e5f9d202a2d2.4a114054-2dd1-4952-8e88-f02e8bdbebec,https://store-images.s-microsoft.com/image/apps.14759.14360936962313275.ff2fb803-bad6-4e21-940c-e5f9d202a2d2.6605ebc3-b1bc-42c7-b8d4-2f1b78bb9d71",격투,xbox
The Outer Worlds 2,http://www.xbox.com/ko-KR/games/store/the-outer-worlds-2-standard-preorder-edition/9NSPRSXXZZLG/0017,https://www.xbox.com/ko-KR/games/store/the-outer-worlds-2/9P8RMKXRML7D/0010,2025-10-30,https://store-images.s-microsoft.com/image/apps.33105.14086924108488409.8dd1428c-d108-469c-b8d2-05e105d1cd97.48bd7c06-db49-409a-946d-bec944e825b4,"The Outer Worlds 2는 Obsidian Entertainmen가 선보인, 수상에 빛나는 1인칭 공상 과학 RPG의 간절히 기다려온 속편입니다. 설명만 들어도 엄청난 게임 같지 않나요? 일정을 여유롭게 비워 두고, 새로운 식민지에서 새로운 동료와 함께 새로운 무기를 들고 새로운 적과 맞서는 액션 가득한 모험에 나설 준비를 하세요! 새로운 게 엄청 많네요!

용감하고 그럭저럭 괜찮게 생긴 지구 위원회 요원이 되어 전 인류의 운명을 위협하는 파괴적인 균열의 원인을 밝혀내세요. 스킵 드라이브 기술의 고향인 아카디아에서 조사를 벌이세요. 장점과 단점을 돌아보고, 어떤 동료와 세력을 믿을지 결정하세요. 여러분의 선택에 식민지, 나아가서는 온 우주의 운명이 달려 있습니다.

새로운 개척지를 탐험하세요
보호국의 소위 ‘자애로운 통치’가 종교 집단의 반란과 기업 침공으로 도전받으며, 아카디아 식민지는 세력 간 전쟁에 휩싸였습니다. 파괴적인 균열이 식민지 전체에 퍼져나가고, 각 세력은 저마다의 목적을 위해 균열을 통제하거나 닫고자 싸움을 계속합니다. 다양한 구역을 탐사하고, 숨겨진 이야기를 밝혀내고, 경각에 달한 행성계의 운명을 결정하세요!

나만의 사령관, 나만의 방식
나만의 플레이 스타일에 맞는 능력을 가지고 결정을 내리는 캐릭터를 구축하세요. 여러분의 모든 행보에 따라 식민지는 독특한 이야기를 자아냅니다. 외교의 사도, 약삭빠른 전략가, 혼돈을 부르는 성전사, 아니면 전혀 다른 무언가가 되어 보세요. 물론, 바보가 될 수도 있고요!

동료를 소집하세요
고유한 특성과 배경, 목표를 가진 동료를 모집하세요. 야망을 이루도록 돕든, 내 목표를 위해 이용하든, 여러분의 영향력이 동료의 성장(혹은 죽음)을 결정합니다. 모험에 핵심적인 역할을 하는 그들과 함께 깊이 빠져드는 스토리를 만들어 보세요.",The Outer Worlds 2,Obsidian Entertainment,"https://store-images.s-microsoft.com/image/apps.33105.14086924108488409.8dd1428c-d108-469c-b8d2-05e105d1cd97.48bd7c06-db49-409a-946d-bec944e825b4,https://store-images.s-microsoft.com/image/apps.41745.14086924108488409.8dd1428c-d108-469c-b8d2-05e105d1cd97.34dcacbd-8a27-4ee9-bfa5-2eecce233138,https://store-images.s-microsoft.com/image/apps.40432.14086924108488409.8dd1428c-d108-469c-b8d2-05e105d1cd97.83678e73-add1-4ff1-a4ea-3b74c0b779cb,https://store-images.s-microsoft.com/image/apps.55965.14086924108488409.8dd1428c-d108-469c-b8d2-05e105d1cd97.c227ff99-f4f1-4cc8-8185-57c78e20cc22,https://store-images.s-microsoft.com/image/apps.22308.14086924108488409.8dd1428c-d108-469c-b8d2-05e105d1cd97.6b6ef93c-1559-4802-8329-b11ea3bc71ad,https://store-images.s-microsoft.com/image/apps.49982.14086924108488409.8dd1428c-d108-469c-b8d2-05e105d1cd97.8854b78a-0dc5-4a84-97f9-c77d5b035749,https://store-images.s-microsoft.com/image/apps.46016.14086924108488409.8dd1428c-d108-469c-b8d2-05e105d1cd97.99898e98-1490-420d-b045-39b186239e46,https://store-images.s-microsoft.com/image/apps.13103.14086924108488409.8dd1428c-d108-469c-b8d2-05e105d1cd97.15c44208-c671-4ffa-a605-d89ec89d9a13",롤플레잉,xbox
Farming Simulator 25,http://www.xbox.com/ko-KR/games/store/farming-simulator-25-highlands-fishing-edition-xbox/9NCS442F7ZZ0/0017,https://www.xbox.com/ko-KR/games/store/farming-simulator-25/9NMCDQ6RCJKH/0010,2025-11-04,https://store-images.s-microsoft.com/image/apps.18761.13694869141916354.dbd399f3-e8cc-40af-846c-3847d91ac420.9295ffe6-480a-4874-9fea-b5d5699f6e78,"Farming Simulator 25에서 보람찬 농장 생활에 여러분을 초대합니다. 혼자서 농장을 만들든, 멀티플레이에서 협동하여 농장을 만들든, 원하는 대로 선택하세요. 이 농장은 여러분의 것입니다!

새로운 기능: 

* 북아메리카, 동아시아, 중부 유럽의 지도 세 개
* 작물: 벼, 시금치, 완두콩, 그린빈
* 동물: 염소, 물소, 아기 동물
* 150개 이상의 농사 브랜드의 400개 이상의 기계
* 날씨 이벤트(돌풍 및 우박)와 향상된 효과
* 지형 변형 및 GPS 지원 스티어링
* 새로운 생산망, 농장 상점, 건설
* 다양한 농업 요소 향상",Farming Simulator 25,GIANTS Software,"https://store-images.s-microsoft.com/image/apps.18761.13694869141916354.dbd399f3-e8cc-40af-846c-3847d91ac420.9295ffe6-480a-4874-9fea-b5d5699f6e78,https://store-images.s-microsoft.com/image/apps.5224.13694869141916354.dbd399f3-e8cc-40af-846c-3847d91ac420.b865ea7d-deda-4a39-9c7c-71588025e142,https://store-images.s-microsoft.com/image/apps.34939.13694869141916354.dbd399f3-e8cc-40af-846c-3847d91ac420.18b40d6a-675d-48ad-891d-a63c5ccd741f,https://store-images.s-microsoft.com/image/apps.25224.13694869141916354.dbd399f3-e8cc-40af-846c-3847d91ac420.97ab8e90-f9b6-44fa-864d-b2ec554924b6,https://store-images.s-microsoft.com/image/apps.3514.13694869141916354.dbd399f3-e8cc-40af-846c-3847d91ac420.8657a9be-e3d9-4cff-8093-79346dc9eef3",시뮬레이션,xbox
Farming Simulator 25,http://www.xbox.com/ko-KR/games/store/farming-simulator-25-highlands-fishing-edition-pc/9NKJ210CGJ40/0017,https://www.xbox.com/ko-KR/games/store/farming-simulator-25-pc/9PM709J61828/0010,2025-11-04,https://store-images.s-microsoft.com/image/apps.18761.14299110548313627.e4556c25-f83f-4704-b258-4f6ae4f6358b.5e4f90b6-6b0e-4559-9d4f-e197ffae2205,"Farming Simulator 25에서 보람찬 농장 생활에 여러분을 초대합니다. 혼자서 농장을 만들든, 멀티플레이에서 협동하여 농장을 만들든, 원하는 대로 선택하세요. 이 농장은 여러분의 것입니다!

새로운 기능: 

* 북아메리카, 동아시아, 중부 유럽의 지도 세 개
* 작물: 벼, 시금치, 완두콩, 그린빈
* 동물: 염소, 물소, 아기 동물
* 150개 이상의 농사 브랜드의 400개 이상의 기계
* 날씨 이벤트(돌풍 및 우박)와 향상된 효과
* 지형 변형 및 GPS 지원 스티어링
* 새로운 생산망, 농장 상점, 건설
* 다양한 농업 요소 향상",Farming Simulator 25,GIANTS Software,"https://store-images.s-microsoft.com/image/apps.18761.14299110548313627.e4556c25-f83f-4704-b258-4f6ae4f6358b.5e4f90b6-6b0e-4559-9d4f-e197ffae2205,https://store-images.s-microsoft.com/image/apps.5224.14299110548313627.e4556c25-f83f-4704-b258-4f6ae4f6358b.383c87a5-6afd-4462-b0b2-0e8c70e9ca07,https://store-images.s-microsoft.com/image/apps.34939.14299110548313627.e4556c25-f83f-4704-b258-4f6ae4f6358b.8c8bc51a-ead6-4cc5-8d8c-a077f7184ddf,https://store-images.s-microsoft.com/image/apps.25224.14299110548313627.e4556c25-f83f-4704-b258-4f6ae4f6358b.8ccc4906-ea81-472d-9808-25676b9aac03,https://store-images.s-microsoft.com/image/apps.3514.14299110548313627.e4556c25-f83f-4704-b258-4f6ae4f6358b.4b8d93b4-68de-455a-bf3a-e501e3669bc9",시뮬레이션,xbox
Anno 117: Pax Romana,http://www.xbox.com/ko-KR/games/store/117/9NFMQ8MP7353/0017,https://www.xbox.com/ko-KR/games/store/anno-117-pax-romana/9NRJ3KNT0JRK/0010,2025-11-13,https://store-images.s-microsoft.com/image/apps.62409.14382645289717684.5af9dfe0-f671-42c7-869c-1d0a27ab2f8d.213db4df-9f3c-4aeb-9c36-5639cd854d5e,"도시 건설 장르를 대표하는 프랜차이즈가 가장 야심찬 콘텐츠와 함께 아노 117: 팍스 로마나로 돌아옵니다. 총독으로서 도시를 건설하고 통치하는 방식에 따라 여러분의 서사와 시민들의 운명, 그리고 지역의 미래가 결정됩니다. 다른 총독들과 힘을 합치거나, 경쟁자들에게 도전하여 자신의 군사적 역량을 증명하는 건 전적으로 여러분의 선택에 달렸습니다. 평화의 대가를 선택하는 건 여러분의 손에 달렸습니다.

최고의 도시 건설 게임을 즐겨보세요
뛰어난 디테일과 유연성, 압도적인 규모로 자신만의 도시를 건설하세요. 아이들이 거리에서 강아지를 쫓아다니는 장면이나 경기장에서 수천 명의 관중이 환호하는 장면을 감상하세요. 아름다운 라티움의 중심지부터 문명화된 로마인들이 발도 붙이기 싫어하는 켈트족의 습지대인 알비온에 이르는 모든 곳에 도시를 건설하세요.

로마의 총독이 되세요
로마 제국의 힘이 절정에 달하던 시절을 배경으로 여러분이 꿈꾸던 도시를 설계하세요. 시민의 요구와 황제의 끝없는 욕심 사이의 적절한 균형점을 찾으세요. 제국 너머의 세력들과 동맹을 맺거나, 전략적인 지상전 및 해상전으로 여러분의 힘을 과시하세요. 심지어는 황제의 명령을 거스를 수도 있습니다. 물론 그에 따르는 대가가 있을 뿐이죠.

도시의 운명을 결정하세요
총독으로서 내리는 모든 결정은 결과에 영향을 미칩니다. 현지 켈트족 문화를 존중하는 것과 로마식 전통을 강요하는 것 중 무엇을 선택하실 건가요? 외교와 무역으로 도시를 성장시키거나 군사력을 동원해 상대를 정복하세요. 여러분이 내리는 결정은 시민과 도시의 미래에만 영향을 주는 것이 아니라, 여러분의 운명에도 영향을 줍니다.",Anno 117: Pax Romana,Ubisoft,"https://store-images.s-microsoft.com/image/apps.62409.14382645289717684.5af9dfe0-f671-42c7-869c-1d0a27ab2f8d.213db4df-9f3c-4aeb-9c36-5639cd854d5e,https://store-images.s-microsoft.com/image/apps.61594.14382645289717684.5af9dfe0-f671-42c7-869c-1d0a27ab2f8d.f6354917-ee3c-4507-abd3-1f20bcb4ab63,https://store-images.s-microsoft.com/image/apps.30007.14382645289717684.5af9dfe0-f671-42c7-869c-1d0a27ab2f8d.b1dab759-bdfe-4e6a-99ad-863aa580d213,https://store-images.s-microsoft.com/image/apps.49729.14382645289717684.5af9dfe0-f671-42c7-869c-1d0a27ab2f8d.78a0bd49-6f2c-4a6d-88a8-f364f3e35742,https://store-images.s-microsoft.com/image/apps.37414.14382645289717684.5af9dfe0-f671-42c7-869c-1d0a27ab2f8d.4c8919bc-30f3-4c13-b7c0-588cf20b181a","전략,시뮬레이션,가족,어린이",xbox
Anno 117: Pax Romana,http://www.xbox.com/ko-KR/games/store/117/9PJ2N7ZWRC9L/0017,https://www.xbox.com/ko-KR/games/store/anno-117-pax-romana/9NRJ3KNT0JRK/0010,2025-11-13,https://store-images.s-microsoft.com/image/apps.62409.14382645289717684.5af9dfe0-f671-42c7-869c-1d0a27ab2f8d.213db4df-9f3c-4aeb-9c36-5639cd854d5e,"도시 건설 장르를 대표하는 프랜차이즈가 가장 야심찬 콘텐츠와 함께 아노 117: 팍스 로마나로 돌아옵니다. 총독으로서 도시를 건설하고 통치하는 방식에 따라 여러분의 서사와 시민들의 운명, 그리고 지역의 미래가 결정됩니다. 다른 총독들과 힘을 합치거나, 경쟁자들에게 도전하여 자신의 군사적 역량을 증명하는 건 전적으로 여러분의 선택에 달렸습니다. 평화의 대가를 선택하는 건 여러분의 손에 달렸습니다.

최고의 도시 건설 게임을 즐겨보세요
뛰어난 디테일과 유연성, 압도적인 규모로 자신만의 도시를 건설하세요. 아이들이 거리에서 강아지를 쫓아다니는 장면이나 경기장에서 수천 명의 관중이 환호하는 장면을 감상하세요. 아름다운 라티움의 중심지부터 문명화된 로마인들이 발도 붙이기 싫어하는 켈트족의 습지대인 알비온에 이르는 모든 곳에 도시를 건설하세요.

로마의 총독이 되세요
로마 제국의 힘이 절정에 달하던 시절을 배경으로 여러분이 꿈꾸던 도시를 설계하세요. 시민의 요구와 황제의 끝없는 욕심 사이의 적절한 균형점을 찾으세요. 제국 너머의 세력들과 동맹을 맺거나, 전략적인 지상전 및 해상전으로 여러분의 힘을 과시하세요. 심지어는 황제의 명령을 거스를 수도 있습니다. 물론 그에 따르는 대가가 있을 뿐이죠.

도시의 운명을 결정하세요
총독으로서 내리는 모든 결정은 결과에 영향을 미칩니다. 현지 켈트족 문화를 존중하는 것과 로마식 전통을 강요하는 것 중 무엇을 선택하실 건가요? 외교와 무역으로 도시를 성장시키거나 군사력을 동원해 상대를 정복하세요. 여러분이 내리는 결정은 시민과 도시의 미래에만 영향을 주는 것이 아니라, 여러분의 운명에도 영향을 줍니다.",Anno 117: Pax Romana,Ubisoft,"https://store-images.s-microsoft.com/image/apps.62409.14382645289717684.5af9dfe0-f671-42c7-869c-1d0a27ab2f8d.213db4df-9f3c-4aeb-9c36-5639cd854d5e,https://store-images.s-microsoft.com/image/apps.61594.14382645289717684.5af9dfe0-f671-42c7-869c-1d0a27ab2f8d.f6354917-ee3c-4507-abd3-1f20bcb4ab63,https://store-images.s-microsoft.com/image/apps.30007.14382645289717684.5af9dfe0-f671-42c7-869c-1d0a27ab2f8d.b1dab759-bdfe-4e6a-99ad-863aa580d213,https://store-images.s-microsoft.com/image/apps.49729.14382645289717684.5af9dfe0-f671-42c7-869c-1d0a27ab2f8d.78a0bd49-6f2c-4a6d-88a8-f364f3e35742,https://store-images.s-microsoft.com/image/apps.37414.14382645289717684.5af9dfe0-f671-42c7-869c-1d0a27ab2f8d.4c8919bc-30f3-4c13-b7c0-588cf20b181a","전략,시뮬레이션,가족,어린이",xbox
INAZUMA ELEVEN: Victory Road,http://www.xbox.com/ko-KR/games/store/inazuma-eleven-victory-road/9P4MKX8G70JZ/0017,https://www.xbox.com/ko-KR/games/store/inazuma-eleven-victory-road/9NVX87ZG7WSC/0010,2025-11-14,https://store-images.s-microsoft.com/image/apps.1372.14460551261725800.f43db729-91cd-4b10-b612-f722149ccb7b.589added-5c70-4d21-b6e5-065b79606aa3,"출시일 변경
변경 전: 2025년 8월 22일[KST]
↓
변경 후: 2025년 11월 14일[KST]

타오르는 구름과 함께 이나즈마의 번개가 하늘을 가릅니다!

초차원적 축구 RPG 시리즈 ""INAZUMA ELEVEN""의 최신 타이틀이 마침내 출시되었습니다!
새로운 주인공이 포함된 신규 스토리를 감상하고, 5200명이 넘는 캐릭터를 수집 및 훈련하고, 치열한 경쟁 모드를 즐겨 보세요. 풍부한 콘텐츠가 기다립니다!

✦스토리 모드
해당 신규 스토리는 INAZUMA ELEVEN 첫 작품으로부터 25년이 지난 시기를 배경으로 합니다.
주인공인 데스틴 빌로우스는 축구와 관련 없는 세상을 찾아 남운 중등부에 입학합니다. 한편 전국 최상위 팀으로 유명한 명문 라이몬 중등부에서는 하퍼 에반스라는 ""축구 괴물""이 새로이 떠오릅니다.
이 두 명의 길이 엇갈리면서 이야기가 펼쳐지기 시작합니다...

✦ 연대기 모드
시리즈 전작의 5200명이 넘는 캐릭터를 아우르는 로스터!
미래에서 온 소년, 빅토리오와 과거 이나즈마 일레븐의 경기를 다시 체험하세요.
다양한 팀과 겨루고, 캐릭터를 수집 및 훈련하고, 궁극의 드림팀을 구축하세요!

✦ 차세대 축구 시스템
""수동 모드""를 직접 조작하여 원하는 방식으로 게임을 플레이하거나, ""커맨더 모드""를 통해 팀에게 전략적인 지시를 내릴 수 있습니다!
커맨더 모드를 통해 플레이어에게 다양한 전략적 지시를 내릴 수 있어 누구든 경기를 간편하게 즐길 수 있게 됩니다!
자신에게 맞는 스타일을 찾아 경기에 뛰어들고 놀라운 특수 동작으로 승리를 쟁취하세요!

✦ 우정 스테이션
INAZUMA ELEVEN 시리즈의 추억이 담긴 오브젝트를 자유롭게 배치하여 자신만의 ""우정 마을""을 건설해 보세요!
아바타를 커스터마이징하고, 친구들을 초대하여 사교 활동을 즐기거나 경기를 진행할 수 있습니다!
커스텀 제작 아바타는 경기에서도 사용할 수 있습니다!

✦ MAPPA를 통해 활기를 찾은 궁극의 애니메이션 경험
애니메이션 스튜디오 MAPPA와 협력하여 인게임 애니메이션 컷신이 제작되었습니다!
시리즈 역사상 가장 긴 애니메이션 상영 시간을 자랑하며 새로운 경지에 도전하는 강렬한 스토리가 있습니다.",INAZUMA ELEVEN: Victory Road,LEVEL5 Inc.,"https://store-images.s-microsoft.com/image/apps.1372.14460551261725800.f43db729-91cd-4b10-b612-f722149ccb7b.589added-5c70-4d21-b6e5-065b79606aa3,https://store-images.s-microsoft.com/image/apps.60504.14460551261725800.f43db729-91cd-4b10-b612-f722149ccb7b.3b4c8b5d-1b21-45cd-a604-6f527bc364d0,https://store-images.s-microsoft.com/image/apps.47522.14460551261725800.f43db729-91cd-4b10-b612-f722149ccb7b.32281da7-70fc-4ffd-90a4-f432dd4972eb,https://store-images.s-microsoft.com/image/apps.47522.14460551261725800.f43db729-91cd-4b10-b612-f722149ccb7b.32281da7-70fc-4ffd-90a4-f432dd4972eb,https://store-images.s-microsoft.com/image/apps.46024.14460551261725800.f43db729-91cd-4b10-b612-f722149ccb7b.9bba549e-1ffb-4900-b367-f62d14db6e86,https://store-images.s-microsoft.com/image/apps.50295.14460551261725800.f43db729-91cd-4b10-b612-f722149ccb7b.ad8f7e7d-cf29-4957-a2e2-77f6476217a1,https://store-images.s-microsoft.com/image/apps.536.14460551261725800.f43db729-91cd-4b10-b612-f722149ccb7b.5e6cc86d-14e5-4af8-b4dd-2b958022e6a5,https://store-images.s-microsoft.com/image/apps.35731.14460551261725800.f43db729-91cd-4b10-b612-f722149ccb7b.f7fdfd84-207a-464f-850f-32a69d1e8627,https://store-images.s-microsoft.com/image/apps.47386.14460551261725800.f43db729-91cd-4b10-b612-f722149ccb7b.829de0f4-3365-4122-ae78-f0fd2afe29e3,https://store-images.s-microsoft.com/image/apps.29939.14460551261725800.f43db729-91cd-4b10-b612-f722149ccb7b.792ef48e-92ba-4b84-85d6-891385426a4b,https://store-images.s-microsoft.com/image/apps.26414.14460551261725800.f43db729-91cd-4b10-b612-f722149ccb7b.64c3e2e5-0b63-49b9-9bdf-8161b8a56103,https://store-images.s-microsoft.com/image/apps.11237.14460551261725800.f43db729-91cd-4b10-b612-f722149ccb7b.782eb80f-d789-4836-851a-0dad53c5ce88,https://store-images.s-microsoft.com/image/apps.2874.14460551261725800.f43db729-91cd-4b10-b612-f722149ccb7b.58c0a0cd-fdcf-4986-a2b4-e8b2b40433fb,https://store-images.s-microsoft.com/image/apps.38904.14460551261725800.f43db729-91cd-4b10-b612-f722149ccb7b.84173b2c-768c-4c55-b78e-b5b9d4829f8a","롤플레잉,액션,어드벤처,스포츠",xbox
SpongeBob SquarePants: Titans of the Tide,http://www.xbox.com/ko-KR/games/store/64sk66qo67cu7keaioykpo2psoyngouwptog67cu64uk7j2yioqxsoyduoutpa/9NS8WJHD5MTW/0017,https://www.xbox.com/ko-KR/games/store/64sk66qo67cu7keaioykpo2psoyngouwptog67cu64uk7j2yioqxsoyduoutpa/9MSNTXX00XML/0010,2025-11-18,https://store-images.s-microsoft.com/image/apps.31005.13824164727858907.4178310a-643f-4494-b6f0-99df4f474ef6.3478a23d-3ad9-4753-acc9-c8ebf7455562,"칠대양에서 가장 자존심이 센 두 존재의 싸움을 어떻게 막아야 할까요? 바다도깨비와 용왕이 충돌하며 비키니 시티 전역에 오싹한 대혼란이 퍼졌습니다. 스폰지밥과 뚱이는 모든 힘과 용기, 그리고 굳이 덧붙이자면... 재치까지 끌어모아야 합니다. 바다속 세상의 평범한 일상을 되찾아야 하니까요! 비키니 시티의 가장 악명 높은 콤비와 함께 최고로 오싹한 모험을 떠나보세요!

스폰지밥과 뚱이 사이를 마음껏 오가며 플레이하세요.
스폰지밥과 뚱이의 독특한 플랫포밍 능력을 조합하세요.
뚱이의 새 능력인 갈고리와 땅 파기의 달인이 되어보세요!
오싹한 새 이야기를 경험하세요.
프로그램 오리지널 출연진이 전체 더빙에 참여했습니다!
용궁, 비키니 산 같은 명소를 방문해 보세요.
바다도깨비, 용왕, 겨울잠 다람이 등 엄청난 보스들과 맞서 싸우세요.","SpongeBob SquarePants: Titans of the Tide,네모바지 스폰지밥: 바다의 거인들",Purple Lamp GmbH,"https://store-images.s-microsoft.com/image/apps.31005.13824164727858907.4178310a-643f-4494-b6f0-99df4f474ef6.3478a23d-3ad9-4753-acc9-c8ebf7455562,https://store-images.s-microsoft.com/image/apps.48184.13824164727858907.4178310a-643f-4494-b6f0-99df4f474ef6.ddde62d4-59da-4009-826e-8c3d75a37d0e,https://store-images.s-microsoft.com/image/apps.3454.13824164727858907.6bb74dee-7ebf-4a27-8bcd-9dbbf3adc4d2.e6d4a26b-0863-450f-b096-4c2d8cd160ca,https://store-images.s-microsoft.com/image/apps.11222.13824164727858907.6bb74dee-7ebf-4a27-8bcd-9dbbf3adc4d2.9dc0c80c-83f4-4aea-abb6-12edc68e5646,https://store-images.s-microsoft.com/image/apps.62401.13824164727858907.6bb74dee-7ebf-4a27-8bcd-9dbbf3adc4d2.7af05d17-3c23-4761-b879-0519eac46516,https://store-images.s-microsoft.com/image/apps.32641.13824164727858907.6bb74dee-7ebf-4a27-8bcd-9dbbf3adc4d2.e6a5d3a6-3837-460d-8cf5-c22dda388daf,https://store-images.s-microsoft.com/image/apps.47872.13824164727858907.6bb74dee-7ebf-4a27-8bcd-9dbbf3adc4d2.a3dff73b-c74d-4d48-903a-b21c418a2f40,https://store-images.s-microsoft.com/image/apps.4097.13824164727858907.6bb74dee-7ebf-4a27-8bcd-9dbbf3adc4d2.b6b49139-297d-44dd-ab37-ea4c80c1578a","플랫포머,액션,어드벤처",xbox
SpongeBob SquarePants: Titans of the Tide,http://www.xbox.com/ko-KR/games/store/64sk66qo67cu7keaioykpo2psoyngouwptog67cu64uk7j2yioqxsoyduoutpcatioycoougusdrljtsp4dthlgg7jeq65su7iwy/9NN4BRFP74DM/0017,https://www.xbox.com/ko-KR/games/store/64sk66qo67cu7keaioykpo2psoyngouwptog67cu64uk7j2yioqxsoyduoutpa/9MSNTXX00XML/0010,2025-11-18,https://store-images.s-microsoft.com/image/apps.31005.13824164727858907.4178310a-643f-4494-b6f0-99df4f474ef6.3478a23d-3ad9-4753-acc9-c8ebf7455562,"칠대양에서 가장 자존심이 센 두 존재의 싸움을 어떻게 막아야 할까요? 바다도깨비와 용왕이 충돌하며 비키니 시티 전역에 오싹한 대혼란이 퍼졌습니다. 스폰지밥과 뚱이는 모든 힘과 용기, 그리고 굳이 덧붙이자면... 재치까지 끌어모아야 합니다. 바다속 세상의 평범한 일상을 되찾아야 하니까요! 비키니 시티의 가장 악명 높은 콤비와 함께 최고로 오싹한 모험을 떠나보세요!

스폰지밥과 뚱이 사이를 마음껏 오가며 플레이하세요.
스폰지밥과 뚱이의 독특한 플랫포밍 능력을 조합하세요.
뚱이의 새 능력인 갈고리와 땅 파기의 달인이 되어보세요!
오싹한 새 이야기를 경험하세요.
프로그램 오리지널 출연진이 전체 더빙에 참여했습니다!
용궁, 비키니 산 같은 명소를 방문해 보세요.
바다도깨비, 용왕, 겨울잠 다람이 등 엄청난 보스들과 맞서 싸우세요.","SpongeBob SquarePants: Titans of the Tide,네모바지 스폰지밥: 바다의 거인들",Purple Lamp GmbH,"https://store-images.s-microsoft.com/image/apps.31005.13824164727858907.4178310a-643f-4494-b6f0-99df4f474ef6.3478a23d-3ad9-4753-acc9-c8ebf7455562,https://store-images.s-microsoft.com/image/apps.48184.13824164727858907.4178310a-643f-4494-b6f0-99df4f474ef6.ddde62d4-59da-4009-826e-8c3d75a37d0e,https://store-images.s-microsoft.com/image/apps.3454.13824164727858907.6bb74dee-7ebf-4a27-8bcd-9dbbf3adc4d2.e6d4a26b-0863-450f-b096-4c2d8cd160ca,https://store-images.s-microsoft.com/image/apps.11222.13824164727858907.6bb74dee-7ebf-4a27-8bcd-9dbbf3adc4d2.9dc0c80c-83f4-4aea-abb6-12edc68e5646,https://store-images.s-microsoft.com/image/apps.62401.13824164727858907.6bb74dee-7ebf-4a27-8bcd-9dbbf3adc4d2.7af05d17-3c23-4761-b879-0519eac46516,https://store-images.s-microsoft.com/image/apps.32641.13824164727858907.6bb74dee-7ebf-4a27-8bcd-9dbbf3adc4d2.e6a5d3a6-3837-460d-8cf5-c22dda388daf,https://store-images.s-microsoft.com/image/apps.47872.13824164727858907.6bb74dee-7ebf-4a27-8bcd-9dbbf3adc4d2.a3dff73b-c74d-4d48-903a-b21c418a2f40,https://store-images.s-microsoft.com/image/apps.4097.13824164727858907.6bb74dee-7ebf-4a27-8bcd-9dbbf3adc4d2.b6b49139-297d-44dd-ab37-ea4c80c1578a","플랫포머,액션,어드벤처",xbox
Project Motor Racing,http://www.xbox.com/ko-KR/games/store/project-motor-racing-xbox/9PGCN7J4NGRH/0017,https://www.xbox.com/ko-KR/games/store/project-motor-racing-xbox/9P6P724SLKDQ/0010,2025-11-25,https://store-images.s-microsoft.com/image/apps.30626.14335463876962095.24967c32-2d22-4a8e-9fa9-da6a2f328836.d309ea01-8abb-4743-b520-f7f232894efb,"Project Motor Racing은 프로 모터스포츠의 열정과 아름다움, 강렬함을 완벽하게 구현합니다.

최고만을 경험하라
여러 시대를 아우르는 10개의 상징적인 클래스와 27개의 글로벌 트랙에서, 정교하게 재현된 총 70+대의 자동차로 질주하세요.

* 자동차: 현대의 혁신적인 LMDh 하이퍼카부터 모터스포츠 역사상 가장 상징적인 전설까지, 모든 차량이 공식 라이선스를 받은 걸작입니다.
* 서킷: 스캔을 통해 궁극의 정확도와 현실감을 선사합니다.

누구나 즐길 수 있는 레이싱
Project Motor Racing은 숙련된 시뮬레이션 레이서부터 입문자에 이르기까지 모두를 위한 경험을 제공합니다.
* 싱글 플레이어 커리어
* 온라인 레이싱 모드
 * 게임 내 이벤트
* 4개 클래스가 어우러지는 레이스 경험

진화한 시뮬레이션
* 퍼스트 프린시플 피직스: 새로운 물리 엔진이 비교 불가능한 수준으로 현실적인 핸들링과 적확한 포스 피드백을 제공합니다.
* 새로운 기준이 되는 물리 엔진: 모딩 친화적인 GIANTS Engine 10을 기반으로 구축되었습니다.
* 팩토리 드라이버 프로그램: 모든 자동차의 핸들링을 브랜드 파트너 및 세계 최정상급 프로 레이서 100여 명이 직접 테스트하고 승인했습니다.
* 몰입형 사운드 디자인: 모터스포츠의 거칠고 강렬한 사운드를 이제껏 경험하지 못한 수준으로 구현했습니다.

한 순간도 놓치지 않는다
* 중력가속도, 아지랑이 등을 볼 수 있는 """"살아 숨 쉬는"""" 콕핏.
* True2Track
 - 동적 날씨 변화
 - 적응형 레이싱 라인 및 드라잉 라인
 - 24시간 밤낮 주기",Project Motor Racing,Straight4 Studios,"https://store-images.s-microsoft.com/image/apps.30626.14335463876962095.24967c32-2d22-4a8e-9fa9-da6a2f328836.d309ea01-8abb-4743-b520-f7f232894efb,https://store-images.s-microsoft.com/image/apps.61217.14335463876962095.24967c32-2d22-4a8e-9fa9-da6a2f328836.7c18e266-257a-4c76-9c3c-eb397e00178a,https://store-images.s-microsoft.com/image/apps.39222.14335463876962095.24967c32-2d22-4a8e-9fa9-da6a2f328836.aceee732-7184-4377-a054-7c02653f31b8,https://store-images.s-microsoft.com/image/apps.60481.14335463876962095.24967c32-2d22-4a8e-9fa9-da6a2f328836.1342ff8c-ceae-4b6c-bd76-9373aaa35c53,https://store-images.s-microsoft.com/image/apps.25240.14335463876962095.24967c32-2d22-4a8e-9fa9-da6a2f328836.32340854-535e-4083-a0cd-5a04a88ee70e,https://store-images.s-microsoft.com/image/apps.23063.14335463876962095.24967c32-2d22-4a8e-9fa9-da6a2f328836.a453c0d0-e6d8-4dae-9293-ed40c86bc6bb,https://store-images.s-microsoft.com/image/apps.16834.14335463876962095.24967c32-2d22-4a8e-9fa9-da6a2f328836.a161589a-5897-4062-a7ac-de43b6b49c7f,https://store-images.s-microsoft.com/image/apps.5485.14335463876962095.24967c32-2d22-4a8e-9fa9-da6a2f328836.90441e6f-8f2c-44a6-878e-2010fa44f228","레이싱,비행,시뮬레이션",xbox
Project Motor Racing,http://www.xbox.com/ko-KR/games/store/project-motor-racing-pc/9P7WWN2TKXJL/0017,https://www.xbox.com/ko-KR/games/store/project-motor-racing-pc/9N2XKPMJXGR5/0010,2025-11-25,https://store-images.s-microsoft.com/image/apps.30626.13943416539923208.9ecdbf6b-ed4c-41c5-8ca9-5ca2a8550b25.0599631b-317e-4ee6-b160-81072d62bc02,"Project Motor Racing은 프로 모터스포츠의 열정과 아름다움, 강렬함을 완벽하게 구현합니다.

최고만을 경험하라
여러 시대를 아우르는 10개의 상징적인 클래스와 27개의 글로벌 트랙에서, 정교하게 재현된 총 70+대의 자동차로 질주하세요.

* 자동차: 현대의 혁신적인 LMDh 하이퍼카부터 모터스포츠 역사상 가장 상징적인 전설까지, 모든 차량이 공식 라이선스를 받은 걸작입니다.
* 서킷: 스캔을 통해 궁극의 정확도와 현실감을 선사합니다.

누구나 즐길 수 있는 레이싱
Project Motor Racing은 숙련된 시뮬레이션 레이서부터 입문자에 이르기까지 모두를 위한 경험을 제공합니다.
* 싱글 플레이어 커리어
* 온라인 레이싱 모드
 * 게임 내 이벤트
* 4개 클래스가 어우러지는 레이스 경험

진화한 시뮬레이션
* 퍼스트 프린시플 피직스: 새로운 물리 엔진이 비교 불가능한 수준으로 현실적인 핸들링과 적확한 포스 피드백을 제공합니다.
* 새로운 기준이 되는 물리 엔진: 모딩 친화적인 GIANTS Engine 10을 기반으로 구축되었습니다.
* 팩토리 드라이버 프로그램: 모든 자동차의 핸들링을 브랜드 파트너 및 세계 최정상급 프로 레이서 100여 명이 직접 테스트하고 승인했습니다.
* 몰입형 사운드 디자인: 모터스포츠의 거칠고 강렬한 사운드를 이제껏 경험하지 못한 수준으로 구현했습니다.

한 순간도 놓치지 않는다
* 중력가속도, 아지랑이 등을 볼 수 있는 """"살아 숨 쉬는"""" 콕핏.
* True2Track
 - 동적 날씨 변화
 - 적응형 레이싱 라인 및 드라잉 라인
 - 24시간 밤낮 주기
* 트리플 스크린 및 VR(PC) 지원",Project Motor Racing,Straight4 Studios,"https://store-images.s-microsoft.com/image/apps.30626.13943416539923208.9ecdbf6b-ed4c-41c5-8ca9-5ca2a8550b25.0599631b-317e-4ee6-b160-81072d62bc02,https://store-images.s-microsoft.com/image/apps.61217.13943416539923208.9ecdbf6b-ed4c-41c5-8ca9-5ca2a8550b25.f3f8b2ab-0504-400b-b3db-e224d2e20e0a,https://store-images.s-microsoft.com/image/apps.39222.13943416539923208.9ecdbf6b-ed4c-41c5-8ca9-5ca2a8550b25.edbac59c-e771-4ac1-9a36-cdda61099147,https://store-images.s-microsoft.com/image/apps.60481.13943416539923208.9ecdbf6b-ed4c-41c5-8ca9-5ca2a8550b25.fb50fac9-94f6-4d15-8247-022a74179de2,https://store-images.s-microsoft.com/image/apps.25240.13943416539923208.9ecdbf6b-ed4c-41c5-8ca9-5ca2a8550b25.0230e2cd-7c5f-4f2a-9748-04b558323837,https://store-images.s-microsoft.com/image/apps.23063.13943416539923208.9ecdbf6b-ed4c-41c5-8ca9-5ca2a8550b25.d42f0386-7961-4472-a619-c275d435e43d,https://store-images.s-microsoft.com/image/apps.16834.13943416539923208.9ecdbf6b-ed4c-41c5-8ca9-5ca2a8550b25.7a4d5ee9-982e-4c08-8732-da982af50133,https://store-images.s-microsoft.com/image/apps.5485.13943416539923208.9ecdbf6b-ed4c-41c5-8ca9-5ca2a8550b25.cf1d30c1-f1d0-4334-8607-81af4affeb89","레이싱,비행,시뮬레이션",xbox
OCTOPATH TRAVELER 0,http://www.xbox.com/ko-KR/games/store/0-octopath-traveler-0/9N5PJHZ88G5V/0017,https://www.xbox.com/ko-KR/games/store/0-octopath-traveler-0/9PLDTCZ8V7SN/0010,2025-12-04,https://store-images.s-microsoft.com/image/apps.2454.14319397985189815.76e48ada-b04d-4bfd-8835-33c0c9f55285.a19c0b55-f9cc-4eb0-b70a-0c253d0c71f2,"【상품 개요】
전 세계 판매량 500만 장을 돌파한 RPG 「옥토패스 트래블러」 시리즈 최신작. 
오르스테라 대륙을 무대로 삼아, 신의 반지를 둘러싸고 벌어지는 복수와 재건의 이야기가 펼쳐진다. 

도트 아트와 3D CG를 융합한 그래픽 표현인 「HD-2D」, 플레이어가 원하는 대로 사용할 수 있는 「필드 커맨드」, 플레이어의 전략으로 전황을 뒤집을 수 있는 「브레이크&부스트」 등, 옥토패스 트래블러 시리즈의 특징적인 시스템이 본작에서도 유지된다. 
또한, 시리즈 최초로 유저가 주인공을 만들 수 있는 「캐릭터 생성」 및 고향을 재건하는 「마을 개발」 등의 새로운 시스템도 추가되었다. 

복수의 길을 걸을 것인가, 재건의 길을 개척할 것인가…
선택은 오로지 당신에게 달렸다. 
여행을 떠나자. 당신이 만드는 이야기로…

【특징】
(1) 이 작품의 주인공은 바로 당신이다. 외모, 목소리, 머리 모양은 물론이고, 몸짓이나 좋아하는 요리까지 설정할 수 있는 「캐릭터 생성」 시스템으로 나의 분신을 만들어 보자. 

(2) 고향 마을을 재건하는 「마을 개발」도 새롭게 등장! 동료들이나 여행지에서 만난 사람들을 마을로 이주시켜서 나만의 마을을 만들어 보자. 

(3) 전략적이면서 호쾌한 배틀을 즐길 수 있는 「8명 편성 커맨드 배틀」. 30명 이상의 동료 중에서 나만의 파티를 편성해 보자. 

(4) 「필드 커맨드」를 사용해서 내 마을에 초대하거나, 마을 사람들과 배틀을 하거나, 아이템을 입수하는 등, 어디에 가고 무엇을 할지는 오로지 당신에게 달려 있다. 

(5) 어빌리티를 장비처럼 장착하거나 변경할 수 있는 「셀렉트 어빌리티」 시스템도 새롭게 등장하여 동료를 성장시켜서 얻은 기술을 다른 동료가 익히게 할 수도 있다.","OCTOPATH TRAVELER 0,옥토패스 트래블러 0","SQUARE ENIX CO., LTD.","https://store-images.s-microsoft.com/image/apps.2454.14319397985189815.76e48ada-b04d-4bfd-8835-33c0c9f55285.a19c0b55-f9cc-4eb0-b70a-0c253d0c71f2,https://store-images.s-microsoft.com/image/apps.1302.14319397985189815.76e48ada-b04d-4bfd-8835-33c0c9f55285.ad753688-da3b-4171-bcda-6e5eb0638b81,https://store-images.s-microsoft.com/image/apps.7762.14319397985189815.76e48ada-b04d-4bfd-8835-33c0c9f55285.ebc08a63-a444-4a09-8845-159cf1198252,https://store-images.s-microsoft.com/image/apps.42567.14319397985189815.76e48ada-b04d-4bfd-8835-33c0c9f55285.3a5e9a03-74b3-4662-8fb0-31791c92d1f3,https://store-images.s-microsoft.com/image/apps.12519.14319397985189815.76e48ada-b04d-4bfd-8835-33c0c9f55285.37d8973d-de5b-47d9-9d80-4523ff797164,https://store-images.s-microsoft.com/image/apps.7898.14319397985189815.76e48ada-b04d-4bfd-8835-33c0c9f55285.133f9cba-ba06-456d-928f-713023c8ae1d,https://store-images.s-microsoft.com/image/apps.3275.14319397985189815.76e48ada-b04d-4bfd-8835-33c0c9f55285.92f6ea3b-5ef9-4988-b023-db6c82ab1f75,https://store-images.s-microsoft.com/image/apps.46459.14319397985189815.76e48ada-b04d-4bfd-8835-33c0c9f55285.96677023-9c41-4bf2-86ef-10626769bb55,https://store-images.s-microsoft.com/image/apps.23898.14319397985189815.76e48ada-b04d-4bfd-8835-33c0c9f55285.8de9d3c3-e303-4998-9c26-03e5d7e6bee6,https://store-images.s-microsoft.com/image/apps.9537.14319397985189815.76e48ada-b04d-4bfd-8835-33c0c9f55285.141daea4-3cfa-46bd-9a4e-9795caab0394,https://store-images.s-microsoft.com/image/apps.13642.14319397985189815.76e48ada-b04d-4bfd-8835-33c0c9f55285.60cd4699-e391-496f-93dc-ef6ec820dbd1,https://store-images.s-microsoft.com/image/apps.38689.14319397985189815.76e48ada-b04d-4bfd-8835-33c0c9f55285.151babb3-9cba-467b-86fc-f79aaaf03cf5,https://store-images.s-microsoft.com/image/apps.50219.14319397985189815.76e48ada-b04d-4bfd-8835-33c0c9f55285.aa71fdaf-e29a-459f-b141-3985ea7d2786,https://store-images.s-microsoft.com/image/apps.38698.14319397985189815.76e48ada-b04d-4bfd-8835-33c0c9f55285.79ee024b-378a-476f-a6b2-d087d63aae6a",롤플레잉,xbox
